{
  "sample_summary": {
    "sample_id": "1-0",
    "tri_view_label": 1,
    "slm_final_vote": 1,
    "confidence": 0.4,
    "referee_label": 1
  },
  "debate_dynamics": {
    "dominant_agent": "A",
    "least_agent": "C"
  },
  "_rounds": {
    "R1": {
      "A": {
        "label": 1,
        "self_conf": 0.2,
        "rationale": "The anomaly detected in the tri-view label is an anomaly with a tri-view label of 1 (anomaly) and confidence of 0.2. The cluster ID is 30, with a size of 2001, a density of 3.7207025592792387, and a distance of 0.47144329124071155. The time was Weekday (Friday).",
        "key_features": [
          "dst_ip_freq: high",
          "dns_domain_name_freq: -0.7119602307056717"
        ],
        "cluster_novel": "unknown",
        "cluster_reason": "unknown",
        "alt_hypothesis": "burst scan",
        "attack_ref": "DDoS"
      },
      "B": {
        "label": 1,
        "self_conf": 0.2,
        "rationale": "I agree with the tri-view label because the cluster ID is 30, which is a known anomaly.",
        "key_features": "dst_ip_freq: 0.962, dns_domain_name_freq: -0.711, duration: -0.192, max_packets_len: 0.693",
        "cluster_novel": "no",
        "cluster_reason": "low density",
        "alt_hypothesis": "false positive",
        "attack_ref": "DDoS"
      },
      "C": {
        "label": 1,
        "self_conf": 0.2,
        "rationale": "High packet frequency during weekdays",
        "key_features": "dst_ip_freq: high",
        "cluster_novel": "no",
        "cluster_reason": "Low density",
        "alt_hypothesis": "Possible malware activity",
        "attack_ref": "Malware detected"
      }
    },
    "R2": {
      "A": {
        "self_conf_before": 0.2,
        "peer_scores": 0.2,
        "critique": "I agree with the tri-view label because the cluster ID is 30, which is a known anomaly. High packet frequency during weekdays",
        "revise_label": {
          "changed": true,
          "new_label": 1,
          "reason": "High packet frequency during weekdays"
        },
        "self_conf_after": 0.2,
        "clarifying_question": "What is the reason for the peer's change in label from 1 to 1 based on the tri-view label and peer predictions?"
      },
      "B": {
        "self_conf_before": 0.2,
        "peer_scores": 0.2,
        "critique": "I agree with the tri-view label because the cluster ID is    30, which is a known anomaly.",
        "changed": false,
        "new_label": 1,
        "reason": "I changed my label because the cluster ID is    30, which is a known anomaly.",
        "self_conf_after": 0.2,
        "clarifying_question": "What is the cluster ID of the anomaly?"
      },
      "C": {
        "self_conf_before": 0.2,
        "peer_scores": [
          0.2,
          0.2
        ],
        "critique": "The rationale suggests an anomaly, but the cluster density and distance are not consistent with typical malware activity. Further analysis may be needed to confirm the anomaly.",
        "changed": false,
        "new_label": 1,
        "reason": "Anomaly detected in tri-view label, but cluster characteristics suggest a possible false positive.",
        "self_conf_after": 0.4,
        "clarifying_question": "Could the cluster density and distance be influenced by factors other than the anomaly itself?"
      }
    },
    "R3": {
      "A": {
        "need_more_info": true,
        "questions": [
          {
            "label": "What is the cluster ID of the anomaly?",
            "self_conf": 0.2,
            "rationale": "The rationale suggests an anomaly, but the cluster density and distance are not consistent with typical malware activity. Further analysis may be needed to confirm the anomaly.",
            "clarifying_question": "What is the cluster ID of the anomaly, based on the tri-view label and peer predictions?"
          }
        ]
      },
      "B": {
        "label": 1,
        "self_conf": 0.4,
        "rationale": "The rationale suggests an anomaly, but the cluster density and distance are not consistent with typical malware activity. Further analysis may be needed to confirm the anomaly.",
        "key_features": "dst_ip_freq: 0.962, dns_domain_name_freq: -0.711, duration: -0.192, max_packets_len: 0.693",
        "cluster_novel": "no",
        "cluster_reason": "low density",
        "alt_hypothesis": "false positive",
        "attack_ref": "DDoS"
      },
      "C": {
        "need_more_info": false,
        "questions": [
          "What is the reason for the peer's change in label from 1 to 1 based on the tri-view label and peer predictions?"
        ]
      }
    },
    "judge": {
      "final_label": 1,
      "confidence": 0.4,
      "winning_agent": "B",
      "reason": "Agent B's rationale is consistent with the tri-view label and provides additional key features to support the anomaly detection. The cluster ID being a known anomaly also adds weight to the argument."
    }
  }
}