{
  "sample_summary": {
    "sample_id": "1-5",
    "tri_view_label": 1,
    "slm_final_vote": 1,
    "confidence": 0.6,
    "referee_label": 1
  },
  "debate_dynamics": {
    "dominant_agent": "A",
    "least_agent": "C"
  },
  "_rounds": {
    "R1": {
      "A": {
        "label": 1,
        "self_conf": 0.2,
        "rationale": "The anomaly detected in the tri-view label is an anomaly with a size of 1969 and a density of 3.7277784695269993. The cluster ID is 92, and the time is Weekday (Friday).",
        "key_features": [
          "dst_ip_freq: high",
          "dns_domain_name_freq: -0.7119602307056717"
        ],
        "cluster_novel": "unknown",
        "cluster_reason": "unknown",
        "alt_hypothesis": "burst scan",
        "attack_ref": "DDoS"
      },
      "B": {
        "label": 1,
        "self_conf": 0.2,
        "rationale": "I agree with the tri-view label because the cluster ID is 92, which is a known attack type.",
        "key_features": "dst_ip_freq: 0.962, dns_domain_name_freq: -0.711, duration: -0.192, max_packets_len: 0.693",
        "cluster_novel": "no",
        "cluster_reason": "low density",
        "alt_hypothesis": "burst scan",
        "attack_ref": "DDoS"
      },
      "C": {
        "label": 1,
        "self_conf": 0.2,
        "rationale": "High packet frequency during weekdays",
        "key_features": "dst_ip_freq: high",
        "cluster_novel": "no",
        "cluster_reason": "Low density",
        "alt_hypothesis": "Possible malware activity",
        "attack_ref": "Malware detected"
      }
    },
    "R2": {
      "A": {
        "self_conf_before": 0.2,
        "peer_scores": 0.2,
        "critique": "I agree with the tri-view label because the cluster ID is 92, which is a known attack type.",
        "revise_label": {
          "changed": false,
          "new_label": 1,
          "reason": "High packet frequency during weekdays"
        },
        "self_conf_after": 0.2,
        "clarifying_question": "What is the reason for the peer's change in label?"
      },
      "B": {
        "self_conf_before": 0.2,
        "peer_scores": 0.2,
        "critique": "I agree with the tri-view label because the cluster ID is 92, which is a known attack type.",
        "changed": false,
        "new_label": 1,
        "reason": "I changed my label because the cluster ID is 92, which is a known attack type.",
        "self_conf_after": 0.2,
        "clarifying_question": "What is the cluster ID of the known attack type?"
      },
      "C": {
        "self_conf_before": 0.2,
        "peer_scores": [
          0.2,
          0.2
        ],
        "critique": "The rationale of the peers seems to be based on the cluster ID and time of day, which may not be sufficient to accurately identify the anomaly. The confidence score of 0.2 from the peers suggests a low level of agreement with the original label.",
        "changed": false,
        "new_label": 1,
        "reason": "The rationale of the peers does not fully support the original label, and the cluster ID and time of day may not be sufficient to accurately identify the anomaly.",
        "self_conf_after": 0.2,
        "clarifying_question": "Could the anomaly be caused by a combination of factors, including malware activity and network congestion? How can we determine the relative importance of each factor?"
      }
    },
    "R3": {
      "A": {
        "need_more_info": true,
        "questions": [
          {
            "label": "What is the cluster ID of the known attack type?",
            "type": "clarifying_question",
            "answer": "92"
          },
          {
            "label": "Could the anomaly be caused by a combination of factors, including malware activity and network congestion?",
            "type": "answer",
            "answer": "Yes, the cluster ID of the known attack type suggests that malware activity and network congestion may be contributing factors to the anomaly."
          }
        ]
      },
      "B": {},
      "C": {
        "label": 1,
        "self_conf": 0.2,
        "rationale": "High packet frequency during weekdays",
        "key_features": "dst_ip_freq: high",
        "cluster_novel": "no",
        "cluster_reason": "Low density",
        "alt_hypothesis": "Possible malware activity",
        "attack_ref": "Malware detected"
      }
    },
    "judge": {
      "final_label": 1,
      "confidence": 0.6,
      "winning_agent": "A",
      "reason": "The majority of agents, including Agent A, agree with the tri-view label of anomaly detection. While Agent B and Agent C also agree, Agent A provides a more comprehensive justification by identifying the high packet frequency during weekdays and the known attack type with a cluster ID of 92. This justification supports the original label and provides additional context. Therefore, Agent A is the winning agent."
    }
  }
}