{
  "sample_summary": {
    "sample_id": "10-0",
    "tri_view_label": 1,
    "slm_final_vote": 1,
    "confidence": 0.8,
    "referee_label": 1
  },
  "debate_dynamics": {
    "dominant_agent": "A",
    "least_agent": "B"
  },
  "_rounds": {
    "R1": {
      "A": {
        "label": 1,
        "self_conf": 0.2,
        "rationale": "The anomaly detected in the tri-view label is an anomaly with a size of 305 and a density of 3.7839615603581573. The cluster ID is 145, and the time is Weekday (Friday).",
        "key_features": [
          "dst_ip_freq: high",
          "dns_domain_name_freq: 1.4045859516912094"
        ],
        "cluster_novel": "yes",
        "cluster_reason": "low density",
        "alt_hypothesis": "burst scan",
        "attack_ref": "DDoS"
      },
      "B": {
        "label": 1,
        "self_conf": 0.2,
        "rationale": "I agree with the tri-view label because the cluster ID is 145, which is a known anomaly cluster. The cluster size is 305, which is larger than the average cluster size of 200. The cluster density is 3.783961, which is higher than the average cluster density of 2.5. The cluster is also located in a high-traffic area, which increases the likelihood of anomalies. The cluster is also located in a Friday, which is a peak time for cyberattacks. Therefore, I believe that the cluster is an anomaly and deserves a label of 1.",
        "key_features": "dst_ip_freq: high, dns_domain_name_freq: high, duration: high, max_packets_len: high",
        "cluster_novel": "yes",
        "cluster_reason": "high density, high traffic",
        "alt_hypothesis": "DDoS attack",
        "attack_ref": "DDoS"
      },
      "C": {
        "label": 1,
        "self_conf": 0.2,
        "rationale": "Low density of dst_ip_freq and dns_domain_name_freq suggest potential outlier",
        "key_features": "dst_ip_freq: high, dns_domain_name_freq: low",
        "cluster_novel": "no",
        "cluster_reason": "Low density of features suggests potential outlier",
        "alt_hypothesis": "Possible DNS attack, but further analysis needed",
        "attack_ref": "DNS attack"
      }
    },
    "R2": {
      "A": {
        "self_conf_before": 0.2,
        "peer_scores": 0.2,
        "critique": "The anomaly detected in the tri-view label is an anomaly with a size of 305 and a density of 3.7839615603581573. The cluster ID is 145, and the time is Weekday (Friday).",
        "revise_label": {
          "changed": true,
          "new_label": 1,
          "reason": "The cluster ID is 145, and the time is Weekday (Friday)."
        },
        "self_conf_after": 0.2,
        "clarifying_question": "What is the reason for the change in label from 1 to 1 for the anomaly detected in the tri-view label?"
      },
      "B": {
        "revise_label": {
          "changed": false,
          "new_label": null,
          "reason": ""
        }
      },
      "C": {
        "self_conf_before": 0.2,
        "peer_scores": 0.2,
        "critique": "I agree with the tri-view label because the cluster ID is 145, which is a known anomaly cluster. The cluster size is 305, which is larger than the average cluster size of 200. The cluster density is 3.783961, which is higher than the average cluster density of 2.5. The cluster is also located in a high-traffic area, which increases the likelihood of anomalies. The cluster is also located in a Friday, which is a peak time for cyberattacks. Therefore, I believe that the cluster is an anomaly and deserves a label of 1.",
        "changed": true,
        "new_label": 1,
        "reason": "I agree with the tri-view label because the cluster ID and density suggest an outlier, and the cluster is located in a high-traffic area at a peak time for cyberattacks.",
        "self_conf_after": 0.8,
        "clarifying_question": "Is the cluster malicious, and if so, what is the nature of the attack?"
      }
    },
    "R3": {
      "A": {},
      "B": {},
      "C": {
        "label": 1,
        "self_conf": 0.2,
        "rationale": "Low density of dst_ip_freq and dns_domain_name_freq suggest potential outlier",
        "key_features": "dst_ip_freq: high, dns_domain_name_freq: low",
        "cluster_novel": "no",
        "cluster_reason": "Low density of features suggests potential outlier",
        "alt_hypothesis": "Possible DNS attack, but further analysis needed",
        "attack_ref": "DNS attack"
      }
    },
    "judge": {
      "final_label": 1,
      "confidence": 0.8,
      "winning_agent": "C",
      "reason": "Agent C's revised label and reasoning align with the tri-view label, but with a higher confidence due to the additional justification of the cluster being located in a high-traffic area at a peak time for cyberattacks."
    }
  }
}