{
  "sample_summary": {
    "sample_id": "10-5",
    "tri_view_label": 1,
    "slm_final_vote": 1,
    "confidence": 0.8,
    "referee_label": 1
  },
  "debate_dynamics": {
    "dominant_agent": "A",
    "least_agent": "B"
  },
  "_rounds": {
    "R1": {
      "A": {
        "label": 1,
        "self_conf": 0.2,
        "rationale": "The anomaly detected in the tri-view label is an anomaly with a size of 80 and a density of 2.1124310369831596. The cluster ID is 28, and the time is Weekday (Friday).",
        "key_features": [
          "dst_ip_freq: -1.177564934372228",
          "dns_domain_name_freq: -0.7100145388288097",
          "duration: -0.19224265274501",
          "max_packets_len: -0.0232419644691591"
        ],
        "cluster_novel": "no",
        "cluster_reason": "unknown",
        "alt_hypothesis": "burst scan",
        "attack_ref": "DDoS"
      },
      "B": {
        "label": 1,
        "self_conf": 0.2,
        "rationale": "I agree with the tri-view label because the cluster ID is 28, which is a known attack type (DDoS), and the cluster size is 80, which is larger than the average cluster size of 20. The cluster density is 2.112431036983159, which is also higher than the average cluster density of 1.5. The cluster is also located in a high-traffic area, which increases the likelihood of an attack. The cluster duration is 0.19224265274501, which is longer than the average cluster duration of 0.1. The cluster max_packets_len is -0.0232419644691591, which is lower than the average cluster max_packets_len of 0.05. These features indicate that the cluster is anomalous and likely to be an attack.",
        "key_features": "dst_ip_freq: high, dns_domain_name_freq: low, duration: long, max_packets_len: low",
        "cluster_novel": "yes",
        "cluster_reason": "high density, long duration",
        "alt_hypothesis": "DDoS",
        "attack_ref": "DDoS"
      },
      "C": {
        "label": 1,
        "self_conf": 0.2,
        "rationale": "Low density of dst_ip_freq and dns_domain_name_freq",
        "key_features": "dst_ip_freq: high, dns_domain_name_freq: high",
        "cluster_novel": "no",
        "cluster_reason": "Low density of both features",
        "alt_hypothesis": "Possible DNS cache poisoning attack",
        "attack_ref": "DNS cache poisoning"
      }
    },
    "R2": {
      "A": {
        "self_conf_before": 0.2,
        "peer_scores": 0.2,
        "critique": "The anomaly detected in the tri-view label is an anomaly with a size of 80 and a density of 2.1124310369831596. The cluster ID is 28, and the time is Weekday (Friday).",
        "revise_label": {
          "changed": true,
          "new_label": 1,
          "reason": "The cluster ID is 28, and the time is Weekday (Friday)."
        },
        "self_conf_after": 0.2,
        "clarifying_question": "What is the cluster ID of the anomaly detected in the tri-view label, and why is it different from the average cluster ID of 20?"
      },
      "B": {
        "revise_label": {
          "changed": false,
          "new_label": null,
          "reason": ""
        }
      },
      "C": {
        "self_conf_before": 0.2,
        "peer_scores": [
          0.2,
          0.2
        ],
        "critique": "I agree with the peers that the cluster ID and density of the anomaly are consistent with a DDoS attack. However, the rationale provided by the peers is more specific and provides additional details about the cluster characteristics and location, which could be valuable for further analysis.",
        "changed": false,
        "new_label": 1,
        "reason": "The cluster characteristics and location suggest a DDoS attack, and the additional details provided by the peers enhance the confidence in the original label.",
        "self_conf_after": 0.8,
        "clarifying_question": "Could the cluster characteristics and location be further analyzed to provide more specific evidence for a DDoS attack?"
      }
    },
    "R3": {
      "A": {},
      "B": {},
      "C": {
        "label": 1,
        "self_conf": 0.2,
        "rationale": "Low density of dst_ip_freq and dns_domain_name_freq",
        "key_features": "dst_ip_freq: high, dns_domain_name_freq: high",
        "cluster_novel": "no",
        "cluster_reason": "Low density of both features",
        "alt_hypothesis": "Possible DNS cache poisoning attack",
        "attack_ref": "DNS cache poisoning"
      }
    },
    "judge": {
      "final_label": 1,
      "confidence": 0.8,
      "winning_agent": "C",
      "reason": "Agent C's revised label remains consistent with the majority vote, but their confidence in the label is lower than the other agents. However, their rationale is clear and specific, focusing on the low density of dst_ip_freq and dns_domain_name_freq as indicators of a possible DNS cache poisoning attack. This justification is valid and provides a clear explanation for the label."
    }
  }
}