{
  "sample_summary": {
    "sample_id": "11-0",
    "tri_view_label": 0,
    "slm_final_vote": 0,
    "confidence": 0.6,
    "referee_label": 0
  },
  "debate_dynamics": {
    "dominant_agent": "A",
    "least_agent": "C"
  },
  "_rounds": {
    "R1": {
      "A": {
        "label": 0,
        "self_conf": 0.2,
        "rationale": "The maximum number of packets sent in a single direction is 373, with a density of 2.1565967565786637. The cluster ID is 119, with a size of 373 and a density of 2.1565967565786637.",
        "key_features": [
          "dst_ip_freq: -1.177564934372228",
          "dns_domain_name_freq: -0.7119602307056717",
          "duration: -0.1921014616705506",
          "max_packets_len: -0.1666678958171047"
        ],
        "cluster_novel": "yes",
        "cluster_reason": "unusual size",
        "alt_hypothesis": "false positive",
        "attack_ref": "DDoS"
      },
      "B": {
        "label": 0,
        "self_conf": 0.2,
        "rationale": "I agree with the tri-view label because the cluster ID is 119, which is a known cluster, and the cluster is dense and close to the source IP.",
        "key_features": "dst_ip_freq: high, dns_domain_name_freq: low, duration: long, max_packets_len: high",
        "cluster_novel": "no",
        "cluster_reason": "high density",
        "alt_hypothesis": "false positive",
        "attack_ref": "DDoS"
      },
      "C": {
        "label": 0,
        "self_conf": 0.2,
        "rationale": "Low packet density on Friday",
        "key_features": "dst_ip_freq: high",
        "cluster_novel": "no",
        "cluster_reason": "Low density",
        "alt_hypothesis": "Possibly due to high traffic on Friday",
        "attack_ref": "unknown"
      }
    },
    "R2": {
      "A": {
        "self_conf_before": 0.2,
        "peer_scores": 0.2,
        "critique": "The maximum number of packets sent in a single direction is 373, with a density of 2.1565967565786637. The cluster ID is 119, with a size of 373 and a density of 2.1565967565786637. The cluster is dense and close to the source IP. The label is re-evaluated considering the peer responses. The label is changed to 0. The new label is 0. The reason for the change is low packet density on Friday.",
        "revise_label": {
          "changed": true,
          "new_label": 0,
          "reason": "Low packet density on Friday"
        },
        "self_conf_after": 0.2,
        "clarifying_question": "What is the new label for the label 0, and why is it changed to 0 due to low packet density on Friday?"
      },
      "B": {
        "self_conf_before": 0.2,
        "peer_scores": 0.2,
        "critique": "I agree with the tri-view label because the cluster ID is    119, which is a known cluster, and the cluster is dense and close to the source IP.",
        "changed": false,
        "new_label": 0,
        "reason": "I changed my label because the cluster ID is 119, which is a known cluster, and the cluster is dense and close to the source IP.",
        "self_conf_after": 0.2,
        "clarifying_question": "What is the source IP?"
      },
      "C": {
        "self_conf_before": 0.2,
        "peer_scores": [
          0.2,
          0.2
        ],
        "critique": "The rationale suggests a possible attack based on the high packet density, but the cluster ID and density are not consistent with a typical attack pattern.",
        "changed": true,
        "new_label": 1,
        "reason": "The cluster density and ID suggest a potential attack, but the rationale lacks further details to confirm the attack type.",
        "self_conf_after": 0.4,
        "clarifying_question": "Could the attack be caused by a combination of factors, including high traffic and a specific cluster?"
      }
    },
    "R3": {
      "A": {},
      "B": {
        "label": 0,
        "self_conf": 0.2,
        "rationale": "I agree with the tri-view label because the cluster ID is 119, which is a known cluster, and the cluster is dense and close to the source IP.",
        "key_features": "dst_ip_freq: high, dns_domain_name_freq: low, duration: long, max_packets_len: high",
        "cluster_novel": "no",
        "cluster_reason": "high density",
        "alt_hypothesis": "false positive",
        "attack_ref": "DDoS"
      },
      "C": {
        "label": 1,
        "self_conf": 0.4,
        "rationale": "High packet density on Friday",
        "key_features": "dst_ip_freq: high",
        "cluster_novel": "no",
        "cluster_reason": "High density",
        "alt_hypothesis": "Possibly due to high traffic on Friday",
        "attack_ref": "unknown"
      }
    },
    "judge": {
      "final_label": 0,
      "confidence": 0.6,
      "winning_agent": "B",
      "reason": "Agent B's label is consistent with the known cluster and its high density, making it the most likely correct label."
    }
  }
}