{
  "sample_summary": {
    "sample_id": "11-1",
    "tri_view_label": 0,
    "slm_final_vote": 1,
    "confidence": 0.8,
    "referee_label": 1
  },
  "debate_dynamics": {
    "dominant_agent": "A",
    "least_agent": "C"
  },
  "_rounds": {
    "R1": {
      "A": {},
      "B": {
        "label": 0,
        "self_conf": 0.2,
        "rationale": "I agree with the tri-view label because the cluster is dense and has a high density.",
        "key_features": "dst_ip_freq: high, dns_domain_name_freq: low, duration: high, max_packets_len: high",
        "cluster_novel": "yes",
        "cluster_reason": "high density",
        "alt_hypothesis": "burst scan",
        "attack_ref": "DDoS"
      },
      "C": {
        "label": 0,
        "self_conf": 0.2,
        "rationale": "Low density of DNS domain names",
        "key_features": "dst_ip_freq: high",
        "cluster_novel": "no",
        "cluster_reason": "Low density of DNS domain names",
        "alt_hypothesis": "Unknown",
        "attack_ref": "Low density of DNS domain names"
      }
    },
    "R2": {
      "A": {
        "self_conf_before": 0.2,
        "peer_scores": 0.2,
        "critique": "I agree with the tri-view label because the cluster is dense and has a high density.",
        "revise_label": {
          "changed": true,
          "new_label": 0,
          "reason": "Low density of DNS domain names"
        },
        "self_conf_after": 0.2,
        "clarifying_question": "Why do you disagree with the tri-view label and suggest a new label?"
      },
      "B": {
        "self_conf_before": 0.2,
        "peer_scores": 0.2,
        "critique": "I agree with the tri-view label because the cluster is dense and has a high density.",
        "changed": false,
        "new_label": 0,
        "reason": "I changed my label because the cluster is dense and has a high density.",
        "self_conf_after": 0.2,
        "clarifying_question": "What is the cluster's density?"
      },
      "C": {
        "self_conf_before": 0.2,
        "peer_scores": [
          0.2,
          0.2
        ],
        "critique": "I agree with the tri-view label because the cluster is dense and has a high density.",
        "changed": true,
        "new_label": 1,
        "reason": "I changed the label to 1 because the revised rationale aligns better with the tri-view label.",
        "self_conf_after": 0.8,
        "clarifying_question": "Is the high density of DNS domain names a security concern for the cluster?"
      }
    },
    "R3": {
      "A": {},
      "B": {},
      "C": {}
    },
    "judge": {
      "final_label": 1,
      "confidence": 0.8,
      "winning_agent": "C",
      "reason": "Agent C's revised rationale aligns better with the tri-view label, and they have the highest confidence after the debate."
    }
  }
}