{
  "sample_summary": {
    "sample_id": "11-3",
    "tri_view_label": 0,
    "slm_final_vote": 0,
    "confidence": 1.0,
    "referee_label": 0
  },
  "debate_dynamics": {
    "dominant_agent": "B",
    "least_agent": "A"
  },
  "_rounds": {
    "R1": {
      "A": {
        "label": 0,
        "self_conf": 0.2,
        "rationale": "The maximum number of packets sent in a single direction is 123, with a density of 2.2952974288122165. The cluster ID is 254, with a size of 123 and a density of 2.2952974288122165.",
        "key_features": [
          "dst_ip_freq: -1.177564934372228",
          "dns_domain_name_freq: -0.7119602307056717"
        ],
        "cluster_novel": "no",
        "cluster_reason": "unknown",
        "alt_hypothesis": "burst scan",
        "attack_ref": "DDoS"
      },
      "B": {
        "label": 0,
        "self_conf": 0.2,
        "rationale": "I agree with the tri-view label because the cluster ID is 254, which is a known benign cluster.",
        "key_features": "dst_ip_freq: -1.177564934372228, dns_domain_name_freq: -0.711960230705671, duration: -0.1918787081609543, max_packets_len: 0.6938876922705691",
        "cluster_novel": "no",
        "cluster_reason": "low density",
        "alt_hypothesis": "burst scan",
        "attack_ref": "unknown"
      },
      "C": {
        "label": 0,
        "self_conf": 0.2,
        "rationale": "Low packet density on Friday",
        "key_features": "dst_ip_freq: high",
        "cluster_novel": "no",
        "cluster_reason": "Low density",
        "alt_hypothesis": "Possibly due to high traffic on Friday",
        "attack_ref": "unknown"
      }
    },
    "R2": {
      "A": {
        "revise_label": {
          "changed": false,
          "new_label": null,
          "reason": ""
        }
      },
      "B": {
        "self_conf_before": 0.2,
        "peer_scores": 0.2,
        "critique": "I agree with the tri-view label because the cluster ID is 254, which is a known benign cluster.",
        "changed": false,
        "new_label": 0,
        "reason": "I changed my label because the cluster ID is 254, which is a known benign cluster.",
        "self_conf_after": 0.2,
        "clarifying_question": "What is the cluster ID?"
      },
      "C": {
        "self_conf_before": 0.2,
        "peer_scores": [
          0.2,
          0.2
        ],
        "critique": "The rationale suggests a possible attack based on the high packet density on Friday, but the cluster ID and tri-view label suggest benign behavior.",
        "changed": true,
        "new_label": 1,
        "reason": "The high packet density on Friday suggests an attack, but the cluster ID and tri-view label suggest benign behavior.",
        "self_conf_after": 0.8,
        "clarifying_question": "Is the high packet density on Friday a significant outlier compared to the average density on other days?"
      }
    },
    "R3": {
      "A": {
        "label": 1,
        "self_conf": 0.8,
        "rationale": "The cluster ID is 254, which is a known benign cluster. The packet density on Friday was 2.2952974288122165, which is higher than the average density on other days. The cluster ID and tri-view label suggest benign behavior.",
        "key_features": [
          "dst_ip_freq: -1.177564934372228",
          "dns_domain_name_freq: -0.7119602307056717"
        ],
        "cluster_novel": "no",
        "cluster_reason": "unknown",
        "alt_hypothesis": "burst scan",
        "attack_ref": "DDoS",
        "revise_label": {
          "changed": false,
          "new_label": null,
          "reason": ""
        }
      },
      "B": {},
      "C": {
        "need_more_info": false,
        "questions": [
          "What is the cluster ID?"
        ]
      }
    },
    "judge": {
      "final_label": 0,
      "confidence": 1.0,
      "winning_agent": "A",
      "reason": "Both Agents A and B agree with the tri-view label that the cluster is benign, with Agent A providing additional evidence of the high packet density on Friday being within the normal range for this cluster. Agent C did not provide a clear rationale for a different label and did not revise their label in response to the new information."
    }
  }
}