{
  "sample_summary": {
    "sample_id": "11-4",
    "tri_view_label": 1,
    "slm_final_vote": 1,
    "confidence": 0.6,
    "referee_label": 1
  },
  "debate_dynamics": {
    "dominant_agent": "A",
    "least_agent": "B"
  },
  "_rounds": {
    "R1": {
      "A": {
        "label": 1,
        "self_conf": 0.2,
        "rationale": "The anomaly detected in the tri-view label is an anomaly with a size of 283 and a density of 3.7648870017986624. The cluster ID is 145, and the time is Weekday (Friday).",
        "key_features": [
          "dst_ip_freq: high",
          "dns_domain_name_freq: 1.4045859516912094"
        ],
        "cluster_novel": "yes",
        "cluster_reason": "low density",
        "alt_hypothesis": "burst scan",
        "attack_ref": "DDoS"
      },
      "B": {
        "label": 1,
        "self_conf": 0.2,
        "rationale": "I agree with the tri-view label because the cluster ID is 145, which is a known anomaly. The cluster size is 283, which is larger than the average cluster size of 200. The density is 3.764887001798662, which is higher than the average density of 2.5. The distance is 0.214575323096, which is closer than the average distance of 0.3. The cluster is also on a Friday, which is a busy day for network traffic. Therefore, I think this is a valid anomaly.",
        "key_features": "dst_ip_freq: high, dns_domain_name_freq: high, duration: high, max_packets_len: high",
        "cluster_novel": "yes",
        "cluster_reason": "high density",
        "alt_hypothesis": "DDoS attack",
        "attack_ref": "DDoS"
      },
      "C": {
        "label": 1,
        "self_conf": 0.2,
        "rationale": "High packet frequency during weekdays",
        "key_features": "dst_ip_freq: high",
        "cluster_novel": "no",
        "cluster_reason": "Low density",
        "alt_hypothesis": "Possible malware activity",
        "attack_ref": "Malware scanning"
      }
    },
    "R2": {
      "A": {
        "self_conf_before": 0.2,
        "peer_scores": 0.2,
        "critique": "The anomaly detected in the tri-view label is an anomaly with a size of 283 and a density of 3.7648870017986624. The cluster ID is 145, and the time is Weekday (Friday). The cluster is also on a Friday, which is a busy day for network traffic. Therefore, I think this is a valid anomaly.",
        "revise_label": {
          "changed": true,
          "new_label": 1,
          "reason": "High packet frequency during weekdays"
        },
        "self_conf_after": 0.2,
        "clarifying_question": "Is the cluster size 283, density 3.7648870017986624, and cluster ID 145, cluster size on a Friday, and cluster density on a busy day for network traffic a valid anomaly?"
      },
      "B": {
        "revise_label": {
          "changed": false,
          "new_label": null,
          "reason": ""
        }
      },
      "C": {
        "self_conf_before": 0.2,
        "peer_scores": 0.2,
        "critique": "I agree with the tri-view label because the cluster ID is 145, which is a known anomaly. The cluster size is 283, which is larger than the average cluster size of 200. The density is 3.7648870017986624, which is higher than the average density of 2.5. The distance is 0.214575323096, which is closer than the average distance of 0.3. The cluster is also on a Friday, which is a busy day for network traffic. Therefore, I think this is a valid anomaly.",
        "changed": false,
        "new_label": 1,
        "reason": "I agree with the tri-view label because the cluster characteristics suggest an anomaly.",
        "self_conf_after": 0.2,
        "clarifying_question": "Could the cluster characteristics be artificially inflated due to the high traffic volume on Friday?"
      }
    },
    "R3": {
      "A": {},
      "B": {},
      "C": {
        "label": 1,
        "self_conf": 0.2,
        "rationale": "High packet frequency during weekdays",
        "key_features": "dst_ip_freq: high",
        "cluster_novel": "no",
        "cluster_reason": "Low density",
        "alt_hypothesis": "Possible malware activity",
        "attack_ref": "Malware scanning"
      }
    },
    "judge": {
      "final_label": 1,
      "confidence": 0.6,
      "winning_agent": "C",
      "reason": "Agent C's hypothesis of 'High packet frequency during weekdays' aligns with the observations of high dst_ip_freq and the fact that the cluster is on a Friday, which is a busy day for network traffic. While Agents A and B also identified valid anomaly characteristics, their justifications did not provide a clear advantage over Agent C's hypothesis."
    }
  }
}