{
  "sample_summary": {
    "sample_id": "11-6",
    "tri_view_label": 1,
    "slm_final_vote": 1,
    "confidence": 0.4,
    "referee_label": 1
  },
  "debate_dynamics": {
    "dominant_agent": "A",
    "least_agent": "C"
  },
  "_rounds": {
    "R1": {
      "A": {
        "label": 1,
        "self_conf": 0.2,
        "rationale": "The anomaly detected in the tri-view label is an anomaly with a tri-view label of 1 (anomaly) and confidence of 0.2. The cluster ID is 130, with a size of 339, a density of 3.387298658286868, and a distance of 0.3295025354330442.",
        "key_features": [
          "dst_ip_freq: -0.3183606169854546",
          "dns_domain_name_freq: 1.4045859516912094"
        ],
        "cluster_novel": "no",
        "cluster_reason": "unknown",
        "alt_hypothesis": "burst scan",
        "attack_ref": "DDoS"
      },
      "B": {
        "label": 1,
        "self_conf": 0.2,
        "rationale": "I agree with the tri-view label because the cluster ID is 130, which is a known anomaly cluster. The cluster has a high density and is close to the source, which is a strong indication of an attack.",
        "key_features": "dst_ip_freq: high, dns_domain_name_freq: high, duration: high, max_packets_len: high",
        "cluster_novel": "yes",
        "cluster_reason": "high density",
        "alt_hypothesis": "DDoS attack",
        "attack_ref": "DDoS"
      },
      "C": {
        "label": 1,
        "self_conf": 0.2,
        "rationale": "High packet frequency during weekdays",
        "key_features": "dst_ip_freq: high",
        "cluster_novel": "no",
        "cluster_reason": "Low density",
        "alt_hypothesis": "Possible malware activity",
        "attack_ref": "Malware"
      }
    },
    "R2": {
      "A": {
        "self_conf_before": 0.2,
        "peer_scores": 0.2,
        "critique": "The anomaly detected in the tri-view label is an anomaly with a tri-view label of 1 (anomaly) and confidence of 0.2. The cluster ID is 130, with a size of 339, a density of 3.387298658286868, and a distance of 0.3295025354330442.",
        "revise_label": {
          "changed": true,
          "new_label": 1,
          "reason": "The cluster ID is 130, with a size of 339, a density of 3.387298658286868, and a distance of 0.3295025354330442."
        },
        "self_conf_after": 0.2,
        "clarifying_question": "The anomaly detected in the tri-view label is an anomaly with a tri-view label of 1 (anomaly) and confidence of 0.2. The cluster ID is 130, with a size of 339, a density of 3.387298658286868, and a distance of 0.3295025354330442."
      },
      "B": {
        "self_conf_before": 0.2,
        "peer_scores": 0.2,
        "critique": "I agree with the tri-view label because the cluster ID is 130, which is a known anomaly cluster. The cluster has a high density and is close to the source, which is a strong indication of an attack.",
        "changed": true,
        "new_label": 1,
        "reason": "I changed my label because the cluster ID is a known anomaly cluster.",
        "self_conf_after": 0.2,
        "clarifying_question": "What is the cluster ID of the known anomaly cluster?"
      },
      "C": {
        "self_conf_before": 0.2,
        "peer_scores": [
          0.2,
          0.2
        ],
        "critique": "I agree with the peers that the anomaly detected in the tri-view label is an anomaly with a tri-view label of 1 and confidence of 0.2. However, I have a higher confidence score (0.2) based on my rationale, which includes the key features and cluster information.",
        "changed": false,
        "new_label": 1,
        "reason": "I have a higher confidence score based on the additional features and cluster information that the peers did not consider.",
        "self_conf_after": 0.4,
        "clarifying_question": "Could the observed anomalies be caused by a legitimate but rare event, such as a bot bot or a malfunctioning device?"
      }
    },
    "R3": {
      "A": {},
      "B": {},
      "C": {
        "label": 1,
        "self_conf": 0.2,
        "rationale": "High packet frequency during weekdays",
        "key_features": "dst_ip_freq: high",
        "cluster_novel": "no",
        "cluster_reason": "Low density",
        "alt_hypothesis": "Possible malware activity",
        "attack_ref": "Malware"
      }
    },
    "judge": {
      "final_label": 1,
      "confidence": 0.4,
      "winning_agent": "C",
      "reason": "Agent C's rationale of high packet frequency during weekdays, along with the key feature of high dst_ip_freq, provides a stronger justification for the anomaly being an anomaly compared to the other agents' arguments."
    }
  }
}