{
  "sample_summary": {
    "sample_id": "11-7",
    "tri_view_label": 1,
    "slm_final_vote": 1,
    "confidence": 0.8,
    "referee_label": 1
  },
  "debate_dynamics": {
    "dominant_agent": "A",
    "least_agent": "B"
  },
  "_rounds": {
    "R1": {
      "A": {
        "label": 1,
        "self_conf": 0.2,
        "rationale": "The anomaly detected in the tri-view label is an anomaly with a tri-view label of 1 (anomaly) and confidence of 0.2. The cluster ID is 76, with size of 118, density of 4.366615466622106, and distance of 0.2829573061602311.",
        "key_features": [
          "dst_ip_freq: high",
          "dns_domain_name_freq: low"
        ],
        "cluster_novel": "yes",
        "cluster_reason": "low density",
        "alt_hypothesis": "burst scan",
        "attack_ref": "DDoS"
      },
      "B": {
        "label": 1,
        "self_conf": 0.2,
        "rationale": "I agree with the tri-view label because the cluster ID is 76, which is a known attack type (DDoS) and the cluster size is 118, which is larger than the average cluster size of 4.366. The cluster density is 4.366, which is also higher than the average cluster density of 4.366. The cluster is also located in a high-traffic area, which increases the likelihood of an attack. The cluster is also located on a Friday, which is a common day for attacks. Therefore, I believe that the cluster is an anomaly and should be investigated further.",
        "key_features": "dst_ip_freq: high, dns_domain_name_freq: low, duration: long, max_packets_len: high",
        "cluster_novel": "yes",
        "cluster_reason": "high density, high traffic area, common day for attacks",
        "alt_hypothesis": "DDoS attack",
        "attack_ref": "DDoS"
      },
      "C": {
        "label": 1,
        "self_conf": 0.2,
        "rationale": "High packet frequency during weekdays",
        "key_features": "dst_ip_freq: high",
        "cluster_novel": "no",
        "cluster_reason": "Low density",
        "alt_hypothesis": "Possible malware activity",
        "attack_ref": "Malware detected"
      }
    },
    "R2": {
      "A": {
        "self_conf_before": 0.2,
        "peer_scores": 0.2,
        "critique": "The anomaly detected in the tri-view label is an anomaly with a tri-view label of 1 (anomaly) and confidence of 0.2. The cluster ID is 76, with size of 118, density of 4.366615466622106, and distance of 0.2829573061602311. The cluster is also located on a Friday, which is a common day for attacks. Therefore, I believe that the cluster is an anomaly and should be investigated further.",
        "revise_label": {
          "changed": true,
          "new_label": 1,
          "reason": "The cluster ID is 76, with size of 118, density of 4.366615466622106, and distance of 0.2829573061602311. The cluster is also located on a Friday, which is a common day for attacks. Therefore, I believe that the cluster is an anomaly and should be investigated further."
        },
        "self_conf_after": 0.2,
        "clarifying_question": "What is the significance of the cluster ID being 76, with size of 118, density of 4.366615466622106, and distance of 0.2829573061602311, and why is it an anomaly?"
      },
      "B": {
        "revise_label": {
          "changed": false,
          "new_label": null,
          "reason": ""
        }
      },
      "C": {
        "self_conf_before": 0.2,
        "peer_scores": 0.2,
        "critique": "I agree with the peers that the cluster is an anomaly and should be investigated further. My rationale aligns with their explanation that the cluster is located in a high-traffic area and has specific characteristics that are associated with DDoS attacks.",
        "changed": true,
        "new_label": 1,
        "reason": "I have confirmed that the cluster characteristics and location suggest an anomaly that warrants further investigation based on the peers' explanation.",
        "self_conf_after": 0.8,
        "clarifying_question": "What additional information or context could be relevant to understanding the cause of the anomaly?"
      }
    },
    "R3": {
      "A": {},
      "B": {},
      "C": {
        "label": 1,
        "self_conf": 0.2,
        "rationale": "High packet frequency during weekdays",
        "key_features": "dst_ip_freq: high",
        "cluster_novel": "no",
        "cluster_reason": "Low density",
        "alt_hypothesis": "Possible malware activity",
        "attack_ref": "Malware detected"
      }
    },
    "judge": {
      "final_label": 1,
      "confidence": 0.8,
      "winning_agent": "C",
      "reason": "Agent C's confidence increased significantly in Round 2, and their rationale aligns with the initial anomaly detection. While Agents A and B also identified the anomaly, Agent C's revised label and increased confidence make their argument the strongest."
    }
  }
}