{
  "sample_summary": {
    "sample_id": "11-8",
    "tri_view_label": 1,
    "slm_final_vote": 1,
    "confidence": 0.8,
    "referee_label": 1
  },
  "debate_dynamics": {
    "dominant_agent": "A",
    "least_agent": "B"
  },
  "_rounds": {
    "R1": {
      "A": {
        "label": 1,
        "self_conf": 0.2,
        "rationale": "The anomaly detected in the tri-view label is an anomaly with a size of 646 and a density of 1.97687301917387. The cluster ID is 58, and the time is Weekday (Friday).",
        "key_features": [
          "dst_ip_freq: high",
          "dns_domain_name_freq: high"
        ],
        "cluster_novel": "unknown",
        "cluster_reason": "unknown",
        "alt_hypothesis": "burst scan",
        "attack_ref": "DDoS"
      },
      "B": {
        "label": 1,
        "self_conf": 0.2,
        "rationale": "I agree with the tri-view label because the cluster ID is 58, which is a known attack type.",
        "key_features": "dst_ip_freq: high, dns_domain_name_freq: low, duration: long, max_packets_len: high",
        "cluster_novel": "yes",
        "cluster_reason": "low density",
        "alt_hypothesis": "burst scan",
        "attack_ref": "DDoS"
      },
      "C": {
        "label": 1,
        "self_conf": 0.2,
        "rationale": "Low density of DNS domain names",
        "key_features": "dst_ip_freq: high",
        "cluster_novel": "no",
        "cluster_reason": "Low density of DNS domain names",
        "alt_hypothesis": "Unknown",
        "attack_ref": "Low density of DNS domain names"
      }
    },
    "R2": {
      "A": {
        "self_conf_before": 0.2,
        "peer_scores": 0.2,
        "critique": "I agree with the tri-view label because the cluster ID is 58, which is a known attack type.",
        "revise_label": {
          "changed": true,
          "new_label": 1,
          "reason": "Low density of DNS domain names"
        },
        "self_conf_after": 0.2,
        "clarifying_question": "Why did the peer reviewer change their label from 1 to 1?"
      },
      "B": {
        "revise_label": {
          "changed": false,
          "new_label": null,
          "reason": ""
        }
      },
      "C": {
        "self_conf_before": 0.2,
        "peer_scores": [
          0.2,
          0.2
        ],
        "critique": "I agree with the tri-view label because the cluster ID is 58, which is a known attack type.",
        "changed": true,
        "new_label": 1,
        "reason": "I changed the label to 1 because the new label has a higher confidence and the cluster ID is more specific to the attack type.",
        "self_conf_after": 0.8,
        "clarifying_question": "Is the cluster ID the only factor that determines the label of an anomaly? If not, what other factors could contribute to the anomaly?"
      }
    },
    "R3": {
      "A": {
        "need_more_info": true,
        "questions": [
          "Why did the peer reviewer change their label from 1 to 1?",
          "What other factors could contribute to the anomaly besides the cluster ID?",
          "Is the cluster ID the only factor that determines the label of an anomaly, or are there other factors involved?"
        ]
      },
      "B": {},
      "C": {
        "label": 1,
        "self_conf": 0.2,
        "rationale": "Low density of DNS domain names",
        "key_features": "dst_ip_freq: high",
        "cluster_novel": "no",
        "cluster_reason": "Low density of DNS domain names",
        "alt_hypothesis": "Unknown",
        "attack_ref": "Low density of DNS domain names"
      }
    },
    "judge": {
      "final_label": 1,
      "confidence": 0.8,
      "winning_agent": "C",
      "reason": "Agent C's label and confidence were revised based on the peer reviewer's critique, which specifically mentioned the low density of DNS domain names as a factor contributing to the anomaly. This factor was also present in Agent C's initial submission. Therefore, Agent C's revised submission provides a more comprehensive justification for the anomaly label."
    }
  }
}