{
  "sample_summary": {
    "sample_id": "12-2",
    "tri_view_label": 0,
    "slm_final_vote": 1,
    "confidence": 0.8,
    "referee_label": 1
  },
  "debate_dynamics": {
    "dominant_agent": "A",
    "least_agent": "B"
  },
  "_rounds": {
    "R1": {
      "A": {
        "label": 0,
        "self_conf": 0.2,
        "rationale": "The attacker used a combination of IP addresses with high frequency in the DNS domain name and low frequency in the DDoS attack. The attacker also used a high duration and a low packet length. The attacker's tri-view label is 0 (normal) and the cluster ID is 250 with a size of 227, density of 2.008152462872775, and a distance of 0.45880082513530407.",
        "key_features": [
          "dst_ip_freq: high",
          "dns_domain_name_freq: high"
        ],
        "cluster_novel": "no",
        "cluster_reason": "unusual size",
        "alt_hypothesis": "false positive",
        "attack_ref": "unknown"
      },
      "B": {
        "label": 0,
        "self_conf": 0.2,
        "rationale": "I agree with the tri-view label because the cluster ID is 250, which is a known benign cluster. The cluster has a high density and is located on a Friday, which is a normal day for network traffic. The cluster also has a low duration and a short max_packets_len, which are typical features of benign traffic. The cluster has no known attack type, so I think it is a false positive.",
        "key_features": "dst_ip_freq: high, dns_domain_name_freq: low, duration: short, max_packets_len: short",
        "cluster_novel": "no",
        "cluster_reason": "low density",
        "alt_hypothesis": "burst scan",
        "attack_ref": "unknown"
      },
      "C": {
        "label": 0,
        "self_conf": 0.2,
        "rationale": "Low packet density on Friday",
        "key_features": "dst_ip_freq: high",
        "cluster_novel": "no",
        "cluster_reason": "Low density",
        "alt_hypothesis": "Possibly due to high traffic on Friday",
        "attack_ref": "unknown"
      }
    },
    "R2": {
      "A": {
        "self_conf_before": 0.2,
        "peer_scores": 0.2,
        "critique": "The attacker used a combination of IP addresses with high frequency in the DNS domain name and low frequency in the DDoS attack. The attacker also used a high duration and a low packet length. The attacker's tri-view label is 0 (normal) and the cluster ID is 250 with a size of 227, density of 2.008152462872775, and a distance of 0.45880082513530407. The cluster's novelty is no, and the cluster's reason for being novel is unusual size. The cluster's alt hypothesis is false positive, and the attack's reason for being unusual is a low packet density on Friday. The attack's alt hypothesis is false positive, and the cluster's reason for being unusual is a false positive.",
        "key_features": [
          "dst_ip_freq: high",
          "dns_domain_name_freq: high"
        ],
        "cluster_novel": "no",
        "cluster_reason": "unusual size",
        "alt_hypothesis": "false positive",
        "attack_ref": "unknown",
        "self_conf_after": 0.2,
        "clarifying_question": "What are the features of the cluster that make it unusual and what is the reason for its being unusual?"
      },
      "B": {
        "revise_label": {
          "changed": false,
          "new_label": null,
          "reason": ""
        }
      },
      "C": {
        "self_conf_before": 0.2,
        "peer_scores": [
          0.2,
          0.2
        ],
        "critique": "I agree with the peers that the tri-view label is 0, which suggests a false positive. The cluster ID, density, duration, and packet length all align with typical values for benign traffic on a Friday. Additionally, the lack of known attack type further supports the conclusion that it is a false positive.",
        "changed": false,
        "new_label": 1,
        "reason": "I have revised my label to 1, indicating a false positive based on the peers' analysis.",
        "self_conf_after": 0.8,
        "clarifying_question": "Is there any additional information or context that could contribute to the false positive?"
      }
    },
    "R3": {
      "A": {},
      "B": {
        "need_more_info": false,
        "questions": []
      },
      "C": {
        "label": 1,
        "self_conf": 0.8,
        "rationale": "High packet density on Friday",
        "key_features": "dst_ip_freq: low",
        "cluster_novel": "no",
        "cluster_reason": "High density",
        "alt_hypothesis": "Possibly due to high traffic on Friday",
        "attack_ref": "unknown"
      }
    },
    "judge": {
      "final_label": 1,
      "confidence": 0.8,
      "winning_agent": "C",
      "reason": "Agent C's revised label of 'false positive' is based on the peers' consensus and his increased confidence. The high packet density on a Friday, as noted by Agent C, is an explanation for the false positive."
    }
  }
}