{
  "sample_summary": {
    "sample_id": "12-3",
    "tri_view_label": 0,
    "slm_final_vote": 1,
    "confidence": 0.8,
    "referee_label": 1
  },
  "debate_dynamics": {
    "dominant_agent": "A",
    "least_agent": "A"
  },
  "_rounds": {
    "R1": {
      "A": {
        "label": 0,
        "self_conf": 0.2,
        "rationale": "The maximum number of packets sent in a single direction is 2,000. The average number of packets sent in a single direction is 1,985. The density of the cluster is 1.985820482350681, which is higher than the density of the cluster ID 58 (0.2). The cluster ID 58 has a size of 518, a density of 1.985820482350681, and a distortion of 0.23821730265129948.",
        "key_features": [
          "dst_ip_freq: -1.177564934372228",
          "dns_domain_name_freq: -0.7119602307056717",
          "duration: -0.19224265274501",
          "max_packets_len: -2.4614827973842357"
        ],
        "cluster_novel": "unknown",
        "cluster_reason": "unusual size",
        "alt_hypothesis": "false positive",
        "attack_ref": "unknown"
      },
      "B": {
        "label": 0,
        "self_conf": 0.2,
        "rationale": "I agree with the tri-view label because the cluster ID is 58, which is a known attack type.",
        "key_features": "dst_ip_freq: high, dns_domain_name_freq: low, duration: short, max_packets_len: high",
        "cluster_novel": "yes",
        "cluster_reason": "low density",
        "alt_hypothesis": "burst scan",
        "attack_ref": "DDoS"
      },
      "C": {
        "label": 0,
        "self_conf": 0.2,
        "rationale": "Low packet density on Friday",
        "key_features": "dst_ip_freq: high",
        "cluster_novel": "no",
        "cluster_reason": "Low density",
        "alt_hypothesis": "Possibly due to high traffic on Friday",
        "attack_ref": "unknown"
      }
    },
    "R2": {
      "A": {
        "revise_label": {
          "changed": false,
          "new_label": null,
          "reason": ""
        }
      },
      "B": {
        "revise_label": {
          "changed": false,
          "new_label": null,
          "reason": ""
        }
      },
      "C": {
        "self_conf_before": 0.2,
        "peer_scores": [
          0.2,
          0.2
        ],
        "critique": "The rationale suggests an attack, but the specific details and cluster ID do not align with typical attack patterns.",
        "changed": true,
        "new_label": 1,
        "reason": "The cluster density is higher than the average cluster density, which suggests an attack might be present.",
        "self_conf_after": 0.8,
        "clarifying_question": "Could the attack be due to a combination of factors, including high traffic and a specific cluster configuration?"
      }
    },
    "R3": {
      "A": {
        "label": 1,
        "self_conf": 0.8,
        "rationale": "The maximum number of packets sent in a single direction is 2,000. The average number of packets sent in a single direction is 1,985. The density of the cluster is 1.985820482350681, which is higher than the density of the cluster ID 58 (0.2). The cluster ID 58 has a size of 518, a density of 1.985820482350681, and a distortion of 0.23821730265129948.",
        "key_features": [
          "dst_ip_freq: -1.177564934372228",
          "dns_domain_name_freq: -0.7119602307056717",
          "duration: -0.19224265274501",
          "max_packets_len: -2.4614827973842357"
        ],
        "cluster_novel": "unknown",
        "cluster_reason": "unusual size",
        "alt_hypothesis": "false positive",
        "attack_ref": "unknown",
        "revise_label": {
          "changed": false,
          "new_label": null,
          "reason": ""
        }
      },
      "B": {},
      "C": {
        "need_more_info": true,
        "questions": [
          "Could the attack be due to a combination of factors, including high traffic and a specific cluster configuration?"
        ]
      }
    },
    "judge": {
      "final_label": 1,
      "confidence": 0.8,
      "winning_agent": "A",
      "reason": "Agent A's rationale provides evidence of an anomaly based on the cluster's density and size, which is higher than the average cluster density. Additionally, Agent C's critique and questions do not provide sufficient information to change the label."
    }
  }
}