{
  "sample_summary": {
    "sample_id": "12-4",
    "tri_view_label": 1,
    "slm_final_vote": 1,
    "confidence": 0.4,
    "referee_label": 1
  },
  "debate_dynamics": {
    "dominant_agent": "A",
    "least_agent": "B"
  },
  "_rounds": {
    "R1": {
      "A": {
        "label": 1,
        "self_conf": 0.2,
        "rationale": "The anomaly detected in the tri-view label is an anomaly with a tri-view label of 1 (anomaly) and confidence of 0.2. The cluster ID is 31, with a size of 385, a density of 2.129615438031795, and a distance of 0.32833812910497623. The time was Weekday (Friday).",
        "key_features": [
          "dst_ip_freq: -1.177564934372228",
          "dns_domain_name_freq: -0.7119602307056717",
          "duration: -0.19224265274501",
          "max_packets_len: -3.1786124541239635"
        ],
        "cluster_novel": "unknown",
        "cluster_reason": "unknown",
        "alt_hypothesis": "burst scan",
        "attack_ref": "DDoS"
      },
      "B": {
        "label": 1,
        "self_conf": 0.2,
        "rationale": "I agree with the tri-view label because the cluster ID is 31, which is a known anomaly cluster. The cluster size is 385, which is larger than the average cluster size of 250. The cluster density is 2.129615438031795, which is higher than the average cluster density of 1.5. The cluster is also located in a high-traffic area, which increases the likelihood of anomalies. The cluster is also located in a Friday, which is a busy day for network traffic. Therefore, I believe that this is an anomaly.",
        "key_features": "dst_ip_freq: -1.177564934372228, dns_domain_name_freq: -0.711960230705671, duration: -0.19224265274501, max_packets_len: -3.178612454123963",
        "cluster_novel": "yes",
        "cluster_reason": "high density",
        "alt_hypothesis": "false positive",
        "attack_ref": "DDoS"
      },
      "C": {
        "label": 1,
        "self_conf": 0.2,
        "rationale": "Low packet density on Friday",
        "key_features": "dst_ip_freq: high,duration: negative",
        "cluster_novel": "no",
        "cluster_reason": "Low density",
        "alt_hypothesis": "Possibly malicious activity",
        "attack_ref": "unknown"
      }
    },
    "R2": {
      "A": {
        "self_conf_before": 0.2,
        "peer_scores": 0.2,
        "critique": "The anomaly detected in the tri-view label is an anomaly with a tri-view label of 1 (anomaly) and confidence of 0.2. The cluster ID is 31, with a size of 385, a density of 2.129615438031795, and a distance of 0.32833812910497623. The time was Weekday (Friday).",
        "key_features": [
          "dst_ip_freq: -1.177564934372228",
          "dns_domain_name_freq: -0.7119602307056717",
          "duration: -0.19224265274501",
          "max_packets_len: -3.1786124541239635"
        ],
        "cluster_novel": "unknown",
        "cluster_reason": "unknown",
        "alt_hypothesis": "burst scan",
        "attack_ref": "DDoS",
        "confidence": 0.2,
        "rationale": "I agree with the tri-view label because the cluster ID is 31, which is a known anomaly cluster. The cluster size is 385, which is larger than the average cluster size of 250. The cluster density is 2.129615438031795, which is higher than the average cluster density of 1.5. The cluster is also located in a high-traffic area, which increases the likelihood of anomalies. The cluster is also located in a Friday, which is a busy day for network traffic. Therefore, I believe that this is an anomaly."
      },
      "B": {
        "revise_label": {
          "changed": false,
          "new_label": null,
          "reason": ""
        }
      },
      "C": {
        "self_conf_before": 0.2,
        "peer_scores": 0.2,
        "critique": "I agree with the peers that the anomaly detected in the tri-view label is an anomaly with a tri-view label of 1 (anomaly) and confidence of 0.2. However, I have a different rationale based on the cluster characteristics and time of day. My revised rationale is that the cluster is located in a high-traffic area on a busy day, which increases the likelihood of anomalies. Therefore, I believe that this is an anomaly.",
        "changed": true,
        "new_label": 1,
        "reason": "Location in high-traffic area on busy day",
        "self_conf_after": 0.4,
        "clarifying_question": "How can we determine the significance of the cluster density and distance of the anomaly in this case?"
      }
    },
    "R3": {
      "A": {},
      "B": {},
      "C": {
        "label": 1,
        "self_conf": 0.2,
        "rationale": "Low packet density on Friday",
        "key_features": "dst_ip_freq: high,duration: negative",
        "cluster_novel": "no",
        "cluster_reason": "Low density",
        "alt_hypothesis": "Possibly malicious activity",
        "attack_ref": "unknown"
      }
    },
    "judge": {
      "final_label": 1,
      "confidence": 0.4,
      "winning_agent": "C",
      "reason": "Agent C's rationale of 'Low packet density on Friday' is a valid justification for considering the anomaly as an anomaly, especially since the cluster is located in a high-traffic area on a busy day. This reasoning aligns with the general understanding that anomalies are more likely to occur in high-traffic areas and during busy days."
    }
  }
}