{
  "sample_summary": {
    "sample_id": "12-5",
    "tri_view_label": 1,
    "slm_final_vote": 1,
    "confidence": 0.5,
    "referee_label": null
  },
  "debate_dynamics": {
    "dominant_agent": "A",
    "least_agent": "B"
  },
  "_rounds": {
    "R1": {
      "A": {
        "label": 1,
        "self_conf": 0.2,
        "rationale": "The anomaly detected in the tri-view label is an anomaly with a size of 154 and a density of 2.430417986879013. The cluster ID is 254, and the time is Weekday (Friday).",
        "key_features": [
          "dst_ip_freq: -1.177564934372228",
          "dns_domain_name_freq: -0.7119602307056717",
          "duration: -0.1922203819042899",
          "max_packets_len: 0.6938876922705691"
        ],
        "cluster_novel": "no",
        "cluster_reason": "unknown",
        "alt_hypothesis": "burst scan",
        "attack_ref": "DDoS"
      },
      "B": {},
      "C": {
        "label": 1,
        "self_conf": 0.2,
        "rationale": "Low packet density on Friday",
        "key_features": "dst_ip_freq: high",
        "cluster_novel": "no",
        "cluster_reason": "Low density",
        "alt_hypothesis": "Possibly malicious activity",
        "attack_ref": "Low density attack"
      }
    },
    "R2": {
      "A": {
        "self_conf_before": 0.2,
        "peer_scores": 0.2,
        "critique": "Low packet density on Friday",
        "revise_label": {
          "changed": false,
          "new_label": 1,
          "reason": "Low packet density on Friday"
        },
        "self_conf_after": 0.2,
        "clarifying_question": "What is the reason for the peer's label change regarding the packet density on Friday?"
      },
      "B": {
        "revise_label": {
          "changed": false,
          "new_label": null,
          "reason": ""
        }
      },
      "C": {
        "self_conf_before": 0.2,
        "peer_scores": [
          0.2,
          null
        ],
        "critique": "The rationale suggests a possible malicious activity, but the cluster size and time of day are not consistent with typical anomalies.",
        "changed": true,
        "new_label": 1,
        "reason": "The cluster size and time of day suggest a possible malicious activity, but the low density and lack of other anomalies in the tri-view label make it an outlier.",
        "self_conf_after": 0.8,
        "clarifying_question": "Could the cluster size and time of day be influenced by factors other than the anomaly itself, such as network traffic patterns or malware distribution?"
      }
    },
    "R3": {
      "A": {},
      "B": {},
      "C": {}
    },
    "judge": {
      "_raw_output": "{\n  \"final_label\": 1,\n  \"confidence\": 0.8,\n  \"winning_agent\": \"C\",\n  \"reason\": \"Agent C's revised label and justification are based on a more comprehensive analysis of the data, considering both the anomalous behavior and the context of the tri-view label. Agent C's critique of Agent A's rationale also raises valid concerns about the consistency of the anomaly with typical anomalies. Although Agent A's initial label and rationale were not incorrect, they were not as strong as Agent C's analysis.\""
    }
  }
}