{
  "sample_summary": {
    "sample_id": "12-6",
    "tri_view_label": 0,
    "slm_final_vote": 0,
    "confidence": 0.5,
    "referee_label": null
  },
  "debate_dynamics": {
    "dominant_agent": "A",
    "least_agent": "B"
  },
  "_rounds": {
    "R1": {
      "A": {},
      "B": {
        "label": 0,
        "self_conf": 0.2,
        "rationale": "I agree with the tri-view label because the cluster ID is 58, which is a normal cluster. The cluster size is 518, density is 1.985, and the distance is 0.459. The time is a weekday, which is also normal. The cluster has key features like high dst_ip_freq, low dns_domain_name_freq, short duration, and low max_packets_len. The cluster is novel because it has a low density and a shifted center. The cluster reason is that it is a normal cluster with some unusual features. The benign hypothesis is that it is a normal cluster with some unusual features. The attack reference is unknown."
      },
      "C": {
        "label": 0,
        "self_conf": 0.2,
        "rationale": "Low packet density on Friday",
        "key_features": "dst_ip_freq: high",
        "cluster_novel": "no",
        "cluster_reason": "Low density",
        "alt_hypothesis": "Possibly due to high traffic on Friday",
        "attack_ref": "unknown"
      }
    },
    "R2": {
      "A": {
        "self_conf_before": 0.2,
        "peer_scores": 0.2,
        "critique": "Low packet density on Friday",
        "revise_label": {
          "changed": false,
          "new_label": 0,
          "reason": "Low packet density on Friday"
        },
        "self_conf_after": 0.2,
        "clarifying_question": "What is the significance of the low packet density on Friday in the context of the given data?"
      },
      "B": {
        "revise_label": {
          "changed": false,
          "new_label": null,
          "reason": ""
        }
      },
      "C": {
        "self_conf_before": 0.2,
        "peer_scores": [
          0.2,
          0.0
        ],
        "critique": "I agree with the tri-view label because the cluster ID is 58, which is a normal cluster. The cluster size is 518, density is 1.985, and the distance is 0.459. The time is a weekday, which is also normal. The cluster has key features like high dst_ip_freq, low dns_domain_name_freq, short duration, and low max_packets_len. The cluster is novel because it has a low density and a shifted center. The cluster reason is that it is a normal cluster with some unusual features. The benign hypothesis is that it is a normal cluster with some unusual features.",
        "changed": true,
        "new_label": 1,
        "reason": "I changed the label to 1 because the cluster has some unusual features that are not typical of normal clusters.",
        "self_conf_after": 0.8,
        "clarifying_question": "Is the cluster density still considered normal when the density is low?"
      }
    },
    "R3": {
      "A": {},
      "B": {},
      "C": {}
    },
    "judge": {
      "_raw_output": "{\n  \"final_label\": 1,\n  \"confidence\": 0.8,\n  \"winning_agent\": \"C\",\n  \"reason\": \"Agent C provided a clear justification for why the cluster, despite being a normal cluster, had some unusual features that warranted a change in label. This justification was not challenged by the other agents, and Agent C's confidence in the label was significantly higher after the debate.\""
    }
  }
}