{
  "sample_summary": {
    "sample_id": "12-8",
    "tri_view_label": 0,
    "slm_final_vote": 0,
    "confidence": 0.5,
    "referee_label": null
  },
  "debate_dynamics": {
    "dominant_agent": "A",
    "least_agent": "C"
  },
  "_rounds": {
    "R1": {
      "A": {},
      "B": {
        "label": 0,
        "self_conf": 0.2,
        "rationale": "I agree with the tri-view label because the cluster ID is 31, which is a known attack type.",
        "key_features": "dst_ip_freq: high, dns_domain_name_freq: low, duration: short, max_packets_len: high",
        "cluster_novel": "no",
        "cluster_reason": "low density",
        "alt_hypothesis": "burst scan",
        "attack_ref": "DDoS"
      },
      "C": {
        "label": 0,
        "self_conf": 0.2,
        "rationale": "Low density of DNS requests during weekdays",
        "key_features": "dst_ip_freq: high",
        "cluster_novel": "no",
        "cluster_reason": "Low density suggests normal behavior",
        "alt_hypothesis": "Unknown",
        "attack_ref": "Low density of DNS requests on weekdays"
      }
    },
    "R2": {
      "A": {
        "self_conf_before": 0.2,
        "peer_scores": 0.2,
        "critique": "I agree with the tri-view label because the cluster ID is 31, which is a known attack type.",
        "revise_label": {
          "changed": true,
          "new_label": 1,
          "reason": "Low density of DNS requests during weekdays"
        },
        "self_conf_after": 0.2,
        "clarifying_question": "Why did the peer reviewer change their label from 0 to 1 for the cluster ID 31?"
      },
      "B": {
        "self_conf_before": 0.2,
        "peer_scores": 0.2,
        "critique": "I agree with the tri-view label because the cluster ID is    31, which is a known attack type.",
        "changed": false,
        "new_label": 0,
        "reason": "I changed my label because the cluster ID is a known attack type.",
        "self_conf_after": 0.2,
        "clarifying_question": "What is the cluster ID?"
      },
      "C": {
        "self_conf_before": 0.2,
        "peer_scores": [
          0.2,
          0.2
        ],
        "critique": "I agree with the tri-view label because the cluster ID is 31, which is a known attack type.",
        "changed": true,
        "new_label": 1,
        "reason": "I changed the label to 1 due to the new and more specific rationale from peer A.",
        "self_conf_after": 0.8,
        "clarifying_question": "What other factors could contribute to the low density of DNS requests on weekdays besides the cluster ID?"
      }
    },
    "R3": {
      "A": {},
      "B": {},
      "C": {}
    },
    "judge": {
      "_raw_output": "{\n  \"final_label\": 1,\n  \"confidence\": 0.8,\n  \"winning_agent\": \"C\",\n  \"reason\": \"Agent C's revised label and rationale, along with the highest confidence, led to the majority vote for label 1. The low density of DNS requests during weekdays, in combination with the known attack type cluster ID 31, provides a strong justification for the anomalous label.\""
    }
  }
}