{
  "sample_summary": {
    "sample_id": "13-4",
    "tri_view_label": 0,
    "slm_final_vote": 0,
    "confidence": 0.5,
    "referee_label": null
  },
  "debate_dynamics": {
    "dominant_agent": "A",
    "least_agent": "C"
  },
  "_rounds": {
    "R1": {
      "A": {
        "label": 0,
        "self_conf": 0.2,
        "rationale": "The attacker used a combination of IP addresses with high frequency in the DNS domain name and low frequency in the DDoS attack. The attacker also used a high duration and a low packet length. The attacker's size was medium, with a density of 2.3884382870904766. The attacker's cluster ID was 81, with a size of 415, a density of 2.3884382870904766, and a time of Weekday (Friday).",
        "key_features": [
          "dst_ip_freq: -1.177564934372228",
          "dns_domain_name_freq: -0.7119602307056717",
          "duration: -0.1920168793024032",
          "max_packets_len: -0.5969456898609417"
        ],
        "cluster_novel": "unknown",
        "cluster_reason": "unknown",
        "alt_hypothesis": "burst scan",
        "attack_ref": "DDoS"
      },
      "B": {
        "label": 0,
        "self_conf": 0.2,
        "rationale": "I agree with the tri-view label because the cluster ID is 81, which is a known attack type.",
        "key_features": "dst_ip_freq: -1.177564934372228, dns_domain_name_freq: -0.711960230705671, duration: -0.192016879302403, max_packets_len: -0.596945689860941",
        "cluster_novel": "yes",
        "cluster_reason": "low density",
        "alt_hypothesis": "burst scan",
        "attack_ref": "DDoS"
      },
      "C": {
        "label": 0,
        "self_conf": 0.2,
        "rationale": "Low packet density on Friday",
        "key_features": "dst_ip_freq: high",
        "cluster_novel": "no",
        "cluster_reason": "Low density",
        "alt_hypothesis": "Possibly due to high traffic on Friday",
        "attack_ref": "unknown"
      }
    },
    "R2": {
      "A": {
        "self_conf_before": 0.2,
        "peer_scores": 0.2,
        "critique": "I agree with the tri-view label because the cluster ID is 81, which is a known attack type.",
        "revise_label": {
          "changed": false,
          "new_label": 0,
          "reason": "Low packet density on Friday"
        },
        "self_conf_after": 0.2,
        "clarifying_question": "Why did the peer revise your label to 0?"
      },
      "B": {
        "self_conf_before": 0.2,
        "peer_scores": 0.2,
        "critique": "I agree with the tri-view label because the cluster ID is    81, which is a known attack type.",
        "changed": false,
        "new_label": 0,
        "reason": "I changed my label because the peer's rationale was more convincing.",
        "self_conf_after": 0.2,
        "clarifying_question": "What is the significance of the cluster ID being    81?"
      },
      "C": {
        "self_conf_before": 0.2,
        "peer_scores": [
          0.2,
          0.2
        ],
        "critique": "The rationale does not fully support the label of an anomaly. The mention of the cluster ID and the combination of IP addresses and packet density suggests an attack, but the lack of further details and the absence of an alternative hypothesis weakens the confidence in the label.",
        "changed": false,
        "new_label": 1,
        "reason": "The rationale does not provide sufficient evidence to support the label of an anomaly. The presence of multiple attackers with similar characteristics suggests a more complex attack scenario.",
        "self_conf_after": 0.4,
        "clarifying_question": "Could the lack of clarity in the rationale be due to insufficient data or a more complex attack scenario that is not fully captured by the provided information?"
      }
    },
    "R3": {
      "A": {},
      "B": {
        "self_conf_before": 0.2,
        "peer_scores": 0.2,
        "critique": "I agree with the tri-view label because the cluster ID is 81, which is a known attack type.",
        "changed": false,
        "new_label": 0,
        "reason": "I changed my label because the peer' rationale was more convincing.",
        "self_conf_after": 0.2,
        "clarifying_question": "What is the significance of the cluster ID being 81?"
      },
      "C": {
        "need_more_info": false,
        "questions": []
      }
    },
    "judge": {
      "_raw_output": "{\n  \"final_label\": 1,\n  \"confidence\": 0.6,\n  \"winning_agent\": \"C\",\n  \"reason\": \"The lack of clear evidence and alternative hypotheses in Agents A and B's rationales, as well as the suggestion of a more complex attack scenario in Agent C's critique, raises doubts about the anomaly label.\""
    }
  }
}