{
  "sample_summary": {
    "sample_id": "13-5",
    "tri_view_label": 0,
    "slm_final_vote": 0,
    "confidence": 0.5,
    "referee_label": null
  },
  "debate_dynamics": {
    "dominant_agent": "A",
    "least_agent": "C"
  },
  "_rounds": {
    "R1": {
      "A": {},
      "B": {
        "label": 0,
        "self_conf": 0.2,
        "rationale": "I agree with the tri-view label because the cluster is dense and has a high density.",
        "key_features": "dst_ip_freq: high, dns_domain_name_freq: low, duration: long, max_packets_len: high",
        "cluster_novel": "yes",
        "cluster_reason": "high density",
        "alt_hypothesis": "false positive",
        "attack_ref": "DDoS"
      },
      "C": {
        "label": 0,
        "self_conf": 0.2,
        "rationale": "Low packet density on Friday",
        "key_features": "dst_ip_freq: high",
        "cluster_novel": "no",
        "cluster_reason": "Low density",
        "alt_hypothesis": "Possibly due to high traffic on Friday",
        "attack_ref": "unknown"
      }
    },
    "R2": {
      "A": {
        "self_conf_before": 0.2,
        "peer_scores": 0.2,
        "critique": "I agree with the tri-view label because the cluster is dense and has a high density.",
        "revise_label": {
          "changed": false,
          "new_label": 0,
          "reason": "Low packet density on Friday"
        },
        "self_conf_after": 0.2,
        "clarifying_question": "Why did the tri-view label change from 0 to 0?"
      },
      "B": {
        "self_conf_before": 0.2,
        "peer_scores": 0.2,
        "critique": "I agree with the tri-view label because the cluster is dense and has a high density.",
        "changed": false,
        "new_label": 0,
        "reason": "I changed my label because my peers' rationale was more convincing.",
        "self_conf_after": 0.2,
        "clarifying_question": "What is the threshold for high density?"
      },
      "C": {
        "self_conf_before": 0.2,
        "peer_scores": [
          0,
          0.2
        ],
        "critique": "I agree with the tri-view label because the cluster is dense and has a high density.",
        "changed": true,
        "new_label": 1,
        "reason": "I changed the label to 1 because the revised rationale aligns more closely with the tri-view label.",
        "self_conf_after": 0.8,
        "clarifying_question": "Is the high traffic on Friday a consistent factor contributing to the cluster density?"
      }
    },
    "R3": {
      "A": {},
      "B": {},
      "C": {}
    },
    "judge": {
      "_raw_output": "{\n  \"final_label\": 0,\n  \"confidence\": 0.5,\n  \"winning_agent\": \"C\",\n  \"reason\": \"Although all agents agree with the tri-view label, Agent C's reasoning about the low packet density on Friday being a potential factor contributing to the cluster's characteristics aligns more closely with the tri-view label's 'low density' rationale. This factor was not explicitly addressed by the other agents, and it could potentially influence the cluster's behavior.\""
    }
  }
}