{
  "sample_summary": {
    "sample_id": "13-9",
    "tri_view_label": 0,
    "slm_final_vote": 0,
    "confidence": 0.5,
    "referee_label": 0
  },
  "debate_dynamics": {
    "dominant_agent": "A",
    "least_agent": "B"
  },
  "_rounds": {
    "R1": {
      "A": {
        "label": 0,
        "self_conf": 0.2,
        "rationale": "The attacker used a combination of IP addresses with high frequency in the DNS domain name and low frequency in the DDoS attack. The attacker also used a large number of packets with a low packet length. The attacker's size was not significant, but the density of the attack was high. The attacker's clustering ID was 78, indicating a high density of attacks in the past week. The attacker's clustering ID was not significant, indicating that the attacker's clustering ID was not significant.",
        "key_features": [
          "dns_domain_name_freq: high",
          "dst_ip_freq: high"
        ],
        "cluster_novel": "no",
        "cluster_reason": "unknown",
        "alt_hypothesis": "unknown",
        "attack_ref": "unknown"
      },
      "B": {
        "label": 0,
        "self_conf": 0.2,
        "rationale": "I agree with the tri-view label because the cluster ID is 78, which is a known cluster, and the cluster is not very dense or far from the source. Also, the attack type is unknown, so it's better to be safe than sorry.",
        "key_features": "dst_ip_freq: high, dns_domain_name_freq: low, duration: short, max_packets_len: high",
        "cluster_novel": "no",
        "cluster_reason": "low density, shifted center",
        "alt_hypothesis": "false positive",
        "attack_ref": "unknown"
      },
      "C": {
        "label": 0,
        "self_conf": 0.2,
        "rationale": "Low density of dst_ip_freq and dns_domain_name_freq",
        "key_features": "dst_ip_freq: high, dns_domain_name_freq: high",
        "cluster_novel": "no",
        "cluster_reason": "Low density of both features",
        "alt_hypothesis": "Unknown",
        "attack_ref": "Low density of dst_ip_freq and dns_domain_name_freq"
      }
    },
    "R2": {
      "A": {
        "self_conf_before": 0.2,
        "peer_scores": 0.2,
        "critique": "The attacker used a combination of IP addresses with high frequency in the DNS domain name and low frequency in the DDoS attack. The attacker also used a large number of packets with a low packet length. The attacker's size was not significant, but the density of the attack was high. The attacker's clustering ID was 78, indicating a high density of attacks in the past week. The attacker's clustering ID was not significant, indicating that the attacker's clustering ID was not significant.",
        "revise_label": {
          "changed": true,
          "new_label": 0,
          "reason": "The attacker's clustering ID was not significant, indicating that the attacker's clustering ID was not significant."
        },
        "self_conf_after": 0.2,
        "clarifying_question": "What is the significance of the attacker's clustering ID in the past week, and why was it not significant in this case?"
      },
      "B": {
        "revise_label": {
          "changed": false,
          "new_label": null,
          "reason": ""
        }
      },
      "C": {
        "self_conf_before": 0.2,
        "peer_scores": [
          0.2,
          0.2
        ],
        "critique": "I agree with the tri-view label because the cluster ID is 78, which is a known cluster, and the cluster is not very dense or far from the source. Also, the attack type is unknown, so it's better to be safe than sorry.",
        "changed": false,
        "new_label": 1,
        "reason": "The peer's label and rationale are consistent with my original prediction, but the cluster ID and attack type suggest a more severe attack compared to my initial assessment.",
        "self_conf_after": 0.8,
        "clarifying_question": "Could the attacker be using a botnet for this attack?"
      }
    },
    "R3": {
      "A": {},
      "B": {},
      "C": {
        "label": 0,
        "self_conf": 0.2,
        "rationale": "Low density of dst_ip_freq and dns_domain_name_freq",
        "key_features": "dst_ip_freq: high, dns_domain_name_freq: high",
        "cluster_novel": "no",
        "cluster_reason": "Low density of both features",
        "alt_hypothesis": "Unknown",
        "attack_ref": "Low density of dst_ip_freq and dns_domain_name_freq"
      }
    },
    "judge": {
      "final_label": 0,
      "confidence": 0.5,
      "winning_agent": "C",
      "reason": "Although all agents agree on the label, Agent C's rationale emphasizes the low density of both features, which aligns with the given data and is a more specific justification compared to the other agents."
    }
  }
}