{
  "sample_summary": {
    "sample_id": "14-0",
    "tri_view_label": 1,
    "slm_final_vote": 1,
    "confidence": 0.6,
    "referee_label": 1
  },
  "debate_dynamics": {
    "dominant_agent": "A",
    "least_agent": "B"
  },
  "_rounds": {
    "R1": {
      "A": {
        "label": 1,
        "self_conf": 0.1,
        "rationale": "The anomaly detected in the tri-view label is an anomaly with a size of 347 and a density of 2.4019157241674236. The cluster ID is 81, and the time is Weekday (Friday).",
        "key_features": [
          "dst_ip_freq: -1.177564934372228",
          "dns_domain_name_freq: -0.7119602307056717",
          "duration: -0.1920365828951764",
          "max_packets_len: -0.4535197585129961"
        ],
        "cluster_novel": "no",
        "cluster_reason": "unknown",
        "alt_hypothesis": "burst scan",
        "attack_ref": "DDoS"
      },
      "B": {
        "label": 1,
        "self_conf": 0.1,
        "rationale": "I agree with the tri-view label because the cluster ID is 81, which is a known anomaly.",
        "key_features": "dst_ip_freq: high, dns_domain_name_freq: low, duration: long, max_packets_len: high",
        "cluster_novel": "yes",
        "cluster_reason": "low density",
        "alt_hypothesis": "burst scan",
        "attack_ref": "DDoS"
      },
      "C": {
        "label": 1,
        "self_conf": 0.1,
        "rationale": "Low density of DNS requests during weekdays",
        "key_features": "dst_ip_freq: high, dns_domain_name_freq: high",
        "cluster_novel": "no",
        "cluster_reason": "Low density suggests potential DDoS attack",
        "alt_hypothesis": "Possible bot activity based on high DNS requests",
        "attack_ref": "DDoS attack"
      }
    },
    "R2": {
      "A": {
        "self_conf_before": 0.1,
        "peer_scores": 0.1,
        "critique": "I agree with the tri-view label because the cluster ID is 81, which is a known anomaly.",
        "revise_label": {
          "changed": true,
          "new_label": 1,
          "reason": "Low density of DNS requests during weekdays"
        },
        "self_conf_after": 0.1,
        "clarifying_question": "Why did the peer revise your label to 1?"
      },
      "B": {
        "revise_label": {
          "changed": false,
          "new_label": null,
          "reason": ""
        }
      },
      "C": {
        "self_conf_before": 0.1,
        "peer_scores": [
          0.1,
          0.1
        ],
        "critique": "I agree with the tri-view label because the cluster ID is 81, which is a known anomaly.",
        "changed": true,
        "new_label": 1,
        "reason": "I believe the high density of DNS requests during weekdays suggests a potential DDoS attack based on the cluster ID and time of day.",
        "self_conf_after": 0.1,
        "clarifying_question": "Could the observed anomalies be caused by legitimate traffic patterns during weekdays, such as bot activity or scheduled maintenance?"
      }
    },
    "R3": {
      "A": {},
      "B": {},
      "C": {
        "need_more_info": false,
        "questions": [
          "Why did the peer revise your label to 1?"
        ]
      }
    },
    "judge": {
      "final_label": 1,
      "confidence": 0.6,
      "winning_agent": "C",
      "reason": "Agent C provided a clear justification for the label change based on the low density of DNS requests during weekdays, which is a known indicator of a potential DDoS attack."
    }
  }
}