{
  "sample_summary": {
    "sample_id": "14-2",
    "tri_view_label": 1,
    "slm_final_vote": 1,
    "confidence": 0.8,
    "referee_label": 1
  },
  "debate_dynamics": {
    "dominant_agent": "A",
    "least_agent": "B"
  },
  "_rounds": {
    "R1": {
      "A": {},
      "B": {
        "label": 1,
        "self_conf": 0.2,
        "rationale": "I agree with the tri-view label because the cluster ID is 6, which is a known anomaly cluster. The cluster has a high density and is located in a dense area, which is a common characteristic of an anomaly cluster. Additionally, the cluster has a high distance from the center, which is another common characteristic of an anomaly cluster. The attack type is also known, which further supports the tri-view label.",
        "key_features": "dst_ip_freq: high, dns_domain_name_freq: high, duration: high, max_packets_len: high",
        "cluster_novel": "yes",
        "cluster_reason": "high density, high distance from center",
        "alt_hypothesis": "DDoS attack",
        "attack_ref": "DDoS"
      },
      "C": {
        "label": 1,
        "self_conf": 0.2,
        "rationale": "High packet frequency during weekdays",
        "key_features": "dst_ip_freq: high",
        "cluster_novel": "no",
        "cluster_reason": "Low density",
        "alt_hypothesis": "Possible malware activity",
        "attack_ref": "Malware detected"
      }
    },
    "R2": {
      "A": {
        "self_conf_before": 0.2,
        "peer_scores": 0.2,
        "critique": "High packet frequency during weekdays",
        "revise_label": {
          "changed": true,
          "new_label": 1,
          "reason": "High packet frequency during weekdays"
        },
        "self_conf_after": 0.2,
        "clarifying_question": "What is the reason for the peer's change in labeling the packet frequency during weekdays as an anomaly?"
      },
      "B": {
        "revise_label": {
          "changed": false,
          "new_label": null,
          "reason": ""
        }
      },
      "C": {
        "self_conf_before": 0.2,
        "peer_scores": [
          0.2,
          0.8
        ],
        "critique": "I agree with the tri-view label because the cluster ID is 6, which is a known anomaly cluster. The cluster has a high density and is located in a dense area, which is a common characteristic of an anomaly cluster. Additionally, the cluster has a high distance from the center, which is another common characteristic of an anomaly cluster. The attack type is also known, which further supports the tri-view label.",
        "changed": true,
        "new_label": 1,
        "reason": "I changed the label to 1 because the revised rationale is more strongly supported by the cluster and attack evidence. The revised rationale is more specific and provides a more accurate description of the anomaly compared to the original rationale.",
        "self_conf_after": 0.8,
        "clarifying_question": "Is there any other evidence or observations that support the tri-view label besides the cluster ID and density?"
      }
    },
    "R3": {
      "A": {},
      "B": {},
      "C": {}
    },
    "judge": {
      "final_label": 1,
      "confidence": 0.8,
      "winning_agent": "C",
      "reason": "Agent C provided a clear and compelling justification for the anomaly label based on the high packet frequency during weekdays, which is a significant feature. Agent B's justification was not as clear or specific, and Agent A did not provide any justification."
    }
  }
}