{
  "sample_summary": {
    "sample_id": "14-3",
    "tri_view_label": 1,
    "slm_final_vote": 1,
    "confidence": 0.6,
    "referee_label": 1
  },
  "debate_dynamics": {
    "dominant_agent": "A",
    "least_agent": "B"
  },
  "_rounds": {
    "R1": {
      "A": {
        "label": 1,
        "self_conf": 0.2,
        "rationale": "The anomaly detected in the tri-view label is an anomaly with a size of 288 and a density of 2.0927251726699567. The cluster ID is 31, and the time is Weekday (Friday).",
        "key_features": [
          "dst_ip_freq: -1.177564934372228",
          "dns_domain_name_freq: -0.7119602307056717",
          "duration: -0.192175116159444",
          "max_packets_len: -2.4614827973842357"
        ],
        "cluster_novel": "no",
        "cluster_reason": "unknown",
        "alt_hypothesis": "burst scan",
        "attack_ref": "DDoS"
      },
      "B": {
        "label": 1,
        "self_conf": 0.2,
        "rationale": "I agree with the tri-view label because the cluster ID is 31, which is a known anomaly.",
        "key_features": "dst_ip_freq: high, dns_domain_name_freq: low, duration: long, max_packets_len: high",
        "cluster_novel": "yes",
        "cluster_reason": "low density",
        "alt_hypothesis": "burst scan",
        "attack_ref": "DDoS"
      },
      "C": {
        "label": 1,
        "self_conf": 0.2,
        "rationale": "Low density of DNS packets",
        "key_features": "dst_ip_freq: high",
        "cluster_novel": "no",
        "cluster_reason": "Low density of DNS packets",
        "alt_hypothesis": "Possible DNS cache poisoning attack",
        "attack_ref": "DNS cache poisoning"
      }
    },
    "R2": {
      "A": {
        "self_conf_before": 0.2,
        "peer_scores": 0.2,
        "critique": "I agree with the tri-view label because the cluster ID is 31, which is a known anomaly.",
        "revise_label": {
          "changed": true,
          "new_label": 1,
          "reason": "Low density of DNS packets"
        },
        "self_conf_after": 0.2,
        "clarifying_question": "What is the reason for the peer's change in labeling the anomaly as a known anomaly, and what is the new label they suggest?"
      },
      "B": {
        "revise_label": {
          "changed": false,
          "new_label": null,
          "reason": ""
        }
      },
      "C": {
        "self_conf_before": 0.2,
        "peer_scores": [
          0.2,
          0.2
        ],
        "critique": "I agree with the peers that the anomaly detected in the tri-view label is an anomaly with a size of 288 and a density of 2.0927251726699567. The cluster ID is 31, and the time is Weekday (Friday). However, my rationale is different from the peers. My rationale suggests that the anomaly may be caused by a combination of factors, including DNS cache poisoning and a possible DNS cache poisoning attack.",
        "changed": true,
        "new_label": 1,
        "reason": "I believe that the observed anomaly may be caused by a combination of factors, including DNS cache poisoning and a possible DNS cache poisoning attack, which are not fully captured by the tri-view label.",
        "self_conf_after": 0.4,
        "clarifying_question": "Could the observed anomaly be caused by a combination of factors, including DNS cache poisoning and a possible DNS cache poisoning attack, or are there other potential causes that should be investigated?"
      }
    },
    "R3": {
      "A": {},
      "B": {},
      "C": {
        "label": 1,
        "self_conf": 0.2,
        "rationale": "Low density of DNS packets",
        "key_features": "dst_ip_freq: high",
        "cluster_novel": "no",
        "cluster_reason": "Low density of DNS packets",
        "alt_hypothesis": "Possible DNS cache poisoning attack",
        "attack_ref": "DNS cache poisoning poisoning"
      }
    },
    "judge": {
      "final_label": 1,
      "confidence": 0.6,
      "winning_agent": "C",
      "reason": "Agent C's rationale of 'Low density of DNS packets' is a valid justification for the anomaly label, and their confidence remains the same. While Agents A and B also agree with the anomaly label, their rationales do not provide additional insights beyond what is already known. Agent C's suggestion of a possible DNS cache poisoning attack adds value to the discussion and justifies their winning position."
    }
  }
}