{
  "sample_summary": {
    "sample_id": "14-5",
    "tri_view_label": 0,
    "slm_final_vote": 1,
    "confidence": 0.5,
    "referee_label": 1
  },
  "debate_dynamics": {
    "dominant_agent": "A",
    "least_agent": "C"
  },
  "_rounds": {
    "R1": {
      "A": {
        "label": 0,
        "self_conf": 0.2,
        "rationale": "The attacker used a combination of IP addresses with high frequency in the DNS domain name and low frequency in the DDoS attack. The attacker also used a high duration and a low packet length. The attacker's size was medium, with a density of 2.174355497731602, indicating a high probability of false positives.",
        "key_features": [
          "dst_ip_freq: high",
          "dns_domain_name_freq: high"
        ],
        "cluster_novel": "yes",
        "cluster_reason": "low density",
        "alt_hypothesis": "burst scan",
        "attack_ref": "DDoS"
      },
      "B": {
        "label": 0,
        "self_conf": 0.2,
        "rationale": "I agree with the tri-view label because the cluster is dense and the attack is likely a DDoS attack.",
        "key_features": "dst_ip_freq: high, dns_domain_name_freq: low, duration: long, max_packets_len: high",
        "cluster_novel": "yes",
        "cluster_reason": "high density",
        "alt_hypothesis": "DDoS attack",
        "attack_ref": "DDoS"
      },
      "C": {
        "label": 0,
        "self_conf": 0.2,
        "rationale": "Low packet density on Friday",
        "key_features": "dst_ip_freq: high",
        "cluster_novel": "no",
        "cluster_reason": "Low density",
        "alt_hypothesis": "Possibly due to high traffic on Friday",
        "attack_ref": "unknown"
      }
    },
    "R2": {
      "A": {
        "self_conf_before": 0.2,
        "peer_scores": 0.2,
        "critique": "I agree with the tri-view label because the cluster is dense and the attack is likely a DDoS attack.",
        "revise_label": {
          "changed": true,
          "new_label": 0,
          "reason": "Low packet density on Friday"
        },
        "self_conf_after": 0.2,
        "clarifying_question": "What factors contributed to the low packet density on Friday, and how does this factor align with the tri-view label of a DDoS attack?"
      },
      "B": {
        "self_conf_before": 0.2,
        "peer_scores": 0.2,
        "critique": "I agree with the tri-view label because the cluster is dense and the attack is likely a DDoS attack.",
        "changed": false,
        "new_label": 0,
        "reason": "I changed my label because the peer's rationale was more convincing.",
        "self_conf_after": 0.2,
        "clarifying_question": "What is the significance of the cluster's size and density in this case?"
      },
      "C": {
        "self_conf_before": 0.2,
        "peer_scores": [
          0.2,
          0.2
        ],
        "critique": "The rationale still holds, but the peer scores suggest a higher confidence in the tri-view label.",
        "changed": false,
        "new_label": 1,
        "reason": "The peer scores suggest a higher confidence in the tri-view label, which aligns with my original rationale.",
        "self_conf_after": 0.5,
        "clarifying_question": "Is the cluster density the only factor influencing the tri-view label?"
      }
    },
    "R3": {
      "A": {},
      "B": {
        "label": 1,
        "self_conf": 0.5,
        "rationale": "I agree with the tri-view label because the cluster is dense and the attack is likely a DDoS attack.",
        "key_features": "dst_ip_freq: high, dns_domain_name_freq: low, duration: long, max_packets_len: high",
        "cluster_novel": "yes",
        "cluster_reason": "high density",
        "alt_hypothesis": "DDoS attack",
        "attack_ref": "DDoS",
        "self_conf_before": 0.2,
        "peer_scores": 0.2,
        "critique": "I agree with the tri-view label because the cluster is dense and the attack is likely a DDoS attack.",
        "changed": false,
        "new_label": 1,
        "reason": "I changed my label because the peer' rationale was more convincing.",
        "self_conf_after": 0.5,
        "clarifying_question": "What factors contributed to the low packet density on Friday, and how does this factor align with the tri-view label of a DDoS attack?"
      },
      "C": {
        "need_more_info": false,
        "questions": [
          "What factors contributed to the low packet density on Friday, and how does this factor align with the tri-view label of a DDoS attack?"
        ]
      }
    },
    "judge": {
      "final_label": 1,
      "confidence": 0.5,
      "winning_agent": "B",
      "reason": "B's rationale, which agrees with the tri-view label and emphasizes the dense cluster and DDoS attack, is the most convincing and aligns with the majority vote."
    }
  }
}