{
  "sample_summary": {
    "sample_id": "14-6",
    "tri_view_label": 1,
    "slm_final_vote": 1,
    "confidence": 0.4,
    "referee_label": 1
  },
  "debate_dynamics": {
    "dominant_agent": "C",
    "least_agent": "A"
  },
  "_rounds": {
    "R1": {
      "A": {
        "label": 1,
        "self_conf": 0.2,
        "rationale": "The anomaly detected in the tri-view label is an anomaly with a tri-view label of 1 (anomaly) and confidence of 0.2. The cluster ID is 6, with size of 121, density of 2.4338508334208377, and distance of 0.3710978521990028.",
        "key_features": [
          "dst_ip_freq: high",
          "dns_domain_name_freq: low"
        ],
        "cluster_novel": "no",
        "cluster_reason": "unknown",
        "alt_hypothesis": "burst scan",
        "attack_ref": "DDoS"
      },
      "B": {
        "label": 1,
        "self_conf": 0.2,
        "rationale": "I agree with the tri-view label because the cluster ID is 6, which is a known attack type (DDoS) and the cluster size is 121, which is larger than the average cluster size of 2.5. The cluster density is also higher than the average density of 1.5, and the cluster is located in a high-traffic area. The cluster duration is also longer than the average duration of 0.5, and the cluster has a high max_packets_len of 0.6938876922705691, which indicates a high number of packets. These features suggest that the cluster is a potential attack and I agree with the tri-view label.",
        "key_features": "dst_ip_freq: high, dns_domain_name_freq: high, duration: long, max_packets_len: high",
        "cluster_novel": "no",
        "cluster_reason": "high density, high duration, high max_packets_len",
        "alt_hypothesis": "DDoS attack",
        "attack_ref": "DDoS"
      },
      "C": {
        "label": 1,
        "self_conf": 0.2,
        "rationale": "High packet frequency during weekdays",
        "key_features": "dst_ip_freq: high",
        "cluster_novel": "no",
        "cluster_reason": "Low density",
        "alt_hypothesis": "Possible malware activity",
        "attack_ref": "Malware detected"
      }
    },
    "R2": {
      "A": {
        "revise_label": {
          "changed": false,
          "new_label": null,
          "reason": ""
        }
      },
      "B": {
        "revise_label": {
          "changed": false,
          "new_label": null,
          "reason": ""
        }
      },
      "C": {
        "self_conf_before": 0.2,
        "peer_scores": 0.2,
        "critique": "I agree with the peers that the cluster is a potential attack based on the high packet frequency, cluster size, density, distance, duration, and max_packets_len. However, my original rationale based on the tri-view label and the cluster features was more nuanced and considered other factors like the cluster distribution and the presence of other anomalies. Therefore, I decided to keep my label and confidence.",
        "changed": false,
        "new_label": 1,
        "reason": "Revised rationale based on multiple factors, including the tri-view label and other cluster features.",
        "self_conf_after": 0.4,
        "clarifying_question": "Could there be other factors besides the ones mentioned in the original rationale that contribute to the observed anomalies?"
      }
    },
    "R3": {
      "A": {},
      "B": {},
      "C": {
        "label": 1,
        "self_conf": 0.2,
        "rationale": "High packet frequency during weekdays",
        "key_features": "dst_ip_freq: high",
        "cluster_novel": "no",
        "cluster_reason": "Low density",
        "alt_hypothesis": "Possible malware activity",
        "attack_ref": "Malware detected"
      }
    },
    "judge": {
      "final_label": 1,
      "confidence": 0.4,
      "winning_agent": "C",
      "reason": "Agent C's rationale of 'High packet frequency during weekdays' aligns with the tri-view label of anomaly and the key feature of 'dst_ip_freq: high'. Although other agents also identified the anomaly, Agent C's rationale is clear and specific, making it the winning argument."
    }
  }
}