{
  "sample_summary": {
    "sample_id": "14-8",
    "tri_view_label": 0,
    "slm_final_vote": 0,
    "confidence": 0.5,
    "referee_label": 0
  },
  "debate_dynamics": {
    "dominant_agent": "A",
    "least_agent": "B"
  },
  "_rounds": {
    "R1": {
      "A": {
        "label": 0,
        "self_conf": 0.2,
        "rationale": "The attacker used a combination of IP addresses with a high frequency of DST_IP_FREQ: -0.3183606169854546 and DNS_DOMAIN_NAME_FREQ: 1.4045859516912094, indicating a DDoS attack. The attacker also used a high number of packets with a length of 2.2004958890372808, indicating a high volume of traffic.",
        "key_features": [
          "dst_ip_freq: -0.3183606169854546",
          "dns_domain_name_freq: 1.4045859516912094"
        ],
        "cluster_novel": "no",
        "cluster_reason": "unknown",
        "alt_hypothesis": "unknown",
        "attack_ref": "unknown"
      },
      "B": {
        "label": 0,
        "self_conf": 0.2,
        "rationale": "I agree with the tri-view label because the cluster is dense and the attack is likely a DDoS attack.",
        "key_features": "dst_ip_freq: high, dns_domain_name_freq: high, duration: high, max_packets_len: high",
        "cluster_novel": "yes",
        "cluster_reason": "high density",
        "alt_hypothesis": "DDoS attack",
        "attack_ref": "DDoS"
      },
      "C": {
        "label": 0,
        "self_conf": 0.2,
        "rationale": "Low packet density on Friday",
        "key_features": "dst_ip_freq: high",
        "cluster_novel": "no",
        "cluster_reason": "Low density",
        "alt_hypothesis": "Possibly due to high traffic on Friday",
        "attack_ref": "unknown"
      }
    },
    "R2": {
      "A": {
        "self_conf_before": 0.2,
        "peer_scores": 0.2,
        "critique": "The attacker used a combination of IP addresses with a high frequency of DST_IP_FREQ: -0.3183606169854546 and DNS_DOMAIN_NAME_FREQ: 1.4045859516912094, indicating a DDoS attack. The attacker also used a high number of packets with a length of 2.2004958890372808, indicating a high volume of traffic. The cluster is dense and the attack is likely a DDoS attack.",
        "revise_label": {
          "changed": true,
          "new_label": 0,
          "reason": "Low packet density on Friday"
        },
        "self_conf_after": 0.2,
        "clarifying_question": "Why do you think the cluster is dense and the attack is likely a DDoS attack?"
      },
      "B": {
        "revise_label": {
          "changed": false,
          "new_label": null,
          "reason": ""
        }
      },
      "C": {
        "self_conf_before": 0.2,
        "peer_scores": [
          0.2,
          0.2
        ],
        "critique": "The rationale does not fully support the label of DDoS attack. The mention of the DST_IP_FREQ and DNS_DOMAIN_NAME_FREQ features suggests a combination of IP and DNS-based DDoS attacks, which may be more complex to distinguish.",
        "changed": false,
        "new_label": 1,
        "reason": "The peer reviews suggest a more complex attack scenario involving a combination of IP and DNS-based DDoS attacks, which warrants a higher confidence score.",
        "self_conf_after": 0.5,
        "clarifying_question": "Could the observed distribution of packet lengths be used to further analyze the attack type and determine the specific DDoS techniques employed?"
      }
    },
    "R3": {
      "A": {},
      "B": {
        "need_more_info": false,
        "questions": []
      },
      "C": {
        "label": 1,
        "self_conf": 0.5,
        "rationale": "The cluster is dense and the attack is likely a DDoS attack due to the high density of packets and the high number of packets with a length of 2.2004958890372808.",
        "key_features": "dst_ip_freq: high",
        "cluster_novel": "no",
        "cluster_reason": "Low density",
        "alt_hypothesis": "Possibly due to high traffic on Friday",
        "attack_ref": "unknown"
      }
    },
    "judge": {
      "final_label": 0,
      "confidence": 0.5,
      "winning_agent": "C",
      "reason": "Agent C's revised label is based on the peer reviews and the high packet density, which is a key feature of DDoS attacks. Although Agent A and Agent B also suggest a DDoS attack, their confidence is lower and they do not provide new information in Round-3."
    }
  }
}