{
  "sample_summary": {
    "sample_id": "14-9",
    "tri_view_label": 0,
    "slm_final_vote": 1,
    "confidence": 0.2,
    "referee_label": 1
  },
  "debate_dynamics": {
    "dominant_agent": "A",
    "least_agent": "C"
  },
  "_rounds": {
    "R1": {
      "A": {
        "label": 0,
        "self_conf": 0.2,
        "rationale": "The attacker used a combination of IP addresses with high frequency in the DNS domain name and low frequency in the DDoS attack. The attacker also used a high duration and a low packet length. The attacker's size was medium, with a density of 2.4019157241674236, indicating a high density of packets. The attacker's clustering ID was 81, indicating a high density of packets and a low density of IP addresses. The attacker's clustering ID was also clustered in the weekday Friday, indicating that the attacker's behavior was consistent with a Friday attack.",
        "key_features": [
          "dst_ip_freq: high",
          "dns_domain_name_freq: high"
        ],
        "cluster_novel": "no",
        "cluster_reason": "unusual size",
        "alt_hypothesis": "false positive",
        "attack_ref": "unknown"
      },
      "B": {
        "label": 0,
        "self_conf": 0.2,
        "rationale": "I agree with the tri-view label because the cluster is dense and has a high density.",
        "key_features": "dst_ip_freq: high, dns_domain_name_freq: low, duration: long, max_packets_len: high",
        "cluster_novel": "no",
        "cluster_reason": "high density",
        "alt_hypothesis": "false positive",
        "attack_ref": "unknown"
      },
      "C": {
        "label": 0,
        "self_conf": 0.2,
        "rationale": "Low packet density on Friday",
        "key_features": "dst_ip_freq: high",
        "cluster_novel": "no",
        "cluster_reason": "Low density",
        "alt_hypothesis": "Possibly due to high traffic on Friday",
        "attack_ref": "unknown"
      }
    },
    "R2": {
      "A": {
        "self_conf_before": 0.2,
        "peer_scores": 0.2,
        "critique": "The attacker used a combination of IP addresses with high frequency in the DNS domain name and low frequency in the DDoS attack. The attacker also used a high duration and a low packet length. The attacker's size was medium, with a density of 2.4019157241674236, indicating a high density of packets. The attacker's clustering ID was 81, indicating a high density of packets and a low density of IP addresses. The attacker's clustering ID was also clustered in the weekday Friday, indicating that the attacker's behavior was consistent with a Friday attack.",
        "revise_label": {
          "changed": true,
          "new_label": 0,
          "reason": "Low packet density on Friday"
        },
        "self_conf_after": 0.2,
        "clarifying_question": "What is the new label assigned to the label of 0 after the peer predictions?"
      },
      "B": {
        "self_conf_before": 0.2,
        "peer_scores": 0.2,
        "critique": "I agree with the tri-view label because the cluster is dense and has a high density.",
        "changed": true,
        "new_label": 0,
        "reason": "I changed my label because the peer's rationale was more convincing.",
        "self_conf_after": 0.2,
        "clarifying_question": "What is the attacker's clustering ID?"
      },
      "C": {
        "self_conf_before": 0.2,
        "peer_scores": [
          0.2,
          0.2
        ],
        "critique": "The rationale does not fully support the label of an anomaly. The cluster density is high, but the attacker's behavior is consistent with a Friday attack, which is not explicitly mentioned in the rationale.",
        "changed": false,
        "new_label": 1,
        "reason": "The rationale does not provide sufficient evidence to support the label of an anomaly. The cluster density is high, but the attacker's behavior is consistent with a Friday attack, which is not explicitly mentioned in the rationale.",
        "self_conf_after": 0.2,
        "clarifying_question": "Is there any evidence other than the cluster density to support the label of an anomaly?"
      }
    },
    "R3": {
      "A": {},
      "B": {},
      "C": {
        "label": 1,
        "self_conf": 0.2,
        "rationale": "Possibly due to high traffic on Friday",
        "key_features": "dst_ip_freq: high",
        "cluster_novel": "no",
        "cluster_reason": "Low density",
        "alt_hypothesis": "Possibly due to high traffic on Friday",
        "attack_ref": "unknown"
      }
    },
    "judge": {
      "final_label": 1,
      "confidence": 0.2,
      "winning_agent": "C",
      "reason": "Agent C's rationale, 'Possibly due to high traffic on Friday', is a valid explanation for the observed data, and it is not explicitly contradicted by the other agents' rationales. Therefore, Agent C's hypothesis is considered the winning one."
    }
  }
}