{
  "sample_summary": {
    "sample_id": "15-0",
    "tri_view_label": 0,
    "slm_final_vote": 1,
    "confidence": 0.8,
    "referee_label": 1
  },
  "debate_dynamics": {
    "dominant_agent": "A",
    "least_agent": "A"
  },
  "_rounds": {
    "R1": {
      "A": {
        "label": 0,
        "self_conf": 0.2,
        "rationale": "The attacker used a combination of IP addresses with high frequency in the DNS domain name and low frequency in the DDoS attack. The attacker also used a high duration and a low packet length. The attacker's size was medium, with a density of 2.2045149017486905, indicating a high density of packets. The attacker's clustering ID was 28, indicating a high density of packets in the DDoS attack. The attacker's time was Weekday (Friday), indicating a high density of packets in the DDoS attack.",
        "key_features": [
          "dst_ip_freq: high",
          "dns_domain_name_freq: high"
        ],
        "cluster_novel": "unknown",
        "cluster_reason": "low density",
        "alt_hypothesis": "burst scan",
        "attack_ref": "DDoS"
      },
      "B": {
        "label": 0,
        "self_conf": 0.2,
        "rationale": "I agree with the tri-view label because the cluster ID is 28, which is a normal cluster. The cluster is also not very dense, and the distance is not too far. I think the cluster is not an anomaly.",
        "key_features": "dst_ip_freq: -1.177564934372228, dns_domain_name_freq: -0.711960230705671, duration: -0.1922122423553209, max_packets_len: 0.5504617609226234",
        "cluster_novel": "no",
        "cluster_reason": "not dense",
        "alt_hypothesis": "burst scan",
        "attack_ref": "unknown"
      },
      "C": {
        "label": 0,
        "self_conf": 0.2,
        "rationale": "Low packet density on Friday",
        "key_features": "dst_ip_freq: high",
        "cluster_novel": "no",
        "cluster_reason": "Low density",
        "alt_hypothesis": "Possibly due to high traffic on Friday",
        "attack_ref": "unknown"
      }
    },
    "R2": {
      "A": {
        "revise_label": {
          "changed": false,
          "new_label": null,
          "reason": ""
        }
      },
      "B": {
        "revise_label": {
          "changed": false,
          "new_label": null,
          "reason": ""
        }
      },
      "C": {
        "self_conf_before": 0.2,
        "peer_scores": [
          0.2,
          0.2
        ],
        "critique": "I agree with the tri-view label because the cluster ID is 28, which is a normal cluster. The cluster is also not very dense, and the distance is not too far. I think the cluster is not an anomaly.",
        "changed": false,
        "new_label": 1,
        "reason": "I changed the label to 1 because the cluster ID and the timing of the DDoS attack suggest a more likely attacker than the original label of 0.",
        "self_conf_after": 0.8,
        "clarifying_question": "Is the cluster ID the only factor to consider when labeling an attacker?"
      }
    },
    "R3": {
      "A": {},
      "B": {},
      "C": {
        "need_more_info": false,
        "questions": [
          "What is the cluster ID?"
        ]
      }
    },
    "judge": {
      "final_label": 1,
      "confidence": 0.8,
      "winning_agent": "C",
      "reason": "Agent C provided a compelling argument with the new information about the cluster ID and the timing of the DDoS attack, which justifies the change in label from 0 to 1."
    }
  }
}