{
  "sample_summary": {
    "sample_id": "15-1",
    "tri_view_label": 1,
    "slm_final_vote": 1,
    "confidence": 0.5,
    "referee_label": null
  },
  "debate_dynamics": {
    "dominant_agent": "A",
    "least_agent": "C"
  },
  "_rounds": {
    "R1": {
      "A": {
        "label": 1,
        "self_conf": 0.2,
        "rationale": "The anomaly detected in the tri-view label is an anomaly with a size of 284 and a density of 4.834325766855003. The cluster ID is 76, and the time is Weekday (Friday).",
        "key_features": [
          "dst_ip_freq: high",
          "dns_domain_name_freq: low"
        ],
        "cluster_novel": "unknown",
        "cluster_reason": "unknown",
        "alt_hypothesis": "burst scan",
        "attack_ref": "DDoS"
      },
      "B": {
        "label": 1,
        "self_conf": 0.2,
        "rationale": "I agree with the tri-view label because the cluster ID is 76, which is a known anomaly.",
        "key_features": "dst_ip_freq: high, dns_domain_name_freq: high, duration: high, max_packets_len: high",
        "cluster_novel": "yes",
        "cluster_reason": "high density",
        "alt_hypothesis": "false positive",
        "attack_ref": "DDoS"
      },
      "C": {
        "label": 1,
        "self_conf": 0.2,
        "rationale": "High packet frequency during weekdays",
        "key_features": "dst_ip_freq: high",
        "cluster_novel": "no",
        "cluster_reason": "Low density",
        "alt_hypothesis": "Possible malware activity",
        "attack_ref": "Malware detected"
      }
    },
    "R2": {
      "A": {
        "self_conf_before": 0.2,
        "peer_scores": 0.2,
        "critique": "I agree with the tri-view label because the cluster ID is 76, which is a known anomaly.",
        "revise_label": {
          "changed": true,
          "new_label": 1,
          "reason": "High packet frequency during weekdays"
        },
        "self_conf_after": 0.2,
        "clarifying_question": "What is the reason for the peer's change in labeling the anomaly as 1, and what is the new label they suggest?"
      },
      "B": {
        "self_conf_before": 0.2,
        "peer_scores": 0.2,
        "critique": "I agree with the tri-view label because the cluster ID is 76, which is a known anomaly.",
        "changed": false,
        "new_label": 1,
        "reason": "I have changed my label to 1 because the cluster ID is 76, which is a known anomaly.",
        "self_conf_after": 0.2,
        "clarifying_question": "What is the cluster ID of the known anomaly?"
      },
      "C": {
        "self_conf_before": 0.2,
        "peer_scores": [
          0.2,
          0.2
        ],
        "critique": "I agree with the peers that the anomaly detected in the tri-view label is an anomaly with a size of 284 and a density of 4.834325766855003. The cluster ID is 76, and the time is Weekday (Friday). However, my rationale is different. I believe that the anomaly may be a false positive due to the low density, which falls below the threshold for triggering further investigation.",
        "changed": false,
        "new_label": 1,
        "reason": "I have revised my rationale to reflect the low density of the anomaly, which falls below the threshold for triggering further investigation.",
        "self_conf_after": 0.8,
        "clarifying_question": "How can we determine the significance of the density threshold for triggering further investigation?"
      }
    },
    "R3": {
      "A": {},
      "B": {},
      "C": {
        "label": 1,
        "self_conf": 0.2,
        "rationale": "High packet frequency during weekdays",
        "key_features": "dst_ip_freq: high",
        "cluster_novel": "no",
        "cluster_reason": "Low density",
        "alt_hypothesis": "Possible malware activity",
        "attack_ref": "Malware detected"
      }
    },
    "judge": {
      "_raw_output": "{\n  \"final_label\": 1,\n  \"confidence\": 0.8,\n  \"winning_agent\": \"C\",\n  \"reason\": \"Agent C's rationale of 'High packet frequency during weekdays' aligns with the tri-view label and has a higher self-confidence compared to the other agents. Additionally, the density of the anomaly, while low, does not necessarily indicate a false positive as suggested by Agent C in Round 2.\""
    }
  }
}