{
  "sample_summary": {
    "sample_id": "15-2",
    "tri_view_label": 0,
    "slm_final_vote": 0,
    "confidence": 0.5,
    "referee_label": null
  },
  "debate_dynamics": {
    "dominant_agent": "A",
    "least_agent": "A"
  },
  "_rounds": {
    "R1": {
      "A": {
        "label": 0,
        "self_conf": 0.2,
        "rationale": "The maximum number of packets sent in a single direction is 267, with a density of 2.2495202752796044. The cluster ID is 119, with a size of 267 and a density of 2.2495202752796044.",
        "key_features": [
          "dst_ip_freq: -1.177564934372228",
          "dns_domain_name_freq: -0.7119602307056717"
        ],
        "cluster_novel": "no",
        "cluster_reason": "unknown",
        "alt_hypothesis": "burst scan",
        "attack_ref": "DDoS"
      },
      "B": {
        "label": 0,
        "self_conf": 0.2,
        "rationale": "I agree with the tri-view label because the cluster ID is 119, which is a known cluster, and the cluster size is 267, which is large, and the density is 2.249520275279604, which is high, and the dist is 0.5867794776189893, which is low, and these are all indicators of a normal cluster.",
        "key_features": "dst_ip_freq: high, dns_domain_name_freq: low, duration: long, max_packets_len: high",
        "cluster_novel": "no",
        "cluster_reason": "high density",
        "alt_hypothesis": "false positive",
        "attack_ref": "unknown"
      },
      "C": {
        "label": 0,
        "self_conf": 0.2,
        "rationale": "Low packet density on Friday",
        "key_features": "dst_ip_freq: high",
        "cluster_novel": "no",
        "cluster_reason": "Low density",
        "alt_hypothesis": "Possibly due to high traffic on Friday",
        "attack_ref": "unknown"
      }
    },
    "R2": {
      "A": {
        "revise_label": {
          "changed": false,
          "new_label": null,
          "reason": ""
        }
      },
      "B": {
        "revise_label": {
          "changed": false,
          "new_label": null,
          "reason": ""
        }
      },
      "C": {
        "self_conf_before": 0.2,
        "peer_scores": [
          0.2,
          0.2
        ],
        "critique": "My rationale suggests a normal cluster, but the peers' scores suggest a potential outlier due to the high density and low distance. Further analysis might be needed to confirm the outlier status.",
        "changed": true,
        "new_label": 1,
        "reason": "The high density and low distance suggest a potential outlier, which warrants further investigation.",
        "self_conf_after": 0.4,
        "clarifying_question": "Could the outlier be due to a specific agent or feature?"
      }
    },
    "R3": {
      "A": {
        "label": 1,
        "self_conf": 0.4,
        "rationale": "The cluster ID is 119, with a size of 267 and a density of 2.2495202752796044. The cluster is a normal cluster with a density of 2.2495202752796044 and a size of 267. The cluster is not an outlier due to the high density and low distance.",
        "key_features": [
          "dst_ip_freq: -1.177564934372228",
          "dns_domain_name_freq: -0.7119602307056717"
        ],
        "cluster_novel": "no",
        "cluster_reason": "unknown",
        "alt_hypothesis": "burst scan",
        "attack_ref": "DDoS",
        "revise_label": {
          "changed": false,
          "new_label": null,
          "reason": ""
        }
      },
      "B": {},
      "C": {
        "need_more_info": true,
        "questions": [
          "High packet density on Friday"
        ]
      }
    },
    "judge": {
      "_raw_output": "{\n  \"final_label\": 0,\n  \"confidence\": 0.6,\n  \"winning_agent\": \"A\",\n  \"reason\": \"Agent A's analysis of the cluster's size, density, and known cluster ID provides strong evidence for a normal cluster. While Agent C's critique raises a potential concern about the high density and low distance, the peers' scores do not definitively indicate an outlier. Without further information, it is more likely that the cluster is normal.\""
    }
  }
}