{
  "sample_summary": {
    "sample_id": "15-3",
    "tri_view_label": 1,
    "slm_final_vote": 1,
    "confidence": 0.3,
    "referee_label": 1
  },
  "debate_dynamics": {
    "dominant_agent": "A",
    "least_agent": "C"
  },
  "_rounds": {
    "R1": {
      "A": {
        "label": 1,
        "self_conf": 0.1,
        "rationale": "Anomaly detected due to high number of packets with low packet size (<100 bytes) and high number of packets with high packet size (>1000 bytes) in the sample.",
        "key_features": [
          "dst_ip_freq: high",
          "dns_domain_name_freq: high"
        ],
        "cluster_novel": "unknown",
        "cluster_reason": "unknown",
        "alt_hypothesis": "burst scan",
        "attack_ref": "DDoS"
      },
      "B": {
        "label": 1,
        "self_conf": 0.1,
        "rationale": "The sample is far from the cluster centroid and in a sparse cluster.",
        "key_features": "dst_ip_freq: high, dns_domain_name_freq: high, duration: high, max_packets_len: high",
        "cluster_novel": "yes",
        "cluster_reason": "sample is far from cluster centroid and in a sparse cluster",
        "alt_hypothesis": "burst scan",
        "attack_ref": "DDoS"
      },
      "C": {
        "label": 1,
        "self_conf": 0.1,
        "rationale": "Low density of dst_ip_freq and dns_domain_name_freq",
        "key_features": "dst_ip_freq: high, dns_domain_name_freq: high",
        "cluster_novel": "no",
        "cluster_reason": "Low density of features",
        "alt_hypothesis": "Unknown",
        "attack_ref": "Low density of features"
      }
    },
    "R2": {
      "A": {
        "self_conf_before": 0.1,
        "peer_scores": 0.1,
        "critique": "Anomaly detected due to high number of packets with low packet size (<100 bytes) and high number of packets with high packet size (>1000 bytes) in the sample. The sample is far from the cluster centroid and in a sparse cluster.",
        "revise_label": {
          "changed": true,
          "new_label": 1,
          "reason": "Low density of dst_ip_freq and dns_domain_name_freq"
        },
        "self_conf_after": 0.1,
        "clarifying_question": "What factors contributed to the low density of dst_ip_freq and dns_domain_name_freq in the sample?"
      },
      "B": {
        "self_conf_before": 0.1,
        "peer_scores": 0.1,
        "critique": "The sample is far from the cluster centroid and in a sparse cluster.",
        "changed": false,
        "new_label": 1,
        "reason": "The sample is far from the cluster centroid and in a sparse cluster.",
        "self_conf_after": 0.1,
        "clarifying_question": "What is the cluster centroid?"
      },
      "C": {
        "self_conf_before": 0.1,
        "peer_scores": [
          0.1,
          0.1
        ],
        "critique": "Anomaly detected due to high number of packets with low packet size (<100 bytes) and high number of packets with high packet size (>1000 bytes) in the sample.",
        "changed": true,
        "new_label": 1,
        "reason": "The sample exhibits characteristics of a cluster outlier, with a high concentration of packets with low and high packet size, indicating a potential network intrusion attempt.",
        "self_conf_after": 0.3,
        "clarifying_question": "Could the observed anomalies be attributed to a specific cluster or device?"
      }
    },
    "R3": {
      "A": {
        "need_more_info": true,
        "questions": [
          {
            "label": "What factors contributed to the low density of dst_ip_freq and dns_domain_name_freq in the sample?",
            "self_conf": 0.1,
            "rationale": "The sample is far from the cluster centroid and in a sparse cluster. The observed anomalies could be attributed to a specific cluster or device.",
            "key_features": [
              "dst_ip_freq: high",
              "dns_domain_name_freq: high"
            ],
            "cluster_novel": "unknown",
            "cluster_reason": "unknown",
            "alt_hypothesis": "burst scan",
            "attack_ref": "DDoS"
          }
        ]
      },
      "B": {
        "label": 1,
        "self_conf": 0.1,
        "rationale": "The sample is far from the cluster centroid and in a sparse cluster.",
        "key_features": "dst_ip_freq: high, dns_domain_name_freq: high, duration: high, max_packets_len: high",
        "cluster_novel": "yes",
        "cluster_reason": "sample is far from cluster centroid and in a sparse cluster",
        "alt_hypothesis": "burst scan",
        "attack_ref": "DDoS"
      },
      "C": {
        "label": 1,
        "self_conf": 0.1,
        "rationale": "Low density of dst_ip_freq and dns_domain_name_freq",
        "key_features": "dst_ip_freq: high, dns_domain_name_freq: high",
        "cluster_novel": "no",
        "cluster_reason": "Low density of features",
        "alt_hypothesis": "Unknown",
        "attack_ref": "Low density of features"
      }
    },
    "judge": {
      "final_label": 1,
      "confidence": 0.3,
      "winning_agent": "C",
      "reason": "Agent C's hypothesis of the sample exhibiting characteristics of a cluster outlier, with a high concentration of packets with low and high packet size, is a valid explanation for the anomaly. While Agents A and B also identified anomalous behavior, their justifications did not provide a clear explanation for why the sample was an anomaly in the context of the overall dataset."
    }
  }
}