{
  "sample_summary": {
    "sample_id": "15-4",
    "tri_view_label": 0,
    "slm_final_vote": 0,
    "confidence": 0.5,
    "referee_label": null
  },
  "debate_dynamics": {
    "dominant_agent": "A",
    "least_agent": "C"
  },
  "_rounds": {
    "R1": {
      "A": {
        "label": 0,
        "self_conf": 0.2,
        "rationale": "The attacker used a combination of IP addresses with high frequency in the DNS domain name and low frequency in the DDoS attack. The attacker also used a high duration and a low packet length. The attacker's tri-view label is normal, indicating that the attacker is likely to be a legitimate user.",
        "key_features": [
          "dst_ip_freq: high",
          "dns_domain_name_freq: high"
        ],
        "cluster_novel": "yes",
        "cluster_reason": "low density",
        "alt_hypothesis": "burst scan",
        "attack_ref": "DDoS"
      },
      "B": {
        "label": 0,
        "self_conf": 0.2,
        "rationale": "I agree with the tri-view label because the cluster ID is 58, which is a known benign cluster.",
        "key_features": "dst_ip_freq: high, dns_domain_name_freq: low, duration: short, max_packets_len: high",
        "cluster_novel": "no",
        "cluster_reason": "low density",
        "alt_hypothesis": "false positive",
        "attack_ref": "unknown"
      },
      "C": {
        "label": 0,
        "self_conf": 0.2,
        "rationale": "Low density of dst_ip_freq and dns_domain_name_freq",
        "key_features": "dst_ip_freq: high, dns_domain_name_freq: high",
        "cluster_novel": "no",
        "cluster_reason": "Low density of both features",
        "alt_hypothesis": "Unknown",
        "attack_ref": "Low density of dst_ip_freq and dns_domain_name_freq"
      }
    },
    "R2": {
      "A": {
        "self_conf_before": 0.2,
        "peer_scores": 0.2,
        "critique": "The attacker used a combination of IP addresses with high frequency in the DNS domain name and low frequency in the DDoS attack. The attacker also used a high duration and a low packet length. The attacker's tri-view label is normal, indicating that the attacker is likely to be a legitimate user.",
        "revise_label": {
          "changed": true,
          "new_label": 0,
          "reason": "Burnt out"
        },
        "self_conf_after": 0.2,
        "clarifying_question": "What is the reason for the change in label from normal to burnt out, and what does it imply about the attacker's behavior?"
      },
      "B": {
        "self_conf_before": 0.2,
        "peer_scores": 0.2,
        "critique": "I agree with the tri-view label because the cluster ID is    58, which is a known benign cluster.",
        "changed": false,
        "new_label": 0,
        "reason": "I have changed my label to 0 because the peer's rationale is more convincing.",
        "self_conf_after": 0.2,
        "clarifying_question": "What is the significance of the cluster ID 58?"
      },
      "C": {
        "self_conf_before": 0.2,
        "peer_scores": [
          0.2,
          0.2
        ],
        "critique": "I agree with the peers that the attacker used a combination of IP addresses with high frequency in the DNS domain name and low frequency in the DDoS attack. The attacker also used a high duration and a low packet length. The attacker's tri-view label is normal, indicating that the attacker is likely to be a legitimate user.",
        "changed": true,
        "new_label": 1,
        "reason": "The peer scores suggest that the original label was incorrect, and the revised label of 1 indicates that the attacker likely used a combination of IP addresses with high frequency in the DNS domain name and low frequency in the DDoS attack.",
        "self_conf_after": 0.8,
        "clarifying_question": "Is there any evidence other than the tri-view label to support the claim that the attacker used a combination of IP addresses with high frequency in the DNS domain name and low frequency in the DDoS attack?"
      }
    },
    "R3": {
      "A": {},
      "B": {
        "need_more_info": false,
        "questions": []
      },
      "C": {
        "need_more_info": false,
        "questions": [
          "What is the reason for the change in label from normal to burnt out, and what does it imply about the attacker's behavior?"
        ]
      }
    },
    "judge": {
      "_raw_output": "{\n  \"final_label\": 1,\n  \"confidence\": 0.8,\n  \"winning_agent\": \"C\",\n  \"reason\": \"The peer scores suggest that the original label was incorrect, and the revised label of 1 indicates that the attacker likely used a combination of IP addresses with high frequency in the DNS domain name and low frequency in the DDoS attack.\""
    }
  }
}