{
  "sample_summary": {
    "sample_id": "15-6",
    "tri_view_label": 0,
    "slm_final_vote": 0,
    "confidence": 0.5,
    "referee_label": null
  },
  "debate_dynamics": {
    "dominant_agent": "A",
    "least_agent": "B"
  },
  "_rounds": {
    "R1": {
      "A": {
        "label": 0,
        "self_conf": 0.2,
        "rationale": "The attacker used a combination of IP addresses with high frequency in the DNS domain name and low frequency in the DDoS attack. The attacker also used a high duration and a low packet length. The attacker's size was medium, with a density of 2.0882135454393884. The attacker's cluster ID was 78, with a size of 153, a density of 2.0882135454393884, and a distortion of 0.671998175274771.",
        "key_features": [
          "dst_ip_freq: high",
          "dns_domain_name_freq: high"
        ],
        "cluster_novel": "no",
        "cluster_reason": "unknown",
        "alt_hypothesis": "unknown",
        "attack_ref": "unknown"
      },
      "B": {
        "label": 0,
        "self_conf": 0.2,
        "rationale": "I agree with the tri-view label because the cluster ID is 78, which is a known benign cluster. The cluster has a high density and is not too far from the normal cluster. The attack type is also unknown, so I think it's safe to say that it's not a malicious attack.",
        "key_features": "dst_ip_freq: high, dns_domain_name_freq: low, duration: short, max_packets_len: high",
        "cluster_novel": "no",
        "cluster_reason": "high density",
        "alt_hypothesis": "burst scan",
        "attack_ref": "unknown"
      },
      "C": {
        "label": 0,
        "self_conf": 0.2,
        "rationale": "Low density of dst_ip_freq and dns_domain_name_freq",
        "key_features": "dst_ip_freq: high, dns_domain_name_freq: high",
        "cluster_novel": "no",
        "cluster_reason": "Low density of both features",
        "alt_hypothesis": "Unknown",
        "attack_ref": "Low density of dst_ip_freq and dns_domain_name_freq"
      }
    },
    "R2": {
      "A": {
        "self_conf_before": 0.2,
        "peer_scores": 0.2,
        "critique": "The attacker used a combination of IP addresses with high frequency in the DNS domain name and low frequency in the DDoS attack. The attacker also used a high duration and a low packet length. The attacker's size was medium, with a density of 2.0882135454393884. The attacker's cluster ID was 78, with a size of 153, a density of 2.0882135454393884, and a distortion of 0.671998175274771.",
        "revise_label": {
          "changed": true,
          "new_label": 0,
          "reason": "I agree with the tri-view label because the cluster ID is 78, which is a known benign cluster. The cluster has a high density and is not too far from the normal cluster. The attack type is also unknown, so I think it's safe to say that it's not a malicious attack."
        },
        "self_conf_after": 0.2,
        "clarifying_question": "What is the cluster ID of the attacker's cluster and how does it compare to the normal cluster?"
      },
      "B": {
        "revise_label": {
          "changed": false,
          "new_label": null,
          "reason": ""
        }
      },
      "C": {
        "self_conf_before": 0.2,
        "peer_scores": 0.2,
        "critique": "I agree with the tri-view label because the cluster ID is 78, which is a known benign cluster. The cluster has a high density and is not too far from the normal cluster. The attack type is also unknown, so I think it's safe to say that it's not a malicious attack.",
        "changed": false,
        "new_label": 1,
        "reason": "I changed the label to 1 because the peer's label and rationale suggest a legitimate attack, while my original rationale suggested a malicious attack.",
        "self_conf_after": 0.8,
        "clarifying_question": "Is it possible that the attacker used a legitimate DNS attack but made a mistake in the cluster ID or distance?"
      }
    },
    "R3": {
      "A": {},
      "B": {},
      "C": {
        "label": 1,
        "self_conf": 0.8,
        "rationale": "Low density of dst_ip_freq and dns_domain_name_freq",
        "key_features": "dst_ip_freq: high, dns_domain_name_freq: high",
        "cluster_novel": "no",
        "cluster_reason": "Low density of both features",
        "alt_hypothesis": "Unknown",
        "attack_ref": "Low density of dst_ip_freq and dns_domain_name_freq"
      }
    },
    "judge": {
      "_raw_output": "{\n  \"final_label\": 1,\n  \"confidence\": 0.8,\n  \"winning_agent\": \"C\",\n  \"reason\": \"Agent C's label and rationale suggest that the low density of dst_ip_freq and dns_domain_name_freq is a key feature of a legitimate attack, which is supported by the tri-view label and the consensus among the agents.\""
    }
  }
}