{
  "sample_summary": {
    "sample_id": "15-8",
    "tri_view_label": 0,
    "slm_final_vote": 0,
    "confidence": 0.5,
    "referee_label": null
  },
  "debate_dynamics": {
    "dominant_agent": "A",
    "least_agent": "B"
  },
  "_rounds": {
    "R1": {
      "A": {
        "label": 0,
        "self_conf": 0.2,
        "rationale": "The attacker used a combination of IP addresses with high frequency in the DNS domain name and low frequency in the DDoS attack. The attacker also used a high duration and a low packet length. The attacker's size was medium, with a density of 2.0882135454393884, indicating a high probability of being a benign anomaly.",
        "key_features": [
          "dns_domain_name_freq: high",
          "dst_ip_freq: high"
        ],
        "cluster_novel": "yes",
        "cluster_reason": "low density",
        "alt_hypothesis": "burst scan",
        "attack_ref": "DDoS"
      },
      "B": {
        "label": 0,
        "self_conf": 0.2,
        "rationale": "I agree with the tri-view label because the cluster ID is 78, which is a known attack type.",
        "key_features": "dst_ip_freq: high, dns_domain_name_freq: low, duration: short, max_packets_len: high",
        "cluster_novel": "yes",
        "cluster_reason": "low density",
        "alt_hypothesis": "burst scan",
        "attack_ref": "DDoS"
      },
      "C": {
        "label": 0,
        "self_conf": 0.2,
        "rationale": "Low packet density on Friday",
        "key_features": "dst_ip_freq: high,duration: low",
        "cluster_novel": "no",
        "cluster_reason": "Low density",
        "alt_hypothesis": "Possibly malicious activity",
        "attack_ref": "Low density attack"
      }
    },
    "R2": {
      "A": {
        "self_conf_before": 0.2,
        "peer_scores": 0.2,
        "critique": "I agree with the tri-view label because the cluster ID is 78, which is a known attack type.",
        "revise_label": {
          "changed": true,
          "new_label": 0,
          "reason": "Low packet density on Friday"
        },
        "self_conf_after": 0.2,
        "clarifying_question": "What is the reason for the peer's change in label?"
      },
      "B": {
        "revise_label": {
          "changed": false,
          "new_label": null,
          "reason": ""
        }
      },
      "C": {
        "self_conf_before": 0.2,
        "peer_scores": [
          0.2,
          0.2
        ],
        "critique": "I agree with the peers that the cluster ID is 78, which is a known attack type. However, the rationale provided by the agent suggests a possible malicious activity rather than an attack type. The conflicting information warrants further investigation.",
        "changed": true,
        "new_label": 1,
        "reason": "The conflicting information between the agent's rationale and the cluster ID suggests a possible malicious activity, requiring further investigation.",
        "self_conf_after": 0.4,
        "clarifying_question": "Could the agent be mistaken due to the overlapping characteristics between legitimate and malicious attack types? How can we better distinguish between these types in the future?"
      }
    },
    "R3": {
      "A": {},
      "B": {},
      "C": {
        "label": 1,
        "self_conf": 0.4,
        "rationale": "The conflicting information between the agent's rationale and the cluster ID suggests a possible malicious activity, requiring further investigation.",
        "key_features": "dst_ip_freq: high,duration: low",
        "cluster_novel": "no",
        "cluster_reason": "Low density",
        "alt_hypothesis": "Possibly malicious activity",
        "attack_ref": "Low density attack"
      }
    },
    "judge": {
      "_raw_output": "{\n  \"final_label\": 1,\n  \"confidence\": 0.4,\n  \"winning_agent\": \"C\",\n  \"reason\": \"The conflicting information between the agent's rationale and the cluster ID suggests a possible malicious activity, requiring further investigation.\""
    }
  }
}