{
  "sample_summary": {
    "sample_id": "15-9",
    "tri_view_label": 1,
    "slm_final_vote": 1,
    "confidence": 0.8,
    "referee_label": 1
  },
  "debate_dynamics": {
    "dominant_agent": "A",
    "least_agent": "B"
  },
  "_rounds": {
    "R1": {
      "A": {
        "label": 1,
        "self_conf": 0.2,
        "rationale": "The anomaly detected in the tri-view label is an anomaly with a size of 614 and a density of 3.397705570825483. The cluster ID is 130, and the time is Weekday (Friday).",
        "key_features": [
          "dst_ip_freq: high",
          "dns_domain_name_freq: low"
        ],
        "cluster_novel": "unknown",
        "cluster_reason": "unknown",
        "alt_hypothesis": "burst scan",
        "attack_ref": "DDoS"
      },
      "B": {
        "label": 1,
        "self_conf": 0.2,
        "rationale": "I agree with the tri-view label because the cluster ID is 130, which is a known anomaly. The cluster size is also larger than average, and the density is higher than usual. The time is also a factor, as Friday is a common day for DDoS attacks. The key features are: dst_ip_freq: high, dns_domain_name_freq: low, duration: long, max_packets_len: high. The cluster is also novel, as it has not been seen before. The attack hypothesis is unknown, but it could be a DDoS attack. The cluster reason is low density, as the cluster is spread out over a large area."
      },
      "C": {
        "label": 1,
        "self_conf": 0.2,
        "rationale": "Low density of dst_ip_freq and dns_domain_name_freq",
        "key_features": "dst_ip_freq: high, dns_domain_name_freq: low",
        "cluster_novel": "no",
        "cluster_reason": "Low density of both features suggests a potential attack",
        "alt_hypothesis": "Possible DNS cache poisoning attack",
        "attack_ref": "DNS cache poisoning"
      }
    },
    "R2": {
      "A": {
        "self_conf_before": 0.2,
        "peer_scores": 0.2,
        "critique": "The anomaly detected in the tri-view label is an anomaly with a size of 614 and a density of 3.397705570825483. The cluster ID is 130, and the time is Weekday (Friday). The key features are: dst_ip_freq: high, dns_domain_name_freq: low, duration: long, max_packets_len: high. The cluster is also novel, as it has not been seen before. The attack hypothesis is unknown, but it could be a DDoS attack. The cluster reason is low density, as the cluster is spread out over a large area.",
        "revise_label": {
          "changed": false,
          "new_label": 1,
          "reason": "The cluster ID is 130, and the time is Weekday (Friday)."
        },
        "self_conf_after": 0.2,
        "clarifying_question": "What is the cluster ID and time for the anomaly detected in the tri-view label, and why is it considered novel?"
      },
      "B": {
        "revise_label": {
          "changed": false,
          "new_label": null,
          "reason": ""
        }
      },
      "C": {
        "revise_label": {
          "changed": false,
          "new_label": null,
          "reason": ""
        }
      }
    },
    "R3": {
      "A": {},
      "B": {
        "label": 1,
        "self_conf": 0.2,
        "questions": [
          "What is the cluster ID and time for the anomaly detected in the tri-view label, and why is it considered novel?"
        ]
      },
      "C": {
        "label": 1,
        "self_conf": 0.2,
        "rationale": "Low density of dst_ip_freq and dns_domain_name_freq",
        "key_features": "dst_ip_freq: high, dns_domain_name_freq: low",
        "cluster_novel": "no",
        "cluster_reason": "Low density of both features suggests a potential attack",
        "alt_hypothesis": "Possible DNS cache poisoning attack",
        "attack_ref": "DNS cache poisoning"
      }
    },
    "judge": {
      "final_label": 1,
      "confidence": 0.8,
      "winning_agent": "A",
      "reason": "All agents agree on the label being anomalous with a cluster ID of 130 and the time being a weekday (Friday). Agent A provides additional information about the size and density of the anomaly, which justifies their initial confidence. Since all agents agree and Agent A's justification is more detailed, they are deemed the winning agent."
    }
  }
}