{
  "sample_summary": {
    "sample_id": "16-1",
    "tri_view_label": 0,
    "slm_final_vote": 1,
    "confidence": 0.6,
    "referee_label": 1
  },
  "debate_dynamics": {
    "dominant_agent": "A",
    "least_agent": "C"
  },
  "_rounds": {
    "R1": {
      "A": {
        "label": 0,
        "self_conf": 0.2,
        "rationale": "The attacker used a combination of IP addresses with high frequency in the DNS domain name and low frequency in the DDoS attack. The attacker also used a high duration and a low packet length. The attacker's size was medium, with a density of 2.3446919291860633, indicating a high probability of being a benign anomaly.",
        "key_features": [
          "dns_domain_name_freq: high",
          "dst_ip_freq: high"
        ],
        "cluster_novel": "yes",
        "cluster_reason": "low density",
        "alt_hypothesis": "burst scan",
        "attack_ref": "DDoS"
      },
      "B": {
        "label": 0,
        "self_conf": 0.2,
        "rationale": "I agree with the tri-view label because the cluster is dense and has a high frequency of DNS domain name queries.",
        "key_features": "dst_ip_freq: high, dns_domain_name_freq: high, duration: high, max_packets_len: high",
        "cluster_novel": "yes",
        "cluster_reason": "high density",
        "alt_hypothesis": "false positive",
        "attack_ref": "unknown"
      },
      "C": {
        "label": 0,
        "self_conf": 0.2,
        "rationale": "Low packet density on Friday",
        "key_features": "dst_ip_freq: high",
        "cluster_novel": "no",
        "cluster_reason": "Low density",
        "alt_hypothesis": "Possibly due to high traffic on Friday",
        "attack_ref": "unknown"
      }
    },
    "R2": {
      "A": {
        "self_conf_before": 0.2,
        "peer_scores": 0.2,
        "critique": "I agree with the tri-view label because the cluster is dense and has a high frequency of DNS domain name queries.",
        "revise_label": {
          "changed": true,
          "new_label": 0,
          "reason": "Low packet density on Friday"
        },
        "self_conf_after": 0.2,
        "clarifying_question": "Why did the peer revise your label to low packet density on Friday?"
      },
      "B": {
        "self_conf_before": 0.2,
        "peer_scores": 0.2,
        "critique": "I agree with the tri-view label because the cluster is dense and has a high frequency of DNS domain name queries.",
        "changed": false,
        "new_label": 0,
        "reason": "I changed my label because the peer's rationale was more convincing.",
        "self_conf_after": 0.2,
        "clarifying_question": "What is the significance of the cluster's density in this case?"
      },
      "C": {
        "self_conf_before": 0.2,
        "peer_scores": [
          0.2,
          0.2
        ],
        "critique": "My rationale seems to be consistent with the peers' predictions, but I need more context to understand the specific details of the attack. The lack of clarity in the cluster reason and the conflicting evidence from the alternative hypothesis suggest that further investigation might be needed.",
        "changed": false,
        "new_label": 1,
        "reason": "Need more context to understand the specific details of the attack.",
        "self_conf_after": 0.4,
        "clarifying_question": "Could the cluster reason be more specific? Are there any other anomalies that could be contributing to the high density?"
      }
    },
    "R3": {
      "A": {
        "need_more_info": true,
        "questions": [
          {
            "label": "What is the significance of the cluster's density in this case?",
            "self_conf": 0.2,
            "rationale": "The attacker used a combination of IP addresses with high frequency in the DNS domain name and low frequency in the DDoS attack. The attacker also used a high duration and a low packet length. The attacker's size was medium, with a density of 2.3446919291860633, indicating a high probability of being a benign anomaly.",
            "key_features": [
              "dns_domain_name_freq: high",
              "dst_ip_freq: high"
            ],
            "cluster_novel": "yes",
            "cluster_reason": "low density",
            "alt_hypothesis": "burst scan",
            "attack_ref": "DDoS"
          },
          {
            "label": "What is the conflict between the alternative hypothesis and the cluster reason?",
            "self_conf": 0.4,
            "rationale": "The attacker's size was medium, with a density of 2.3446919291860633, indicating a high probability of being a benign anomaly. The cluster reason is low density, which suggests that the attacker's behavior was not consistent with the cluster's density. The conflicting evidence from the alternative hypothesis suggests that further investigation is needed to understand the specific details of the attack."
          },
          {
            "label": "Could the cluster reason be more specific?",
            "self_conf": 0.1,
            "rationale": "The lack of clarity in the cluster reason and the conflicting evidence from the alternative hypothesis suggest that further investigation might be needed. The cluster reason is low density, which suggests that the attacker's behavior was not consistent with the cluster's density. The conflicting evidence from the alternative hypothesis suggests that the attacker's behavior was not consistent with the cluster's density."
          }
        ]
      },
      "B": {
        "need_more_info": false,
        "questions": []
      },
      "C": {
        "need_more_info": false,
        "questions": [
          "Why did the peer revise your label to low packet density on Friday?"
        ]
      }
    },
    "judge": {
      "final_label": 1,
      "confidence": 0.6,
      "winning_agent": "C",
      "reason": "The lack of clarity in the cluster reason and the conflicting evidence from the alternative hypothesis suggest that further investigation is needed. Agent C's question about the peer's rationale for revising the label to low packet density on Friday highlights the need for more context and information to make a definitive label."
    }
  }
}