{
  "sample_summary": {
    "sample_id": "16-2",
    "tri_view_label": 0,
    "slm_final_vote": 0,
    "confidence": 0.5,
    "referee_label": null
  },
  "debate_dynamics": {
    "dominant_agent": "B",
    "least_agent": "A"
  },
  "_rounds": {
    "R1": {
      "A": {
        "label": 0,
        "self_conf": 0.2,
        "rationale": "The maximum number of packets sent in a single direction is 556, with a density of 2.2800141711174615. The cluster ID is 119, with a size of 556 and a density of 2.2800141711174615.",
        "key_features": [
          "dst_ip_freq: -1.177564934372228",
          "dns_domain_name_freq: -0.7119320322726737"
        ],
        "cluster_novel": "no",
        "cluster_reason": "unknown",
        "alt_hypothesis": "burst scan",
        "attack_ref": "DDoS"
      },
      "B": {
        "label": 0,
        "self_conf": 0.2,
        "rationale": "I agree with the tri-view label because the cluster is dense and the attack is DDoS",
        "key_features": "dst_ip_freq: high, dns_domain_name_freq: low, duration: long, max_packets_len: high",
        "cluster_novel": "yes",
        "cluster_reason": "high density",
        "alt_hypothesis": "DDoS",
        "attack_ref": "DDoS"
      },
      "C": {
        "label": 0,
        "self_conf": 0.2,
        "rationale": "Low packet density on Friday",
        "key_features": "dst_ip_freq: high",
        "cluster_novel": "no",
        "cluster_reason": "Low density",
        "alt_hypothesis": "Possibly due to high traffic on Friday",
        "attack_ref": "unknown"
      }
    },
    "R2": {
      "A": {
        "revise_label": {
          "changed": false,
          "new_label": null,
          "reason": ""
        }
      },
      "B": {
        "self_conf_before": 0.2,
        "peer_scores": 0.2,
        "critique": "I agree with the tri-view label because the cluster is dense and the attack is DDoS",
        "changed": false,
        "new_label": 0,
        "reason": "I changed my label because the cluster is dense and the attack is DDoS",
        "self_conf_after": 0.2,
        "clarifying_question": "What is the maximum number of packets sent in a single direction?"
      },
      "C": {
        "self_conf_before": 0.2,
        "peer_scores": [
          0.2,
          0.2
        ],
        "critique": "The rationale suggests a DDoS attack, but the specific details and cluster characteristics are unclear. Further analysis is needed to confirm the attack hypothesis.",
        "changed": true,
        "new_label": 1,
        "reason": "The cluster density and attack direction suggest a DDoS attack, but the specific details and cluster characteristics are unclear. Further analysis is needed to confirm the attack hypothesis.",
        "self_conf_after": 0.4,
        "clarifying_question": "Could the cluster density be influenced by factors other than the attack, such as network configuration or user behavior?"
      }
    },
    "R3": {
      "A": {},
      "B": {
        "self_conf_before": 0.4,
        "peer_scores": 0.4,
        "critique": "I agree with the tri-view label because the cluster is dense and the attack is DDoS",
        "changed": false,
        "new_label": 1,
        "reason": "I changed my label because the cluster is dense and the attack is DDoS",
        "self_conf_after": 0.4,
        "clarifying_question": "Could the cluster density be influenced by factors other than the attack, such as network configuration or user behavior?"
      },
      "C": {
        "need_more_info": false,
        "questions": [
          "What is the maximum number of packets sent in a single direction?"
        ]
      }
    },
    "judge": {
      "_raw_output": "{\n  \"final_label\": 1,\n  \"confidence\": 0.6,\n  \"winning_agent\": \"C\",\n  \"reason\": \"Agent C's critique raises valid concerns about the cluster characteristics and the need for further analysis. While Agents A and B both agree on the label, Agent C's critique and question challenge the assumptions made by the other agents and encourage a more thorough investigation.\""
    }
  }
}