{
  "sample_summary": {
    "sample_id": "16-4",
    "tri_view_label": 0,
    "slm_final_vote": 0,
    "confidence": 0.5,
    "referee_label": null
  },
  "debate_dynamics": {
    "dominant_agent": "A",
    "least_agent": "B"
  },
  "_rounds": {
    "R1": {
      "A": {
        "label": 0,
        "self_conf": 0.2,
        "rationale": "The attacker used a combination of IP addresses with high frequency in the DNS domain name and low frequency in the DDoS attack. The attacker also used a high duration and a low packet length. The attacker's tri-view label is 0 (normal) and the cluster ID is 81 with a size of 553 and a density of 2.346309671621333. The attacker's time was Weekday (Friday).",
        "key_features": [
          "dst_ip_freq: high",
          "dns_domain_name_freq: high"
        ],
        "cluster_novel": "yes",
        "cluster_reason": "low density",
        "alt_hypothesis": "burst scan",
        "attack_ref": "DDoS"
      },
      "B": {
        "label": 0,
        "self_conf": 0.2,
        "rationale": "I agree with the tri-view label because the cluster ID is 81, which is a known attack type.",
        "key_features": "dst_ip_freq: high, dns_domain_name_freq: high, duration: high, max_packets_len: high",
        "cluster_novel": "yes",
        "cluster_reason": "high density",
        "alt_hypothesis": "DDoS",
        "attack_ref": "DDoS"
      },
      "C": {
        "label": 0,
        "self_conf": 0.2,
        "rationale": "Low density of DNS requests during weekdays",
        "key_features": "dst_ip_freq: high",
        "cluster_novel": "no",
        "cluster_reason": "Low density suggests normal behavior",
        "alt_hypothesis": "Unknown",
        "attack_ref": "Low density of DNS requests on weekdays"
      }
    },
    "R2": {
      "A": {
        "self_conf_before": 0.2,
        "peer_scores": 0.2,
        "critique": "The attacker used a combination of IP addresses with high frequency in the DNS domain name and low frequency in the DDoS attack. The attacker also used a high duration and a low packet length. The attacker's tri-view label is 0 (normal) and the cluster ID is 81 with a size of 553 and a density of 2.346309671621333. The attacker's time was Weekday (Friday).",
        "revise_label": {
          "changed": true,
          "new_label": 1,
          "reason": "Low density of DNS requests during weekdays"
        },
        "self_conf_after": 0.2,
        "clarifying_question": "Why did the attacker use a combination of IP addresses with high frequency in the DNS domain name and low frequency in the DDoS attack, and what is the significance of this observation in the context of the attack?"
      },
      "B": {
        "revise_label": {
          "changed": false,
          "new_label": null,
          "reason": ""
        }
      },
      "C": {
        "self_conf_before": 0.2,
        "peer_scores": [
          0.2,
          0.2
        ],
        "critique": "The rationale still holds, but the peer scores suggest a higher confidence in the original prediction.",
        "changed": false,
        "new_label": 1,
        "reason": "The peer scores indicate a higher confidence in the original prediction, possibly due to the presence of multiple anomalous behaviors observed in the cluster.",
        "self_conf_after": 0.5,
        "clarifying_question": "Could the attacker be exploiting other factors besides the tri-view label and cluster ID?"
      }
    },
    "R3": {
      "A": {},
      "B": {
        "label": 1,
        "self_conf": 0.5,
        "rationale": "The attacker used a combination of IP addresses with high frequency in the DNS domain name and low frequency in the DDoS attack, and the significance of this observation is that it indicates a high level of coordination and planning among the attackers, which could be a sign of a larger and more sophisticated attack.",
        "key_features": "dst_ip_freq: high, dns_domain_name_freq: high, duration: high, max_packets_len: high",
        "cluster_novel": "yes",
        "cluster_reason": "high density",
        "alt_hypothesis": "DDoS",
        "attack_ref": "DDoS"
      },
      "C": {
        "label": 0,
        "self_conf": 0.2,
        "rationale": "Low density of DNS requests during weekdays",
        "key_features": "dst_ip_freq: high",
        "cluster_novel": "no",
        "cluster_reason": "Low density suggests normal behavior",
        "alt_hypothesis": "Unknown",
        "attack_ref": "Low density of DNS requests on weekdays"
      }
    },
    "judge": {
      "_raw_output": "{\n  \"final_label\": 1,\n  \"confidence\": 0.6,\n  \"winning_agent\": \"B\",\n  \"reason\": \"Agent B's rationale provides a more comprehensive justification for the anomalous behavior observed, suggesting a high level of coordination and planning among the attackers, which is a significant indicator of a more sophisticated attack.\""
    }
  }
}