{
  "sample_summary": {
    "sample_id": "16-5",
    "tri_view_label": 0,
    "slm_final_vote": 0,
    "confidence": 0.6,
    "referee_label": 0
  },
  "debate_dynamics": {
    "dominant_agent": "A",
    "least_agent": "B"
  },
  "_rounds": {
    "R1": {
      "A": {
        "label": 0,
        "self_conf": 0.2,
        "rationale": "The attacker used a combination of IP addresses with high frequency in the DNS domain name and low frequency in the DDoS attack. The attacker also used a high duration and a large number of packets. The attacker's size was small compared to the normal attacker, and the density was low compared to the normal attacker. The attacker's cluster ID was 250, indicating a cluster with a high density and low size. The attacker's time was a weekday, indicating a normal attacker.",
        "key_features": [
          "dns_domain_name_freq: high",
          "dst_ip_freq: high"
        ],
        "cluster_novel": "yes",
        "cluster_reason": "low density",
        "alt_hypothesis": "burst scan",
        "attack_ref": "DDoS"
      },
      "B": {
        "label": 0,
        "self_conf": 0.2,
        "rationale": "I agree with the tri-view label because the cluster ID is 250, which is a normal cluster. The cluster size is 258, density is 2.06825010402049, and the distance is 0.3387596240359436. The cluster is on a Friday, which is a normal day for network traffic. The cluster has a high self-confidence of 0.2, which means that it is likely to be a normal cluster. The cluster has three key features: dst_ip_freq: high, dns_domain_name_freq: low, and max_packets_len: high. These features indicate that the cluster is likely to be a normal cluster. The cluster is novel because it is not a known attack type. The cluster reason is low density, which means that the cluster is not very crowded. The cluster has a benign explanation: it is a normal cluster. The attack reference is unknown."
      },
      "C": {
        "label": 0,
        "self_conf": 0.2,
        "rationale": "Low density of DNS requests during weekdays",
        "key_features": "dst_ip_freq: high",
        "cluster_novel": "no",
        "cluster_reason": "Low density of DNS requests",
        "alt_hypothesis": "Possible bot activity",
        "attack_ref": "Low density of DNS requests on weekdays"
      }
    },
    "R2": {
      "A": {
        "self_conf_before": 0.2,
        "peer_scores": 0.2,
        "critique": "The attacker used a combination of IP addresses with high frequency in the DNS domain name and low frequency in the DDoS attack. The attacker also used a high duration and a large number of packets. The attacker's size was small compared to the normal attacker, and the density was low compared to the normal attacker. The attacker's cluster ID was 250, indicating a cluster with a high density and low size. The attacker's time was a weekday, indicating a normal attacker.",
        "key_features": [
          "dns_domain_name_freq: high",
          "dst_ip_freq: high"
        ],
        "cluster_novel": "yes",
        "cluster_reason": "low density",
        "alt_hypothesis": "burst scan",
        "attack_ref": "DDoS",
        "revise_label": {
          "changed": true,
          "new_label": 0,
          "reason": "The attacker used a combination of IP addresses with high frequency in the DNS domain name and low frequency in the DDoS attack. The attacker also used a high duration and a large number of packets. The attacker's size was small compared to the normal attacker, and the density was low compared to the normal attacker. The attacker's cluster ID was 250, indicating a cluster with a high density and low size. The attacker's time was a weekday, indicating a normal attacker."
        },
        "self_conf_after": 0.2,
        "clarifying_question": "What is the reason for the attacker using a combination of IP addresses with high frequency in the DNS domain name and low frequency in the DDoS attack?"
      },
      "B": {
        "revise_label": {
          "changed": false,
          "new_label": null,
          "reason": ""
        }
      },
      "C": {
        "revise_label": {
          "changed": false,
          "new_label": null,
          "reason": ""
        }
      }
    },
    "R3": {
      "A": {},
      "B": {},
      "C": {
        "need_more_info": false,
        "questions": [
          "What is the reason for the attacker using a combination of IP addresses with high frequency in the DNS domain name and low frequency in the DDoS attack?"
        ]
      }
    },
    "judge": {
      "final_label": 0,
      "confidence": 0.6,
      "winning_agent": "A",
      "reason": "Agent A's analysis provides a clear rationale for the anomaly being a normal cluster based on the combination of high DNS domain name frequency and low DDoS attack frequency, high duration, large packet size, and normal cluster size and density. Agent B's analysis agrees with this assessment and provides additional evidence of the cluster's normalcy. Agent C's analysis also supports the normalcy hypothesis but does not provide new information beyond what has already been presented."
    }
  }
}