{
  "sample_summary": {
    "sample_id": "16-6",
    "tri_view_label": 1,
    "slm_final_vote": 1,
    "confidence": 0.8,
    "referee_label": 1
  },
  "debate_dynamics": {
    "dominant_agent": "A",
    "least_agent": "B"
  },
  "_rounds": {
    "R1": {
      "A": {},
      "B": {
        "label": 1,
        "self_conf": 0.2,
        "rationale": "I agree with the tri-view label because the cluster ID is 130, which is a known anomaly cluster. The cluster size is 350, which is larger than the average cluster size of 300. The cluster density is 3.4086463643617066, which is higher than the average cluster density of 2.5. The cluster distance is 0.3547031999632768, which is closer than the average cluster distance of 0.5. The cluster time is Friday, which is a weekday and not a weekend. Therefore, I think this is an anomaly cluster.",
        "key_features": "dst_ip_freq: high, dns_domain_name_freq: high, duration: high, max_packets_len: high",
        "cluster_novel": "yes",
        "cluster_reason": "high density",
        "alt_hypothesis": "burst scan",
        "attack_ref": "DDoS"
      },
      "C": {
        "label": 1,
        "self_conf": 0.2,
        "rationale": "High packet frequency during weekdays",
        "key_features": "dst_ip_freq: high",
        "cluster_novel": "no",
        "cluster_reason": "Low density",
        "alt_hypothesis": "Possible malware activity",
        "attack_ref": "Malware"
      }
    },
    "R2": {
      "A": {
        "self_conf_before": 0.2,
        "peer_scores": 0.2,
        "critique": "I agree with the tri-view label because the cluster ID is 130, which is a known anomaly cluster. The cluster size is 350, which is larger than the average cluster size of 300. The cluster density is 3.4086463643617066, which is higher than the average cluster density of 2.5. The cluster distance is 0.3547031999632768, which is closer than the average cluster distance of 0.5. The cluster time is Friday, which is a weekday and not a weekend. Therefore, I think this is an anomaly cluster.",
        "revise_label": {
          "changed": true,
          "new_label": 1,
          "reason": "High packet frequency during weekdays"
        },
        "self_conf_after": 0.2,
        "clarifying_question": "Why do you think this is an anomaly cluster?"
      },
      "B": {
        "revise_label": {
          "changed": false,
          "new_label": null,
          "reason": ""
        }
      },
      "C": {
        "self_conf_before": 0.2,
        "peer_scores": [
          0.2,
          0.8
        ],
        "critique": "I agree with the tri-view label because the cluster ID is 130, which is a known anomaly cluster. The cluster size is 350, which is larger than the average cluster size of 300. The cluster density is 3.4086463643617066, which is higher than the average cluster density of 2.5. The cluster distance is 0.3547031999632768, which is closer than the average cluster distance of 0.5. The cluster time is Friday, which is a weekday and not a weekend. Therefore, I think this is an anomaly cluster.",
        "changed": true,
        "new_label": 1,
        "reason": "I have more confidence in the tri-view label due to the larger cluster size and higher density compared to the average cluster.",
        "self_conf_after": 0.8,
        "clarifying_question": "Is there any evidence to support the alternative hypothesis besides the cluster ID?"
      }
    },
    "R3": {
      "A": {},
      "B": {},
      "C": {}
    },
    "judge": {
      "final_label": 1,
      "confidence": 0.8,
      "winning_agent": "C",
      "reason": "Agent C had the highest confidence and provided a clear rationale for the anomaly label based on the high packet frequency during weekdays, which aligns with the tri-view label and the known anomaly cluster. Agent B's rationale was similar but did not provide new information, and Agent A did not provide any rationale or justification."
    }
  }
}