{
  "sample_summary": {
    "sample_id": "16-7",
    "tri_view_label": 0,
    "slm_final_vote": 0,
    "confidence": 0.5,
    "referee_label": null
  },
  "debate_dynamics": {
    "dominant_agent": "A",
    "least_agent": "B"
  },
  "_rounds": {
    "R1": {
      "A": {
        "label": 0,
        "self_conf": 0.2,
        "rationale": "The attacker used a combination of IP addresses with high frequency in the DNS domain name and low frequency in the DDoS attack. The attacker also used a high duration and a low maximum packet length. The cluster ID is 58, with a size of 287, a density of 2.0282284219178393, and a distance of 0.514733520290135.",
        "key_features": [
          "dst_ip_freq: high",
          "dns_domain_name_freq: high"
        ],
        "cluster_novel": "no",
        "cluster_reason": "unknown",
        "alt_hypothesis": "burst scan",
        "attack_ref": "DDoS"
      },
      "B": {
        "label": 0,
        "self_conf": 0.2,
        "rationale": "I agree with the tri-view label because the cluster ID is 58, which is a known cluster, and the cluster is dense and close to the target. The attack type is also known, which is a DDoS attack. The cluster is on a Friday, which is a busy day for attacks.",
        "key_features": "dst_ip_freq: high, dns_domain_name_freq: low, duration: long, max_packets_len: high",
        "cluster_novel": "no",
        "cluster_reason": "high density and close to target",
        "alt_hypothesis": "DDoS attack",
        "attack_ref": "DDoS"
      },
      "C": {
        "label": 0,
        "self_conf": 0.2,
        "rationale": "Low density of dst_ip_freq and dns_domain_name_freq",
        "key_features": "dst_ip_freq: high, dns_domain_name_freq: high",
        "cluster_novel": "no",
        "cluster_reason": "Low density of both features",
        "alt_hypothesis": "Unknown",
        "attack_ref": "Low density of dst_ip_freq and dns_domain_name_freq"
      }
    },
    "R2": {
      "A": {
        "self_conf_before": 0.2,
        "peer_scores": 0.2,
        "critique": "The attacker used a combination of IP addresses with high frequency in the DNS domain name and low frequency in the DDoS attack. The attacker also used a high duration and a low maximum packet length. The cluster ID is 58, with a size of 287, a density of 2.0282284219178393, and a distance of 0.514733520290135.",
        "revise_label": {
          "changed": false,
          "new_label": 0,
          "reason": ""
        },
        "self_conf_after": 0.2,
        "clarifying_question": "What is the cluster ID of the attack on Friday, and what is the density and distance of the cluster?"
      },
      "B": {
        "revise_label": {
          "changed": false,
          "new_label": null,
          "reason": ""
        }
      },
      "C": {
        "self_conf_before": 0.2,
        "peer_scores": [
          0.2,
          0.2
        ],
        "critique": "My rationale seems to be consistent with the observations of my peers. However, the specific details of the cluster and attack type are not fully captured in the provided context.",
        "changed": false,
        "new_label": 1,
        "reason": "The cluster density and attack type are more consistent with a botnet attack than a DDoS attack.",
        "self_conf_after": 0.8,
        "clarifying_question": "Could the attackers be using a botnet script that targets specific DNS servers?"
      }
    },
    "R3": {
      "A": {},
      "B": {
        "label": 1,
        "self_conf": 0.8,
        "rationale": "I agree with the tri-view label because the cluster ID is 58, which is a known cluster, and the cluster is dense and close to the target. The attack type is also known, which is a DDoS attack. The cluster is on a Friday, which is a busy day for attacks.",
        "key_features": "dst_ip_freq: high, dns_domain_name_freq: low, duration: long, max_packets_len: high",
        "cluster_novel": "no",
        "cluster_reason": "high density and close to target",
        "alt_hypothesis": "DDoS attack",
        "attack_ref": "DDoS"
      },
      "C": {
        "label": 0,
        "self_conf": 0.2,
        "rationale": "Low density of dst_ip_freq and dns_domain_name_freq",
        "key_features": "dst_ip_freq: high, dns_domain_name_freq: high",
        "cluster_novel": "no",
        "cluster_reason": "Low density of both features",
        "alt_hypothesis": "Unknown",
        "attack_ref": "Low density of dst_ip_freq and dns_domain_name_freq"
      }
    },
    "judge": {
      "_raw_output": "{\n  \"final_label\": 1,\n  \"confidence\": 0.8,\n  \"winning_agent\": \"B\",\n  \"reason\": \"Agent B's rationale is most consistent with the provided data, as the cluster is known, dense, and close to the target, and the attack type is also known to be a DDoS attack.\""
    }
  }
}