{
  "sample_summary": {
    "sample_id": "16-8",
    "tri_view_label": 0,
    "slm_final_vote": 1,
    "confidence": 0.9,
    "referee_label": 1
  },
  "debate_dynamics": {
    "dominant_agent": "A",
    "least_agent": "C"
  },
  "_rounds": {
    "R1": {
      "A": {},
      "B": {
        "label": 0,
        "self_conf": 0.1,
        "rationale": "I agree with the tri-view label because the cluster is dense and the attack is DDoS",
        "key_features": "dst_ip_freq: high, dns_domain_name_freq: low, duration: long",
        "cluster_novel": "yes",
        "cluster_reason": "low density",
        "alt_hypothesis": "false positive",
        "attack_ref": "DDoS"
      },
      "C": {
        "label": 0,
        "self_conf": 0.1,
        "rationale": "Low packet density on Friday",
        "key_features": "dst_ip_freq: high",
        "cluster_novel": "no",
        "cluster_reason": "Low density",
        "alt_hypothesis": "Possibly due to high traffic on Friday",
        "attack_ref": "unknown"
      }
    },
    "R2": {
      "A": {
        "self_conf_before": 0.1,
        "peer_scores": 0.1,
        "critique": "I agree with the tri-view label because the cluster is dense and the attack is DDoS",
        "revise_label": {
          "changed": true,
          "new_label": 1,
          "reason": "Low packet density on Friday"
        },
        "self_conf_after": 0.1,
        "clarifying_question": "Why did the peer revise their label to 1 instead of 0?"
      },
      "B": {
        "self_conf_before": 0.1,
        "peer_scores": 0.1,
        "critique": "I agree with the tri-view label because the cluster is dense and the attack is DDoS",
        "changed": false,
        "new_label": 0,
        "reason": "I changed my label because the cluster is dense and the attack is DDoS",
        "self_conf_after": 0.1,
        "clarifying_question": "What is the threshold for low density?"
      },
      "C": {
        "self_conf_before": 0.1,
        "peer_scores": [
          0.1,
          0.1
        ],
        "critique": "I agree with the tri-view label because the cluster is dense and the attack is DDoS",
        "changed": true,
        "new_label": 1,
        "reason": "The peer's label and rationale are consistent with my original hunch, but the cluster density and traffic patterns suggest a DDoS attack",
        "self_conf_after": 0.8,
        "clarifying_question": "Could the high traffic on Friday be impacting the cluster density?"
      }
    },
    "R3": {
      "A": {},
      "B": {},
      "C": {}
    },
    "judge": {
      "final_label": 1,
      "confidence": 0.9,
      "winning_agent": "C",
      "reason": "Agent C's revised label and increased confidence, along with the consensus among all agents that the cluster is dense, support the conclusion of a DDoS attack. The clarifying questions from Agents A and B do not challenge this conclusion."
    }
  }
}