{
  "sample_summary": {
    "sample_id": "16-9",
    "tri_view_label": 0,
    "slm_final_vote": 1,
    "confidence": 0.9,
    "referee_label": 1
  },
  "debate_dynamics": {
    "dominant_agent": "A",
    "least_agent": "A"
  },
  "_rounds": {
    "R1": {
      "A": {},
      "B": {
        "label": 0,
        "self_conf": 0.1,
        "rationale": "I agree with the tri-view label because the cluster ID is 119, which is a known attack type.",
        "key_features": "dst_ip_freq: high, dns_domain_name_freq: low, duration: long, max_packets_len: high",
        "cluster_novel": "no",
        "cluster_reason": "low density",
        "alt_hypothesis": "false positive",
        "attack_ref": "DDoS"
      },
      "C": {
        "label": 0,
        "self_conf": 0.1,
        "rationale": "Low packet density on Friday",
        "key_features": "dst_ip_freq: high",
        "cluster_novel": "no",
        "cluster_reason": "Low density",
        "alt_hypothesis": "Possibly due to high traffic on Friday",
        "attack_ref": "unknown"
      }
    },
    "R2": {
      "A": {
        "self_conf_before": 0.1,
        "peer_scores": 0.1,
        "critique": "I agree with the tri-view label because the cluster ID is 119, which is a known attack type.",
        "revise_label": {
          "changed": true,
          "new_label": 1,
          "reason": "Low packet density on Friday"
        },
        "self_conf_after": 0.1,
        "clarifying_question": "Why did the peer reviewer change their label from 0 to 1 for the cluster ID 119?"
      },
      "B": {
        "self_conf_before": 0.1,
        "peer_scores": 0.1,
        "critique": "I agree with the tri-view label because the cluster ID is 119, which is a known attack type.",
        "changed": false,
        "new_label": 0,
        "reason": "I changed my label because the peer's rationale was more convincing.",
        "self_conf_after": 0.1,
        "clarifying_question": "What is the significance of the cluster ID being 119?"
      },
      "C": {
        "self_conf_before": 0.1,
        "peer_scores": 0.1,
        "critique": "I agree with the tri-view label because the cluster ID is 119, which is a known attack type.",
        "changed": true,
        "new_label": 1,
        "reason": "The cluster ID 119 is associated with known attack types, and the packet density data on Friday suggests a potential attack.",
        "self_conf_after": 0.9,
        "clarifying_question": "Is there any evidence besides the cluster ID to support the tri-view label?"
      }
    },
    "R3": {
      "A": {},
      "B": {},
      "C": {}
    },
    "judge": {
      "final_label": 1,
      "confidence": 0.9,
      "winning_agent": "C",
      "reason": "Agent C provided a compelling rationale, combining the known association of cluster ID 119 with attack types and the significant packet density data on Friday."
    }
  }
}