{
  "sample_summary": {
    "sample_id": "17-1",
    "tri_view_label": 1,
    "slm_final_vote": 1,
    "confidence": 0.8,
    "referee_label": 1
  },
  "debate_dynamics": {
    "dominant_agent": "A",
    "least_agent": "C"
  },
  "_rounds": {
    "R1": {
      "A": {},
      "B": {
        "label": 1,
        "self_conf": 0.2,
        "rationale": "I agree with the tri-view label because the cluster ID is 6, which is a known attack type.",
        "key_features": "dst_ip_freq: high, dns_domain_name_freq: high, duration: high, max_packets_len: high",
        "cluster_novel": "yes",
        "cluster_reason": "high density",
        "alt_hypothesis": "burst scan",
        "attack_ref": "DDoS"
      },
      "C": {
        "label": 1,
        "self_conf": 0.2,
        "rationale": "High packet frequency during weekdays",
        "key_features": "dst_ip_freq: high",
        "cluster_novel": "no",
        "cluster_reason": "Low density",
        "alt_hypothesis": "Possible malware activity",
        "attack_ref": "Malware detected"
      }
    },
    "R2": {
      "A": {
        "self_conf_before": 0.2,
        "peer_scores": 0.2,
        "critique": "I agree with the tri-view label because the cluster ID is 6, which is a known attack type.",
        "revise_label": {
          "changed": true,
          "new_label": 1,
          "reason": "High packet frequency during weekdays"
        },
        "self_conf_after": 0.2,
        "clarifying_question": "Why do you agree with the tri-view label despite the cluster ID being 6, which is a known attack type?"
      },
      "B": {
        "self_conf_before": 0.2,
        "peer_scores": 0.2,
        "critique": "I agree with the tri-view label because the cluster ID is 6, which is a known attack type.",
        "changed": false,
        "new_label": 1,
        "reason": "I changed my label because the peer's rationale was more convincing.",
        "self_conf_after": 0.2,
        "clarifying_question": "What is the significance of the cluster ID 6?"
      },
      "C": {
        "self_conf_before": 0.2,
        "peer_scores": [
          0.2,
          0.2
        ],
        "critique": "I agree with the tri-view label because the cluster ID is 6, which is a known attack type.",
        "changed": true,
        "new_label": 1,
        "reason": "I changed the label to 1 because the cluster ID and rationale suggest a possible malware attack, which aligns with my previous suspicions.",
        "self_conf_after": 0.8,
        "clarifying_question": "Could the observed packet frequency variations be attributed to legitimate factors, such as network traffic patterns or changes in the underlying application behavior?"
      }
    },
    "R3": {
      "A": {},
      "B": {},
      "C": {}
    },
    "judge": {
      "final_label": 1,
      "confidence": 0.8,
      "winning_agent": "C",
      "reason": "Agent C's revised label aligns with the known attack type (DDoS) based on the cluster ID and provides a more convincing rationale than the others. The high packet frequency during weekdays is a common characteristic of DDoS attacks."
    }
  }
}