{
  "sample_summary": {
    "sample_id": "17-3",
    "tri_view_label": 0,
    "slm_final_vote": 1,
    "confidence": 0.4,
    "referee_label": 1
  },
  "debate_dynamics": {
    "dominant_agent": "A",
    "least_agent": "C"
  },
  "_rounds": {
    "R1": {
      "A": {
        "label": 0,
        "self_conf": 0.2,
        "rationale": "The attacker used a combination of IP addresses with high frequency in the DNS domain name and low frequency in the DDoS attack. The attacker also used a high duration and a low packet length. The attacker's size was medium, with a density of 2.298086307426423. The attacker's clustering ID was 81, with a size of 333, a density of 2.298086307426423, and a distance of 0.19426599653058937.",
        "key_features": [
          "dst_ip_freq: high",
          "dns_domain_name_freq: high"
        ],
        "cluster_novel": "no",
        "cluster_reason": "unusual size",
        "alt_hypothesis": "false positive",
        "attack_ref": "unknown"
      },
      "B": {
        "label": 0,
        "self_conf": 0.2,
        "rationale": "I agree with the tri-view label because the cluster ID is 81, and the cluster is dense and close to the target",
        "key_features": "dst_ip_freq: high, dns_domain_name_freq: low, duration: short, max_packets_len: high",
        "cluster_novel": "no",
        "cluster_reason": "low density",
        "alt_hypothesis": "false positive",
        "attack_ref": "unknown"
      },
      "C": {
        "label": 0,
        "self_conf": 0.2,
        "rationale": "Low packet density on Friday",
        "key_features": "dst_ip_freq: high",
        "cluster_novel": "no",
        "cluster_reason": "Low density",
        "alt_hypothesis": "Possibly due to high traffic on Friday",
        "attack_ref": "unknown"
      }
    },
    "R2": {
      "A": {
        "self_conf_before": 0.2,
        "peer_scores": 0.2,
        "critique": "The attacker used a combination of IP addresses with high frequency in the DNS domain name and low frequency in the DDoS attack. The attacker also used a high duration and a low packet length. The attacker's size was medium, with a density of 2.298086307426423. The attacker's clustering ID was 81, with a size of 333, a density of 2.298086307426423, and a distance of 0.19426599653058937.",
        "revise_label": {
          "changed": true,
          "new_label": 0,
          "reason": "Low packet density on Friday"
        },
        "self_conf_after": 0.2,
        "clarifying_question": "What changes did the peer responses make to your label, and why did they change it?"
      },
      "B": {
        "self_conf_before": 0.2,
        "peer_scores": 0.2,
        "critique": "I agree with the tri-view label because the cluster ID is 81, and the cluster is dense and close to the target",
        "changed": false,
        "new_label": 0,
        "reason": "I changed my label because the peer's rationale was more convincing",
        "self_conf_after": 0.2,
        "clarifying_question": "What is the cluster ID of the target?"
      },
      "C": {
        "self_conf_before": 0.2,
        "peer_scores": [
          0.2,
          0.2
        ],
        "critique": "The rationale does not fully support the label of anomaly. The mention of the cluster ID and the density of the cluster suggest an attack, but the rationale does not provide enough details to confirm this diagnosis.",
        "changed": false,
        "new_label": 1,
        "reason": "The rationale provides some support for the label of anomaly, but it lacks sufficient details to confirm the diagnosis.",
        "self_conf_after": 0.4,
        "clarifying_question": "Could the cluster ID and the density of the cluster be further investigated to provide more evidence for the anomaly label?"
      }
    },
    "R3": {
      "A": {},
      "B": {},
      "C": {
        "label": 1,
        "self_conf": 0.4,
        "rationale": "High packet density on Friday",
        "key_features": "dst_ip_freq: high",
        "cluster_novel": "no",
        "cluster_reason": "High density",
        "alt_hypothesis": "Possibly due to high traffic on Friday",
        "attack_ref": "unknown"
      }
    },
    "judge": {
      "final_label": 1,
      "confidence": 0.4,
      "winning_agent": "C",
      "reason": "Agent C's rationale provides a clear justification for the anomaly label with the mention of high packet density on Friday, which was not present in the initial round."
    }
  }
}