{
  "sample_summary": {
    "sample_id": "17-6",
    "tri_view_label": 1,
    "slm_final_vote": 1,
    "confidence": 0.6,
    "referee_label": 1
  },
  "debate_dynamics": {
    "dominant_agent": "A",
    "least_agent": "C"
  },
  "_rounds": {
    "R1": {
      "A": {
        "label": 1,
        "self_conf": 0.2,
        "rationale": "The anomaly detected in the tri-view label is an anomaly with a size of 360 and a density of 2.2198795033164913. The cluster ID is 119, and the time is Weekday (Friday).",
        "key_features": [
          "dst_ip_freq: -1.177564934372228",
          "dns_domain_name_freq: -0.7119602307056717",
          "duration: -0.1919720650721313",
          "max_packets_len: -0.883797552556833"
        ],
        "cluster_novel": "no",
        "cluster_reason": "unknown",
        "alt_hypothesis": "burst scan",
        "attack_ref": "DDoS"
      },
      "B": {
        "label": 1,
        "self_conf": 0.2,
        "rationale": "I agree with the tri-view label because the cluster ID is 119, which is a known anomaly.",
        "key_features": "dst_ip_freq: high, dns_domain_name_freq: low, duration: short, max_packets_len: high",
        "cluster_novel": "yes",
        "cluster_reason": "low density",
        "alt_hypothesis": "burst scan",
        "attack_ref": "DDoS"
      },
      "C": {
        "label": 1,
        "self_conf": 0.2,
        "rationale": "Low packet density on Friday",
        "key_features": "dst_ip_freq: high,duration: low",
        "cluster_novel": "no",
        "cluster_reason": "Low density",
        "alt_hypothesis": "Possibly malicious activity",
        "attack_ref": "Low density attack"
      }
    },
    "R2": {
      "A": {
        "self_conf_before": 0.2,
        "peer_scores": 0.2,
        "critique": "I agree with the tri-view label because the cluster ID is 119, which is a known anomaly.",
        "revise_label": {
          "changed": true,
          "new_label": 1,
          "reason": "Low packet density on Friday"
        },
        "self_conf_after": 0.2,
        "clarifying_question": "Why did the peer revise your label to 1?"
      },
      "B": {
        "self_conf_before": 0.2,
        "peer_scores": 0.2,
        "critique": "I agree with the tri-view label because the cluster ID is 119, which is a known anomaly.",
        "changed": false,
        "new_label": 1,
        "reason": "I have changed my label to 1 because the cluster ID is 119, which is a known anomaly.",
        "self_conf_after": 0.2,
        "clarifying_question": "What is the cluster ID of the anomaly?"
      },
      "C": {
        "self_conf_before": 0.2,
        "peer_scores": [
          0.2,
          0.2
        ],
        "critique": "My rationale still holds, but the peer scores suggest a higher level of confidence in the tri-view label.",
        "changed": false,
        "new_label": 1,
        "reason": "The peer scores indicate a higher level of confidence in the tri-view label, which I initially found suspicious.",
        "self_conf_after": 0.5,
        "clarifying_question": "Could there be other factors contributing to the high confidence score besides the cluster ID?"
      }
    },
    "R3": {
      "A": {},
      "B": {
        "need_more_info": false,
        "questions": [
          "What is the cluster ID of the anomaly?",
          "Could there be other factors contributing to the high confidence score besides the cluster ID?"
        ]
      },
      "C": {
        "label": 1,
        "self_conf": 0.2,
        "rationale": "Low packet density on Friday",
        "key_features": "dst_ip_freq: high,duration: low",
        "cluster_novel": "no",
        "cluster_reason": "Low density",
        "alt_hypothesis": "Possibly malicious activity",
        "attack_ref": "Low density attack"
      }
    },
    "judge": {
      "final_label": 1,
      "confidence": 0.6,
      "winning_agent": "C",
      "reason": "Agent C's label remains consistent with their initial rationale, and the peer scores from Agents A and B suggest a higher level of confidence in the tri-view label. However, Agent C's rationale is still valid, and their confidence remains low. The majority vote is for Agent C, and the average confidence is higher than the initial confidence level of any agent."
    }
  }
}