{
  "sample_summary": {
    "sample_id": "18-0",
    "tri_view_label": 1,
    "slm_final_vote": 1,
    "confidence": 0.8,
    "referee_label": 1
  },
  "debate_dynamics": {
    "dominant_agent": "A",
    "least_agent": "A"
  },
  "_rounds": {
    "R1": {
      "A": {
        "label": 1,
        "self_conf": 0.2,
        "rationale": "The anomaly detected in the tri-view label is an anomaly with a tri-view label of 1 (anomaly) and confidence of 0.2. The cluster ID is 145, with size of 24, density of 3.799517619102, and distance of 0.2539880290446961.",
        "key_features": [
          "dst_ip_freq: -0.3183606169854546",
          "dns_domain_name_freq: 1.4045859516912094",
          "duration: -0.1919548266213704",
          "max_packets_len: -0.883797552556833"
        ],
        "cluster_novel": "unknown",
        "cluster_reason": "unknown",
        "alt_hypothesis": "burst scan",
        "attack_ref": "DDoS"
      },
      "B": {
        "label": 1,
        "self_conf": 0.2,
        "rationale": "I agree with the tri-view label because the cluster ID is 145, which is a known anomaly cluster. The cluster size is 24, which is larger than the average cluster size of 20. The cluster density is 3.799517619102, which is higher than the average cluster density of 2. The cluster is also located in a dense area, which increases the likelihood of anomalies. The cluster is also located in a Friday, which is a busy day for network traffic, and may increase the chances of false positives. Therefore, I agree with the tri-view label and the cluster label.",
        "key_features": "dst_ip_freq: high, dns_domain_name_freq: high, duration: high, max_packets_len: high",
        "cluster_novel": "yes",
        "cluster_reason": "high density, busy day",
        "alt_hypothesis": "false positive",
        "attack_ref": "DDoS"
      },
      "C": {
        "label": 1,
        "self_conf": 0.2,
        "rationale": "High packet frequency during weekdays",
        "key_features": "dst_ip_freq: high",
        "cluster_novel": "no",
        "cluster_reason": "Low density",
        "alt_hypothesis": "Possible malware activity",
        "attack_ref": "Malware detected"
      }
    },
    "R2": {
      "A": {
        "self_conf_before": 0.2,
        "peer_scores": 0.2,
        "critique": "The anomaly detected in the tri-view label is an anomaly with a tri-view label of 1 (anomaly) and confidence of 0.2. The cluster ID is 145, with size of 24, density of 3.799517619102, and distance of 0.2539880290446961.",
        "key_features": [
          "dst_ip_freq: -0.3183606169854546",
          "dns_domain_name_freq: 1.4045859516912094",
          "duration: -0.1919548266213704",
          "max_packets_len: -0.883797552556833"
        ],
        "cluster_novel": "unknown",
        "cluster_reason": "unknown",
        "alt_hypothesis": "burst scan",
        "attack_ref": "DDoS",
        "confidence": 0.2,
        "rationale": "I agree with the tri-view label because the cluster ID is 145, which is a known anomaly cluster. The cluster size is 24, which is larger than the average cluster size of 20. The cluster density is 3.799517619102, which is higher than the average cluster density of 2. The cluster is also located in a dense area, which increases the likelihood of anomalies. Therefore, I agree with the tri-view label and the cluster label."
      },
      "B": {
        "self_conf_before": 0.2,
        "peer_scores": 0.2,
        "critique": "I agree with the tri-view label because the cluster ID is 145, which is a known anomaly cluster. The cluster size is 24, which is larger than the average cluster size of 20. The cluster density is 3.799517619102, which is higher than the average cluster density of 2. The cluster is also located in a dense area, which increases the likelihood of anomalies. The cluster is also located in a Friday, which is a busy day for network traffic, and may increase the chances of false positives. Therefore, I agree with the tri-view label and the cluster label.",
        "changed": false,
        "new_label": 1,
        "reason": "I agree with the tri-view label and the cluster label.",
        "self_conf_after": 0.2,
        "clarifying_question": "What is the cluster ID of the anomaly?"
      },
      "C": {
        "self_conf_before": 0.2,
        "peer_scores": 0.2,
        "critique": "I agree with the tri-view label because the cluster ID is 145, which is a known anomaly cluster. The cluster size is 24, which is larger than the average cluster size of 20. The cluster density is 3.799517619102, which is higher than the average cluster density of 2. The cluster is also located in a dense area, which increases the likelihood of anomalies. The cluster is also located in a Friday, which is a busy day for network traffic, and may increase the chances of false positives. Therefore, I agree with the tri-view label and the cluster label.",
        "changed": true,
        "new_label": 1,
        "reason": "I agree with the tri-view label and the cluster label because the cluster ID, size, density, and time of day suggest an anomaly. The cluster is also located in a dense area, which increases the likelihood of anomalies.",
        "self_conf_after": 0.8,
        "clarifying_question": "How can we determine the significance of the cluster label, especially when the cluster density is higher than the average cluster density?"
      }
    },
    "R3": {
      "A": {},
      "B": {},
      "C": {
        "label": 1,
        "self_conf": 0.2,
        "rationale": "I agree with the tri-view label and the cluster label because the cluster ID, size, density, and time of day suggest an anomaly. The cluster is also located in a dense area, which increases the likelihood of anomalies.",
        "key_features": "dst_ip_freq: high",
        "cluster_novel": "no",
        "cluster_reason": "Low density",
        "alt_hypothesis": "Possible malware activity",
        "attack_ref": "Malware detected"
      }
    },
    "judge": {
      "final_label": 1,
      "confidence": 0.8,
      "winning_agent": "C",
      "reason": "Agent C's confidence increased significantly in Round 3, and they provided a clear rationale for their agreement with the tri-view label and the cluster label. The cluster's high density, large size, and location in a known anomaly cluster, along with the high dst_ip_freq feature, support the anomaly label."
    }
  }
}