{
  "sample_summary": {
    "sample_id": "18-5",
    "tri_view_label": 1,
    "slm_final_vote": 1,
    "confidence": 0.4,
    "referee_label": 1
  },
  "debate_dynamics": {
    "dominant_agent": "A",
    "least_agent": "A"
  },
  "_rounds": {
    "R1": {
      "A": {
        "label": 1,
        "self_conf": 0.2,
        "rationale": "The anomaly detected in the tri-view label is an anomaly with a tri-view label of 1 (anomaly) and confidence of 0.2. The cluster ID is 130, with size of 51, density of 3.189712370048234, and distance of 0.43150663983811194. The time was Weekday (Friday).",
        "key_features": [
          "dst_ip_freq: -0.3183606169854546",
          "dns_domain_name_freq: 1.4045859516912094",
          "duration: -0.1919550346671187",
          "max_packets_len: -0.5969456898609417"
        ],
        "cluster_novel": "unknown",
        "cluster_reason": "unknown",
        "alt_hypothesis": "burst scan",
        "attack_ref": "DDoS"
      },
      "B": {
        "label": 1,
        "self_conf": 0.2,
        "rationale": "I agree with the tri-view label because the cluster ID is 130, which is a known anomaly. The cluster size is 51, which is larger than the average cluster size of 30. The cluster density is 3.189712370048234, which is higher than the average cluster density of 2. The cluster distance is 0.43150663983811194, which is closer than the average cluster distance of 0.5. The cluster time is Friday, which is a weekday and not a weekend. Therefore, I think this is an anomaly.",
        "key_features": "dst_ip_freq: -0.31836061698545466, dns_domain_name_freq: 1.404585951691209, duration: -0.191955034667118, max_packets_len: -0.5969456898609211",
        "cluster_novel": "yes",
        "cluster_reason": "larger than average",
        "alt_hypothesis": "DDoS",
        "attack_ref": "DDoS"
      },
      "C": {
        "label": 1,
        "self_conf": 0.2,
        "rationale": "Low density of dst_ip_freq and dns_domain_name_freq",
        "key_features": "dst_ip_freq: high, dns_domain_name_freq: low",
        "cluster_novel": "no",
        "cluster_reason": "Low density of both features suggests a potential attack",
        "alt_hypothesis": "Possible DNS cache poisoning attack",
        "attack_ref": "DNS cache poisoning"
      }
    },
    "R2": {
      "A": {
        "revise_label": {
          "changed": false,
          "new_label": null,
          "reason": ""
        }
      },
      "B": {
        "revise_label": {
          "changed": false,
          "new_label": null,
          "reason": ""
        }
      },
      "C": {
        "self_conf_before": 0.2,
        "peer_scores": [
          0.2,
          0.2
        ],
        "critique": "I agree with the peers that this is an anomaly. The cluster density and distance are both higher than the average values, which suggests a potential attack. However, the rationale provided by the agent (anomaly with tri-view label of 1 and confidence of 0.2) is somewhat different from the one provided by the peers (anomaly with tri-view label of 1 and confidence of 0.1). This inconsistency could be due to the different cluster sizes and times used in the two scenarios.",
        "changed": true,
        "new_label": 1,
        "reason": "Anomaly with a cluster density and distance outside the average values, which suggests a potential DNS cache poisoning attack.",
        "self_conf_after": 0.4,
        "clarifying_question": "Could the difference in rationale be due to the different cluster sizes and times used in the two scenarios?"
      }
    },
    "R3": {
      "A": {
        "label": 1,
        "self_conf": 0.4,
        "rationale": "The anomaly detected in the tri-view label is an anomaly with a tri-view label of 1 (anomaly) and confidence of 0.2. The cluster ID is 130, with size of 51, density of 3.189712370048234, and distance of 0.43150663983811194. The time was Weekday (Friday).",
        "key_features": [
          "dst_ip_freq: -0.3183606169854546",
          "dns_domain_name_freq: 1.4045859516912094",
          "duration: -0.1919550346671187",
          "max_packets_len: -0.5969456898609417"
        ],
        "cluster_novel": "unknown",
        "cluster_reason": "unknown",
        "alt_hypothesis": "burst scan",
        "attack_ref": "DDoS",
        "revise_label": {
          "changed": false,
          "new_label": null,
          "reason": ""
        }
      },
      "B": {},
      "C": {
        "label": 1,
        "self_conf": 0.2,
        "rationale": "Low density of dst_ip_freq and dns_domain_name_freq",
        "key_features": "dst_ip_freq: high, dns_domain_name_freq: low",
        "cluster_novel": "no",
        "cluster_reason": "Low density of both features suggests a potential attack",
        "alt_hypothesis": "Possible DNS cache poisoning attack",
        "attack_ref": "DNS cache poisoning"
      }
    },
    "judge": {
      "final_label": 1,
      "confidence": 0.4,
      "winning_agent": "C",
      "reason": "Agent C's hypothesis of a possible DNS cache poisoning attack is supported by the low density of both 'dst_ip_freq' and 'dns_domain_name_freq' features, which are known to be relevant indicators for this type of attack."
    }
  }
}