{
  "sample_summary": {
    "sample_id": "18-8",
    "tri_view_label": 0,
    "slm_final_vote": 0,
    "confidence": 0.6,
    "referee_label": 0
  },
  "debate_dynamics": {
    "dominant_agent": "A",
    "least_agent": "C"
  },
  "_rounds": {
    "R1": {
      "A": {
        "label": 0,
        "self_conf": 0.2,
        "rationale": "The attacker used a combination of IP addresses with high frequency in the DNS domain name and low frequency in the DDoS attack. The attacker also used a high duration and a low maximum packet length. The cluster ID is 31, with a size of 2 and a density of 2.6877207345554184. The attack was tri-view, with a cluster ID of 31 and a size of 2, a density of 2.6877207345554184, and a distortion of 0.3695249517198479.",
        "key_features": [
          "dst_ip_freq: high",
          "dns_domain_name_freq: high"
        ],
        "cluster_novel": "no",
        "cluster_reason": "unusual size",
        "alt_hypothesis": "false positive",
        "attack_ref": "unknown"
      },
      "B": {
        "label": 0,
        "self_conf": 0.2,
        "rationale": "I agree with the tri-view label because the cluster is small and has a high density.",
        "key_features": "dst_ip_freq: high, dns_domain_name_freq: low, duration: short, max_packets_len: high",
        "cluster_novel": "yes",
        "cluster_reason": "low density",
        "alt_hypothesis": "burst scan",
        "attack_ref": "DDoS"
      },
      "C": {
        "label": 0,
        "self_conf": 0.2,
        "rationale": "Low density of dst_ip_freq and dns_domain_name_freq",
        "key_features": "dst_ip_freq: high, dns_domain_name_freq: high",
        "cluster_novel": "no",
        "cluster_reason": "Low density of both features",
        "alt_hypothesis": "Unknown",
        "attack_ref": "Low density of dst_ip_freq and dns_domain_name_freq"
      }
    },
    "R2": {
      "A": {
        "self_conf_before": 0.2,
        "peer_scores": 0.2,
        "critique": "I agree with the tri-view label because the cluster is small and has a high density.",
        "revise_label": {
          "changed": true,
          "new_label": 0,
          "reason": "Low density of dst_ip_freq and dns_domain_name_freq"
        },
        "self_conf_after": 0.2,
        "clarifying_question": "What factors contributed to the low density of dst_ip_freq and dns_domain_name_freq in the cluster, and how does this affect the tri-view label?"
      },
      "B": {
        "self_conf_before": 0.2,
        "peer_scores": 0.2,
        "critique": "I agree with the tri-view label because the cluster is small and has a high density.",
        "changed": false,
        "new_label": 0,
        "reason": "I changed my label because the cluster is small and has a high density.",
        "self_conf_after": 0.2,
        "clarifying_question": "What is the cluster size?"
      },
      "C": {
        "self_conf_before": 0.2,
        "peer_scores": [
          0.2,
          0.2
        ],
        "critique": "My rationale still holds, but the peer scores suggest a higher confidence in the tri-view label. This could be due to the small size of the cluster or the high density of the features in the cluster.",
        "changed": false,
        "new_label": 1,
        "reason": "I believe the tri-view label is more reliable due to the smaller size and higher density of the cluster.",
        "self_conf_after": 0.5,
        "clarifying_question": "Could the cluster be formed by a single malicious IP address?"
      }
    },
    "R3": {
      "A": {},
      "B": {
        "need_more_info": false,
        "questions": [
          "What factors contributed to the low density of dst_ip_freq and dns_domain_name_freq in the cluster, and how does this affect the tri-view label?",
          "Could the cluster be formed by a single malicious IP address?"
        ]
      },
      "C": {
        "label": 0,
        "self_conf": 0.2,
        "rationale": "Low density of dst_ip_freq and dns_domain_name_freq",
        "key_features": "dst_ip_freq: high, dns_domain_name_freq: high",
        "cluster_novel": "no",
        "cluster_reason": "Low density of both features",
        "alt_hypothesis": "Unknown",
        "attack_ref": "Low density of dst_ip_freq and dns_domain_name_freq"
      }
    },
    "judge": {
      "final_label": 0,
      "confidence": 0.6,
      "winning_agent": "C",
      "reason": "Although all agents agree on the label, Agent C's rationale is more specific and provides a clearer explanation for the low density of dst_ip_freq and dns_domain_name_freq. This justification strengthens the case for the tri-view label."
    }
  }
}