{
  "sample_summary": {
    "sample_id": "19-0",
    "tri_view_label": 1,
    "slm_final_vote": 1,
    "confidence": 0.8,
    "referee_label": 1
  },
  "debate_dynamics": {
    "dominant_agent": "A",
    "least_agent": "B"
  },
  "_rounds": {
    "R1": {
      "A": {
        "label": 1,
        "self_conf": 0.2,
        "rationale": "The anomaly has a tri-view label of 1 (anomaly) and a confidence of 0.2. The cluster ID is 53, with a size of 958, a density of 4.524062747888258, and a distance of 0.21329775131311068.",
        "key_features": [
          "dst_ip_freq: high",
          "dns_domain_name_freq: -0.7119602307056717"
        ],
        "cluster_novel": "unknown",
        "cluster_reason": "unknown",
        "alt_hypothesis": "burst scan",
        "attack_ref": "DDoS"
      },
      "B": {
        "label": 1,
        "self_conf": 0.2,
        "rationale": "I agree with the tri-view label because the cluster ID is 53, which is a known anomaly cluster. The cluster size is 958, which is larger than the average cluster size of 5. The density is 4.524062747888258, which is higher than the average density of 3. The distance is 0.21329775131311068, which is closer than the average distance of 0.5. The cluster features are: dst_ip_freq: 0.9627162748000327, dns_domain_name_freq: -0.711960230705671, duration: -0.19224265274501, max_packets_len: 0.6938876922705691. The cluster is novel because it is a new cluster that has not been seen before. The cluster reason is: low density, because the cluster is too spread out and has too many empty spaces. The benign hypothesis is: false positive, because the cluster is similar to a benign cluster that has been seen before. The attack reference is: unknown, because the cluster is not related to any known attack type."
      },
      "C": {
        "label": 1,
        "self_conf": 0.2,
        "rationale": "High packet frequency during weekends",
        "key_features": "dst_ip_freq: high",
        "cluster_novel": "no",
        "cluster_reason": "Low density",
        "alt_hypothesis": "Possible malware activity",
        "attack_ref": "Malware scanning"
      }
    },
    "R2": {
      "A": {
        "self_conf_before": 0.2,
        "peer_scores": 0.2,
        "critique": "The anomaly has a tri-view label of 1 (anomaly) and a confidence of 0.2. The cluster ID is 53, with a size of 958, a density of 4.524062747888258, and a distance of 0.21329775131311068.",
        "self_conf_after": 0.2,
        "clarifying_question": "The cluster ID is 53, with a size of 958, a density of 4.524062747888258, and a distance of 0.21329775131311068. Is this cluster novel or a benign cluster?",
        "revise_label": {
          "changed": true,
          "new_label": 1,
          "reason": "The cluster ID is 53, with a size of 958, a density of 4.524062747888258, and a distance of 0.21329775131311068. The cluster is novel because it is a new cluster that has not been seen before. The cluster reason is: low density, because the cluster is too spread out and has too many empty spaces."
        }
      },
      "B": {
        "revise_label": {
          "changed": false,
          "new_label": null,
          "reason": ""
        }
      },
      "C": {
        "self_conf_before": 0.2,
        "peer_scores": [
          0.2,
          0.2
        ],
        "critique": "I agree with the tri-view label because the cluster ID is 53, which is a known anomaly cluster. The cluster size is 958, which is larger than the average cluster size of 5. The density is 4.524062747888258, which is higher than the average density of 3. The distance is 0.21329775131311068, which is closer than the average distance of 0.5. The cluster features are: dst_ip_freq: 0.9627162748000327, dns_domain_name_freq: -0.711960230705671, duration: -0.19224265274501, max_packets_len: 0.6938876922705691. The cluster is novel because it is a new cluster that has not been seen before. The cluster reason is: low density, because the cluster is too spread out and has too many empty spaces. The benign hypothesis is: false positive, because the cluster is similar to a benign cluster that has been seen before.",
        "changed": true,
        "new_label": 1,
        "reason": "The cluster is too spread out and has too many empty spaces, which is a characteristic of malware activity. The cluster also has a low density, which is another characteristic of malware activity.",
        "self_conf_after": 0.8,
        "clarifying_question": "What other features could contribute to the spread out and low density of the cluster?"
      }
    },
    "R3": {
      "A": {},
      "B": {},
      "C": {
        "label": 1,
        "self_conf": 0.2,
        "rationale": "High packet frequency during weekends",
        "key_features": "dst_ip_freq: high",
        "cluster_novel": "no",
        "cluster_reason": "Low density",
        "alt_hypothesis": "Possible malware activity",
        "attack_ref": "Malware scanning"
      }
    },
    "judge": {
      "final_label": 1,
      "confidence": 0.8,
      "winning_agent": "C",
      "reason": "Agent C's revised label is based on the cluster's low density and spread-out nature, which are characteristics of malware activity. Although Agent A and Agent B also identified the cluster as anomalous, their justifications did not explicitly connect the anomaly to malware activity."
    }
  }
}