{
  "sample_summary": {
    "sample_id": "19-1",
    "tri_view_label": 1,
    "slm_final_vote": 1,
    "confidence": 0.5,
    "referee_label": null
  },
  "debate_dynamics": {
    "dominant_agent": "A",
    "least_agent": "B"
  },
  "_rounds": {
    "R1": {
      "A": {
        "label": 1,
        "self_conf": 0.2,
        "rationale": "The anomaly has a tri-view label of 1 (anomaly) and a confidence of 0.2. The cluster has a size of 1013, a density of 5.16730757580694, and a distance of 0.14069259065486686.",
        "key_features": [
          "dst_ip_freq: high",
          "dns_domain_name_freq: -0.7119602307056717"
        ],
        "cluster_novel": "unknown",
        "cluster_reason": "unknown",
        "alt_hypothesis": "burst scan",
        "attack_ref": "DDoS"
      },
      "B": {
        "label": 1,
        "self_conf": 0.2,
        "rationale": "I agree with the tri-view label because the cluster ID is 0, which is associated with an anomaly.",
        "key_features": "dst_ip_freq: 0.962, dns_domain_name_freq: -0.711, duration: -0.192, max_packets_len: 0.693",
        "cluster_novel": "yes",
        "cluster_reason": "low density",
        "alt_hypothesis": "burst scan",
        "attack_ref": "DDoS"
      },
      "C": {
        "label": 1,
        "self_conf": 0.2,
        "rationale": "High packet frequency during weekends",
        "key_features": "dst_ip_freq: high",
        "cluster_novel": "no",
        "cluster_reason": "Low density",
        "alt_hypothesis": "Possible malware activity",
        "attack_ref": "Malware scanning"
      }
    },
    "R2": {
      "A": {
        "self_conf_before": 0.2,
        "peer_scores": 0.2,
        "critique": "The anomaly has a tri-view label of 1 (anomaly) and a confidence of 0.2. The cluster has a size of 1013, a density of 5.16730757580694, and a distance of 0.14069259065486686. The cluster's novelty is unknown, and the attacker's reason is unknown. The alt hypothesis is burst scan. The attacker's reason is that the cluster ID is 0, which is associated with an anomaly.",
        "revise_label": {
          "changed": true,
          "new_label": 1,
          "reason": "The cluster ID is 0, which is associated with an anomaly."
        },
        "self_conf_after": 0.2,
        "clarifying_question": "What is the cluster ID associated with the anomaly identified by the tri-view label of 1 (anomaly) and a confidence of 0.2?"
      },
      "B": {
        "revise_label": {
          "changed": false,
          "new_label": null,
          "reason": ""
        }
      },
      "C": {
        "self_conf_before": 0.2,
        "peer_scores": [
          0.2,
          0.2
        ],
        "critique": "I agree with the peers that the cluster ID is 0, which is associated with an anomaly. However, my original rationale suggested that the anomaly might be caused by malware activity based on the high packet frequency during weekends. This inconsistency suggests that further investigation might be needed.",
        "changed": true,
        "new_label": 1,
        "reason": "Revised rationale based on the peers' feedback and the inconsistency with my original prediction",
        "self_conf_after": 0.4,
        "clarifying_question": "How can we determine the source of the high packet frequency without additional data or analysis?"
      }
    },
    "R3": {
      "A": {},
      "B": {
        "need_more_info": false,
        "questions": []
      },
      "C": {
        "label": 1,
        "self_conf": 0.2,
        "rationale": "High packet frequency during weekends",
        "key_features": "dst_ip_freq: high",
        "cluster_novel": "no",
        "cluster_reason": "Low density",
        "alt_hypothesis": "Possible malware activity",
        "attack_ref": "Malware scanning"
      }
    },
    "judge": {
      "_raw_output": "{\n  \"final_label\": 1,\n  \"confidence\": 0.4,\n  \"winning_agent\": \"C\",\n  \"reason\": \"Agent C's rationale of high packet frequency during weekends is consistent with the anomaly's key features and does not contradict the peers' feedback. However, the confidence is relatively low due to the limited information available.\""
    }
  }
}