{
  "sample_summary": {
    "sample_id": "19-3",
    "tri_view_label": 1,
    "slm_final_vote": 1,
    "confidence": 0.6,
    "referee_label": 1
  },
  "debate_dynamics": {
    "dominant_agent": "A",
    "least_agent": "A"
  },
  "_rounds": {
    "R1": {
      "A": {
        "label": 1,
        "self_conf": 0.2,
        "rationale": "The anomaly detected in this view is likely due to a high number of packets with the destination IP address 192.168.127.12. The feature 'dst_ip_freq' indicates that this IP address is frequently used in malicious traffic.",
        "key_features": [
          "dst_ip_freq: high"
        ],
        "cluster_novel": "unknown",
        "cluster_reason": "unknown",
        "alt_hypothesis": "burst scan",
        "attack_ref": "DDoS"
      },
      "B": {
        "label": 1,
        "self_conf": 0.2,
        "rationale": "I agree with the tri-view label because the cluster ID is 53, which is a known attack type.",
        "key_features": "dst_ip_freq: 0.962, dns_domain_name_freq: -0.711, duration: -0.192, max_packets_len: 0.693",
        "cluster_novel": "no",
        "cluster_reason": "low density",
        "alt_hypothesis": "burst scan",
        "attack_ref": "DDoS"
      },
      "C": {
        "label": 1,
        "self_conf": 0.2,
        "rationale": "High packet frequency during weekends",
        "key_features": "dst_ip_freq: high",
        "cluster_novel": "no",
        "cluster_reason": "Low density",
        "alt_hypothesis": "Possible malware activity",
        "attack_ref": "Malware"
      }
    },
    "R2": {
      "A": {
        "revise_label": {
          "changed": false,
          "new_label": null,
          "reason": ""
        }
      },
      "B": {
        "revise_label": {
          "changed": false,
          "new_label": null,
          "reason": ""
        }
      },
      "C": {
        "self_conf_before": 0.2,
        "peer_scores": [
          0.2,
          0.2
        ],
        "critique": "My rationale aligns with the peers' predictions, but I would like to clarify the specific feature 'dst_ip_freq' and its impact on the label. Additionally, I have a few additional questions regarding the cluster ID and the attack type.",
        "changed": true,
        "new_label": 1,
        "reason": "Improved alignment with peer predictions and additional analysis of feature 'dst_ip_freq'.",
        "self_conf_after": 0.4,
        "clarifying_question": "Could the high frequency of packets from the same IP address be indicative of a specific malware family or strain? How can we further investigate the cluster ID and the attack type based on this observation?"
      }
    },
    "R3": {
      "A": {
        "revise_label": {
          "changed": false,
          "new_label": "malware_family",
          "reason": "The observation of high frequency of packets from the same IP address suggests that the malware family or strain is likely to be the same as the one detected in the Round-1 JSON."
        },
        "cluster_novel": "known",
        "cluster_reason": "malware_family",
        "alt_hypothesis": "malware_family",
        "attack_ref": "DDoS",
        "label": 1,
        "self_conf": 0.2,
        "rationale": "The anomaly detected in this view is likely due to a high number of packets with the destination IP address 192.168.127.12. The feature 'dst_ip_freq' indicates that this IP address is frequently used in malicious traffic. The observation of high frequency of packets from the same IP address suggests that the malware family or strain is likely to be the same as the one detected in the Round-1 JSON."
      },
      "B": {
        "need_more_info": true,
        "questions": [
          "Could the high frequency of packets from the same IP address be indicative of a specific malware family or strain?",
          "How can we further investigate the cluster ID and the attack type based on this observation?"
        ]
      },
      "C": {
        "need_more_info": true,
        "questions": [
          "What is the impact of the 'dst_ip_freq' feature on the label? How can we further investigate the cluster ID and the attack type based on this observation?"
        ]
      }
    },
    "judge": {
      "final_label": 1,
      "confidence": 0.6,
      "winning_agent": "A",
      "reason": "Agent A's rationale aligns with the observation of high frequency of packets from the same IP address, suggesting a specific malware family or strain. While Agents B and C also provide valuable insights, Agent A's explanation is more directly related to the anomaly detection."
    }
  }
}