{
  "sample_summary": {
    "sample_id": "19-4",
    "tri_view_label": 1,
    "slm_final_vote": 1,
    "confidence": 0.8,
    "referee_label": 1
  },
  "debate_dynamics": {
    "dominant_agent": "A",
    "least_agent": "B"
  },
  "_rounds": {
    "R1": {
      "A": {
        "label": 1,
        "self_conf": 0.2,
        "rationale": "The anomaly detected in the tri-view label is an anomaly with a size of 1029 and a density of 5.40458553443551. The cluster ID is 225, and the time is Weekday (Sunday).",
        "key_features": [
          "dst_ip_freq: high",
          "dns_domain_name_freq: -0.7119602307056717"
        ],
        "cluster_novel": "unknown",
        "cluster_reason": "unknown",
        "alt_hypothesis": "burst scan",
        "attack_ref": "DDoS"
      },
      "B": {
        "label": 1,
        "self_conf": 0.2,
        "rationale": "I agree with the tri-view label because the cluster ID is 225, which is a known attack type (DDoS), and the cluster size is 1029, which is larger than the average cluster size of 5.4. The cluster density is 5.4, which is also higher than the average cluster density of 5.4. The cluster is also located in the same region as the source IP, which is suspicious. The cluster duration is -0.192, which is shorter than the average cluster duration of -0.2. The cluster max_packets_len is 0.693, which is also shorter than the average cluster max_packets_len of 0.693. All these features indicate that the cluster is a potential attack, and I agree with the tri-view label.",
        "key_features": "dst_ip_freq: high, dns_domain_name_freq: low, duration: short, max_packets_len: low",
        "cluster_novel": "yes",
        "cluster_reason": "low density",
        "alt_hypothesis": "burst scan",
        "attack_ref": "DDoS"
      },
      "C": {
        "label": 1,
        "self_conf": 0.2,
        "rationale": "High packet frequency during weekends",
        "key_features": "dst_ip_freq: high",
        "cluster_novel": "no",
        "cluster_reason": "Low density",
        "alt_hypothesis": "Possible malware activity",
        "attack_ref": "Malware"
      }
    },
    "R2": {
      "A": {
        "self_conf_before": 0.2,
        "peer_scores": 0.2,
        "critique": "The anomaly detected in the tri-view label is an anomaly with a size of 1029 and a density of 5.40458553443551. The cluster ID is 225, and the time is Weekday (Sunday).",
        "revise_label": {
          "changed": true,
          "new_label": 1,
          "reason": "The peer responses suggest that the cluster ID is 225, which is a known attack type (DDoS) and the cluster size is 1029, which is larger than the average cluster size of 5.4. The cluster density is 5.4, which is also higher than the average cluster density of 5.4. The cluster is also located in the same region as the source IP, which is suspicious. The cluster duration is -0.192, which is shorter than the average cluster duration of -0.2. The cluster max_packets_len is 0.693, which is also shorter than the average cluster max_packets_len of 0.693. All these features indicate that the cluster is a potential attack, and I agree with the tri-view label."
        },
        "self_conf_after": 0.2,
        "clarifying_question": "High packet frequency during weekends"
      },
      "B": {
        "revise_label": {
          "changed": false,
          "new_label": null,
          "reason": ""
        }
      },
      "C": {
        "self_conf_before": 0.2,
        "peer_scores": 0.2,
        "critique": "I agree with the tri-view label because the cluster ID is 225, which is a known attack type (DDoS), and the cluster size is 1029, which is larger than the average cluster size of 5.4. The cluster density is 5.4, which is also higher than the average cluster density of 5.4. The cluster is also located in the same region as the source IP, which is suspicious. The cluster duration is -0.192, which is shorter than the average cluster duration of -0.2. The cluster max_packets_len is 0.693, which is also shorter than the average cluster max_packets_len of 0.693. All these features indicate that the cluster is a potential attack, and I agree with the tri-view label.",
        "changed": true,
        "new_label": 1,
        "reason": "I agree with the tri-view label because the cluster characteristics suggest an attack, and the cluster duration is shorter than the average cluster duration.",
        "self_conf_after": 0.8,
        "clarifying_question": "What other features could be considered to further support the tri-view label?"
      }
    },
    "R3": {
      "A": {},
      "B": {},
      "C": {
        "label": 1,
        "self_conf": 0.2,
        "rationale": "High packet frequency during weekends",
        "key_features": "dst_ip_freq: high",
        "cluster_novel": "no",
        "cluster_reason": "Low density",
        "alt_hypothesis": "Possible malware activity",
        "attack_ref": "Malware"
      }
    },
    "judge": {
      "final_label": 1,
      "confidence": 0.8,
      "winning_agent": "C",
      "reason": "Agent C's confidence increased significantly in Round-2, and they provided a clear rationale for their label based on the high packet frequency during weekends. While all agents agreed with the tri-view label, Agent C's reasoning was the most specific and provided additional context."
    }
  }
}