{
  "sample_summary": {
    "sample_id": "19-6",
    "tri_view_label": 1,
    "slm_final_vote": 1,
    "confidence": 0.4,
    "referee_label": 1
  },
  "debate_dynamics": {
    "dominant_agent": "A",
    "least_agent": "B"
  },
  "_rounds": {
    "R1": {
      "A": {
        "label": 1,
        "self_conf": 0.2,
        "rationale": "The anomaly detected in the tri-view label is an anomaly with a size of 1013 and a density of 5.16730757580694. The cluster ID is 0, indicating that the anomaly is a cluster of size 1013 with a density of 5.16730757580694.",
        "key_features": [
          "dst_ip_freq: high",
          "dns_domain_name_freq: -0.7119602307056717"
        ],
        "cluster_novel": "unknown",
        "cluster_reason": "unknown",
        "alt_hypothesis": "burst scan",
        "attack_ref": "DDoS"
      },
      "B": {
        "label": 1,
        "self_conf": 0.2,
        "rationale": "I agree with the tri-view label because the cluster ID is 0, which is associated with a high density and a low distance from the anomaly. Also, the time is a weekday, which is usually a busy time for network traffic.",
        "key_features": "dst_ip_freq: high, dns_domain_name_freq: low, duration: short, max_packets_len: high",
        "cluster_novel": "no",
        "cluster_reason": "low density",
        "alt_hypothesis": "false positive",
        "attack_ref": "unknown"
      },
      "C": {
        "label": 1,
        "self_conf": 0.2,
        "rationale": "High packet frequency during weekends",
        "key_features": "dst_ip_freq: high",
        "cluster_novel": "no",
        "cluster_reason": "Low density",
        "alt_hypothesis": "Possible malware activity",
        "attack_ref": "Malware scanning"
      }
    },
    "R2": {
      "A": {
        "self_conf_before": 0.2,
        "peer_scores": 0.2,
        "critique": "The anomaly detected in the tri-view label is an anomaly with a size of 1013 and a density of 5.16730757580694. The cluster ID is 0, indicating that the anomaly is a cluster of size 1013 with a density of 5.16730757580694.",
        "revise_label": {
          "changed": true,
          "new_label": 1,
          "reason": "The peer predictions suggest that the anomaly is a cluster of size 1013 with a density of 5.16730757580694."
        },
        "self_conf_after": 0.2,
        "clarifying_question": "What are the peer predictions suggesting for the anomaly's label?"
      },
      "B": {
        "revise_label": {
          "changed": false,
          "new_label": null,
          "reason": ""
        }
      },
      "C": {
        "self_conf_before": 0.2,
        "peer_scores": [
          0.2,
          0.2
        ],
        "critique": "I agree with the peers that the anomaly is an anomaly with a size of 1013 and a density of 5.16730757580694. The cluster ID is 0, which is associated with a high density and a low distance from the anomaly. Also, the time is a weekday, which is usually a busy time for network traffic.",
        "changed": true,
        "new_label": 1,
        "reason": "I changed the label to 1 because the peers' label has a higher confidence and a similar rationale.",
        "self_conf_after": 0.4,
        "clarifying_question": "Is there any evidence other than the size and density of the anomaly to support the label of 1?"
      }
    },
    "R3": {
      "A": {},
      "B": {},
      "C": {
        "label": 1,
        "self_conf": 0.2,
        "rationale": "High packet frequency during weekends",
        "key_features": "dst_ip_freq: high",
        "cluster_novel": "no",
        "cluster_reason": "Low density",
        "alt_hypothesis": "Possible malware activity",
        "attack_ref": "Malware scanning"
      }
    },
    "judge": {
      "final_label": 1,
      "confidence": 0.4,
      "winning_agent": "C",
      "reason": "Agent C's label has the highest confidence among the agents, and their rationale of 'High packet frequency during weekends' aligns with the anomaly's key feature of 'dst_ip_freq: high'."
    }
  }
}