{
  "sample_summary": {
    "sample_id": "19-8",
    "tri_view_label": 1,
    "slm_final_vote": 1,
    "confidence": 0.6,
    "referee_label": 1
  },
  "debate_dynamics": {
    "dominant_agent": "A",
    "least_agent": "A"
  },
  "_rounds": {
    "R1": {
      "A": {
        "label": 1,
        "self_conf": 0.2,
        "rationale": "The anomaly detected in the tri-view label is an anomaly with a size of 958 and a density of 4.524062747888258. The cluster ID is 53, and the time is Weekday (Sunday).",
        "key_features": [
          "dst_ip_freq: high",
          "dns_domain_name_freq: -0.7119602307056717"
        ],
        "cluster_novel": "unknown",
        "cluster_reason": "unknown",
        "alt_hypothesis": "burst scan",
        "attack_ref": "DDoS"
      },
      "B": {
        "label": 1,
        "self_conf": 0.2,
        "rationale": "I agree with the tri-view label because the cluster ID is 53, which is a known attack type (DDoS) and the cluster size is 958, which is larger than the average cluster size of 456. The cluster density is also higher than the average density of 2.5, and the cluster is located near the source IP address, which is suspicious. The cluster duration is also longer than the average duration of 0.5, and the cluster has a high max_packets_len, which indicates a possible data exfiltration attempt.",
        "key_features": "dst_ip_freq: high, dns_domain_name_freq: low, duration: long, max_packets_len: high",
        "cluster_novel": "yes",
        "cluster_reason": "high density, long duration, high max_packets_len",
        "alt_hypothesis": "data exfiltration attempt",
        "attack_ref": "DDoS"
      },
      "C": {
        "label": 1,
        "self_conf": 0.2,
        "rationale": "High packet frequency during weekends",
        "key_features": "dst_ip_freq: high",
        "cluster_novel": "no",
        "cluster_reason": "Low density",
        "alt_hypothesis": "Possible malware activity",
        "attack_ref": "Malware scanning"
      }
    },
    "R2": {
      "A": {
        "revise_label": {
          "changed": false,
          "new_label": null,
          "reason": ""
        }
      },
      "B": {
        "revise_label": {
          "changed": false,
          "new_label": null,
          "reason": ""
        }
      },
      "C": {
        "revise_label": {
          "changed": false,
          "new_label": null,
          "reason": ""
        }
      }
    },
    "R3": {
      "A": {},
      "B": {},
      "C": {
        "need_more_info": false,
        "questions": []
      }
    },
    "judge": {
      "final_label": 1,
      "confidence": 0.6,
      "winning_agent": "B",
      "reason": "Agent B provides a more comprehensive rationale with clear justifications based on the given data, including high density, long duration, and high max_packets_len. These features align with the known characteristics of a DDoS attack."
    }
  }
}