{
  "sample_summary": {
    "sample_id": "2-1",
    "tri_view_label": 1,
    "slm_final_vote": 1,
    "confidence": 0.8,
    "referee_label": 1
  },
  "debate_dynamics": {
    "dominant_agent": "A",
    "least_agent": "B"
  },
  "_rounds": {
    "R1": {
      "A": {
        "label": 1,
        "self_conf": 0.2,
        "rationale": "The anomaly is likely due to a high number of packets with the destination IP address 192.168.127.12, which is a common IP address for malware.",
        "key_features": [
          "dst_ip_freq: high"
        ],
        "cluster_novel": "unknown",
        "cluster_reason": "unknown",
        "alt_hypothesis": "burst scan",
        "attack_ref": "DDoS"
      },
      "B": {
        "label": 1,
        "self_conf": 0.2,
        "rationale": "I agree with the tri-view label because the cluster ID is 30, which is a known attack type (DDoS), and the cluster size is 1490, which is a high density.",
        "key_features": "dst_ip_freq: 0.962, dns_domain_name_freq: -0.711, duration: -0.192, max_packets_len: 0.693",
        "cluster_novel": "no",
        "cluster_reason": "high density",
        "alt_hypothesis": "false positive",
        "attack_ref": "DDoS"
      },
      "C": {
        "label": 1,
        "self_conf": 0.2,
        "rationale": "High packet frequency during weekdays",
        "key_features": "dst_ip_freq: high",
        "cluster_novel": "no",
        "cluster_reason": "Low density",
        "alt_hypothesis": "Possible malware activity",
        "attack_ref": "Malware detected"
      }
    },
    "R2": {
      "A": {
        "self_conf_before": 0.2,
        "peer_scores": 0.2,
        "critique": "The anomaly is likely due to a high number of packets with the destination IP address 192.168.127.12, which is a common IP address for malware.",
        "revise_label": {
          "changed": true,
          "new_label": 1,
          "reason": "The cluster ID 30 is a known attack type (DDoS), and the cluster size 1490 is a high density."
        },
        "self_conf_after": 0.2,
        "clarifying_question": "What is the cluster ID 30 and what is the cluster size 1490, and why are they significant factors in the anomaly?"
      },
      "B": {
        "revise_label": {
          "changed": false,
          "new_label": null,
          "reason": ""
        }
      },
      "C": {
        "self_conf_before": 0.2,
        "peer_scores": [
          0.2,
          0.2
        ],
        "critique": "I agree with the peers that the anomaly is likely due to a high number of packets with the destination IP address 192.168.127.12, which is a common IP address for malware. However, I have a higher confidence score (0.2) based on the additional information provided by the key features and cluster reason.",
        "changed": true,
        "new_label": 1,
        "reason": "The high number of packets from the same IP address and the cluster size suggest a potential malware attack, even though the peers have a lower confidence score.",
        "self_conf_after": 0.8,
        "clarifying_question": "Is there any other information or features that could support the label of 1, besides the destination IP address and cluster ID?"
      }
    },
    "R3": {
      "A": {},
      "B": {},
      "C": {
        "label": 1,
        "self_conf": 0.2,
        "rationale": "High packet frequency during weekdays",
        "key_features": "dst_ip_freq: high",
        "cluster_novel": "no",
        "cluster_reason": "Low density",
        "alt_hypothesis": "Possible malware activity",
        "attack_ref": "Malware detected"
      }
    },
    "judge": {
      "final_label": 1,
      "confidence": 0.8,
      "winning_agent": "C",
      "reason": "Agent C's label remains consistent throughout the debate and provides a rationale based on the high packet frequency during weekdays and the key feature of a high destination IP address frequency. Although Agents A and B also suggest a label of 1, their confidence scores are lower and their rationales are not as definitive as Agent C's."
    }
  }
}