{
  "sample_summary": {
    "sample_id": "2-2",
    "tri_view_label": 1,
    "slm_final_vote": 1,
    "confidence": 0.4,
    "referee_label": 1
  },
  "debate_dynamics": {
    "dominant_agent": "A",
    "least_agent": "B"
  },
  "_rounds": {
    "R1": {
      "A": {
        "label": 1,
        "self_conf": 0.2,
        "rationale": "The anomaly detected in the tri-view label is an anomaly with a tri-view label of 1 (anomaly) and confidence of 0.2. The cluster ID is 30, with a size of 1490, density of 3.7270677993835744, and a distance of 0.4626825768277382.",
        "key_features": [
          "dst_ip_freq: high"
        ],
        "cluster_novel": "unknown",
        "cluster_reason": "unknown",
        "alt_hypothesis": "burst scan",
        "attack_ref": "DDoS"
      },
      "B": {
        "label": 1,
        "self_conf": 0.2,
        "rationale": "I agree with the tri-view label because the cluster ID is 30, which is a known attack type.",
        "key_features": "dst_ip_freq: 0.962, dns_domain_name_freq: -0.711, duration: -0.192, max_packets_len: 0.693",
        "cluster_novel": "no",
        "cluster_reason": "low density",
        "alt_hypothesis": "burst scan",
        "attack_ref": "DDoS"
      },
      "C": {
        "label": 1,
        "self_conf": 0.2,
        "rationale": "High packet frequency during weekdays",
        "key_features": "dst_ip_freq: high",
        "cluster_novel": "no",
        "cluster_reason": "Low density",
        "alt_hypothesis": "Possible malware activity",
        "attack_ref": "Malware scanning"
      }
    },
    "R2": {
      "A": {
        "self_conf_before": 0.2,
        "peer_scores": 0.2,
        "critique": "The anomaly detected in the tri-view label is an anomaly with a tri-view label of 1 (anomaly) and confidence of 0.2. The cluster ID is 30, with a size of 1490, density of 3.7270677993835744, and a distance of 0.4626825768277382.",
        "revise_label": {
          "changed": false,
          "new_label": 1,
          "reason": "The cluster ID is 30, with a size of 1490, density of 3.7270677993835744, and a distance of 0.4626825768277382."
        },
        "self_conf_after": 0.2,
        "clarifying_question": "What is the cluster ID of the anomaly detected in the tri-view label, and how does it contribute to the anomaly's detection?"
      },
      "B": {
        "revise_label": {
          "changed": false,
          "new_label": null,
          "reason": ""
        }
      },
      "C": {
        "self_conf_before": 0.2,
        "peer_scores": [
          0.2,
          0.2
        ],
        "critique": "I agree with the peers that the anomaly detected in the tri-view label is an anomaly with a tri-view label of 1 (anomaly) and confidence of 0.2. However, I have a different rationale based on the cluster ID and density information.",
        "changed": true,
        "new_label": 1,
        "reason": "I believe that the cluster ID and density information provide more evidence to support the anomaly, compared to the tri-view label alone.",
        "self_conf_after": 0.4,
        "clarifying_question": "Could the cluster density be misleading due to the presence of other anomalies in the cluster?"
      }
    },
    "R3": {
      "A": {},
      "B": {},
      "C": {
        "label": 1,
        "self_conf": 0.2,
        "rationale": "High packet frequency during weekdays",
        "key_features": "dst_ip_freq: high",
        "cluster_novel": "no",
        "cluster_reason": "Low density",
        "alt_hypothesis": "Possible malware activity",
        "attack_ref": "Malware scanning"
      }
    },
    "judge": {
      "final_label": 1,
      "confidence": 0.4,
      "winning_agent": "C",
      "reason": "Agent C's rationale of 'High packet frequency during weekdays' is a valid justification for the anomaly label, and their confidence remains the same. While Agents A and B also correctly identified the anomaly, their justifications were not as clear-cut as Agent C's."
    }
  }
}