{
  "sample_summary": {
    "sample_id": "2-4",
    "tri_view_label": 1,
    "slm_final_vote": 1,
    "confidence": 0.9,
    "referee_label": 1
  },
  "debate_dynamics": {
    "dominant_agent": "A",
    "least_agent": "A"
  },
  "_rounds": {
    "R1": {
      "A": {
        "label": 1,
        "self_conf": 0.2,
        "rationale": "The anomaly detected in the tri-view label is likely an anomaly, with a size of 252 and a density of 3.3570555000789564. The cluster ID is 24, and the time is Weekday (Friday).",
        "key_features": [
          "dst_ip_freq: high",
          "dns_domain_name_freq: 1.4045859516912094"
        ],
        "cluster_novel": "unknown",
        "cluster_reason": "unknown",
        "alt_hypothesis": "burst scan",
        "attack_ref": "DDoS"
      },
      "B": {
        "label": 1,
        "self_conf": 0.2,
        "rationale": "I agree with the tri-view label because the cluster ID is 24, which is a known anomaly cluster. The cluster has a high density and is located in a dense area, which is a common characteristic of DDoS attacks. The cluster also has a high duration and a high max_packets_len, which are also common features of DDoS attacks. Therefore, I believe that this is a DDoS attack and I agree with the tri-view label.",
        "key_features": "dst_ip_freq: high, dns_domain_name_freq: high, duration: high, max_packets_len: high",
        "cluster_novel": "yes",
        "cluster_reason": "high density, high duration, high max_packets_len",
        "alt_hypothesis": "DDoS attack",
        "attack_ref": "DDoS"
      },
      "C": {
        "label": 1,
        "self_conf": 0.2,
        "rationale": "Low density of dst_ip_freq and dns_domain_name_freq",
        "key_features": "dst_ip_freq: high, dns_domain_name_freq: low",
        "cluster_novel": "no",
        "cluster_reason": "Low density of both features suggests a potential attack",
        "alt_hypothesis": "Possible DNS cache poisoning attack",
        "attack_ref": "DNS cache poisoning"
      }
    },
    "R2": {
      "A": {
        "revise_label": {
          "changed": false,
          "new_label": null,
          "reason": ""
        }
      },
      "B": {
        "revise_label": {
          "changed": false,
          "new_label": null,
          "reason": ""
        }
      },
      "C": {
        "self_conf_before": 0.2,
        "peer_scores": [
          0.2,
          0.2
        ],
        "critique": "I agree with the tri-view label because the cluster ID is 24, which is a known anomaly cluster. The cluster has a high density and is located in a dense area, which is a common characteristic of DDoS attacks. The cluster also has a high duration and a high max_packets_len, which are also common features of DDoS attacks. Therefore, I believe that this is a DDoS attack and I agree with the tri-view label.",
        "changed": true,
        "new_label": 1,
        "reason": "I believe that the anomaly detected in the tri-view label is likely an anomaly, based on the cluster ID, density, location, duration, and packet length characteristics.",
        "self_conf_after": 0.8,
        "clarifying_question": "Is there any other evidence or observations that support the tri-view label besides the cluster ID and density?"
      }
    },
    "R3": {
      "A": {
        "label": 1,
        "self_conf": 0.8,
        "rationale": "The anomaly detected in the tri-view label is likely an anomaly, with a size of 252 and a density of 3.3570555000789564. The cluster ID is 24, and the time is Weekday (Friday).",
        "key_features": [
          "dst_ip_freq: high",
          "dns_domain_name_freq: 1.4045859516912094"
        ],
        "cluster_novel": "unknown",
        "cluster_reason": "unknown",
        "alt_hypothesis": "burst scan",
        "attack_ref": "DDoS",
        "revise_label": {
          "changed": false,
          "new_label": null,
          "reason": ""
        }
      },
      "B": {
        "need_more_info": false,
        "questions": []
      },
      "C": {
        "label": 1,
        "self_conf": 0.2,
        "rationale": "Low density of dst_ip_freq and dns_domain_name_freq",
        "key_features": "dst_ip_freq: high, dns_domain_name_freq: low",
        "cluster_novel": "no",
        "cluster_reason": "Low density of both features suggests a potential attack",
        "alt_hypothesis": "Possible DNS cache poisoning attack",
        "attack_ref": "DNS cache poisoning"
      }
    },
    "judge": {
      "final_label": 1,
      "confidence": 0.9,
      "winning_agent": "A",
      "reason": "Agent A's confidence increased significantly in Round 3, and they provided evidence of high dst_ip_freq and dns_domain_name_freq, which are key features of anomalies. Agent B's argument of high density and location being common characteristics of DDoS attacks is also valid, but Agent A's evidence is more specific to the anomaly at hand."
    }
  }
}