{
  "sample_summary": {
    "sample_id": "2-5",
    "tri_view_label": 1,
    "slm_final_vote": 1,
    "confidence": 0.5,
    "referee_label": null
  },
  "debate_dynamics": {
    "dominant_agent": "A",
    "least_agent": "B"
  },
  "_rounds": {
    "R1": {
      "A": {
        "label": 1,
        "self_conf": 0.2,
        "rationale": "The anomaly detected in the tri-view label is an anomaly with a size of 1487 and a density of 3.636321214063257. The cluster ID is 92, and the time is Weekday (Friday).",
        "key_features": [
          "dst_ip_freq: high",
          "dns_domain_name_freq: -0.7119602307056717"
        ],
        "cluster_novel": "unknown",
        "cluster_reason": "unknown",
        "alt_hypothesis": "burst scan",
        "attack_ref": "DDoS"
      },
      "B": {},
      "C": {
        "label": 1,
        "self_conf": 0.2,
        "rationale": "High packet frequency during weekdays",
        "key_features": "dst_ip_freq: high",
        "cluster_novel": "no",
        "cluster_reason": "Low density",
        "alt_hypothesis": "Possible malware activity",
        "attack_ref": "Malware"
      }
    },
    "R2": {
      "A": {
        "self_conf_before": 0.2,
        "peer_scores": 0.2,
        "critique": "The anomaly detected in the tri-view label is an anomaly with a size of 1487 and a density of 3.636321214063257. The cluster ID is 92, and the time is Weekday (Friday).",
        "revise_label": {
          "changed": false,
          "new_label": 1,
          "reason": "High packet frequency during weekdays"
        },
        "self_conf_after": 0.2,
        "clarifying_question": "What is the reason for the peer predictions that the anomaly detected in the tri-view label is an anomaly with a size of 1487 and a density of 3.636321214063257. The cluster ID is 92, and the time is Weekday (Friday)."
      },
      "B": {
        "revise_label": {
          "changed": false,
          "new_label": null,
          "reason": ""
        }
      },
      "C": {
        "self_conf_before": 0.2,
        "peer_scores": [
          0.2,
          null
        ],
        "critique": "The rationale provided by the peers lacks sufficient context and does not provide a clear understanding of the anomaly. The cluster reason and alternative hypothesis are also not well-defined.",
        "changed": true,
        "new_label": 1,
        "reason": "The cluster density and size suggest a potential malware activity, but the rationale provided by the peers does not provide sufficient evidence to support this conclusion.",
        "self_conf_after": 0.8,
        "clarifying_question": "Could you provide more context and evidence to support the rationale provided in the peer review?"
      }
    },
    "R3": {
      "A": {},
      "B": {},
      "C": {}
    },
    "judge": {
      "_raw_output": "{\n  \"final_label\": 1,\n  \"confidence\": 0.8,\n  \"winning_agent\": \"C\",\n  \"reason\": \"Agent C provided a clearer rationale with a higher confidence level, emphasizing the potential malware activity based on the cluster size and density, despite the lack of explicit evidence in Agent A's submission.\""
    }
  }
}