{
  "sample_summary": {
    "sample_id": "2-7",
    "tri_view_label": 1,
    "slm_final_vote": 1,
    "confidence": 0.6,
    "referee_label": 1
  },
  "debate_dynamics": {
    "dominant_agent": "A",
    "least_agent": "B"
  },
  "_rounds": {
    "R1": {
      "A": {},
      "B": {
        "label": 1,
        "self_conf": 0.2,
        "rationale": "I agree with the tri-view label because the cluster ID is 172, which is a known attack type (DDoS) and the cluster size is 136, which is larger than the average cluster size of 4.865228572693374. The cluster density is also higher than the average density of 4.865228572693374, and the cluster is located in a different time zone (GMT+2) than the rest of the clusters. These features suggest that the cluster is a potential source of an attack, and I agree with the tri-view label.",
        "key_features": "dst_ip_freq: high, dns_domain_name_freq: high, duration: high, max_packets_len: high",
        "cluster_novel": "yes",
        "cluster_reason": "high density, different time zone",
        "alt_hypothesis": "DDoS",
        "attack_ref": "DDoS"
      },
      "C": {
        "label": 1,
        "self_conf": 0.2,
        "rationale": "Low density of dst_ip_freq and dns_domain_name_freq",
        "key_features": "dst_ip_freq: high, dns_domain_name_freq: low",
        "cluster_novel": "no",
        "cluster_reason": "Low density of both features",
        "alt_hypothesis": "Possible DNS cache poisoning attack",
        "attack_ref": "DNS cache poisoning"
      }
    },
    "R2": {
      "A": {
        "self_conf_before": 0.2,
        "peer_scores": 0.2,
        "critique": "I agree with the tri-view label because the cluster ID is 172, which is a known attack type (DDoS) and the cluster size is 136, which is larger than the average cluster size of 4.865228572693374. The cluster density is also higher than the average density of 4.865228572693374, and the cluster is located in a different time zone (GMT+2) than the rest of the clusters. These features suggest that the cluster is a potential source of an attack, and I agree with the tri-view label.",
        "revise_label": {
          "changed": true,
          "new_label": 1,
          "reason": "Low density of dst_ip_freq and dns_domain_name_freq"
        },
        "self_conf_after": 0.2,
        "clarifying_question": "What are the features that suggest that the cluster is a potential source of an attack, as mentioned in the peer responses?"
      },
      "B": {
        "revise_label": {
          "changed": false,
          "new_label": null,
          "reason": ""
        }
      },
      "C": {
        "self_conf_before": 0.2,
        "peer_scores": 0.2,
        "critique": "I agree with the tri-view label because the cluster ID is 172, which is a known attack type (DDoS) and the cluster size is 136, which is larger than the average cluster size of 4.865228572693374. The cluster density is also higher than the average density of 4.865228572693374, and the cluster is located in a different time zone (GMT+2) than the rest of the clusters.",
        "changed": true,
        "new_label": 1,
        "reason": "I believe the cluster is a potential source of an attack based on the high density of dst_ip_freq and dns_domain_name_freq features and the location in a different time zone.",
        "self_conf_after": 0.5,
        "clarifying_question": "Could the cluster be a victim of a different attack type, such as botnet or cache poisoning?"
      }
    },
    "R3": {
      "A": {},
      "B": {},
      "C": {}
    },
    "judge": {
      "final_label": 1,
      "confidence": 0.6,
      "winning_agent": "C",
      "reason": "Agent C's revised label and justification, which emphasizes the low density of dst_ip_freq and dns_domain_name_freq features, aligns more closely with the tri-view label than Agent A's or Agent B's initial arguments. Additionally, Agent C's increased confidence in their label further supports their position."
    }
  }
}