{
  "sample_summary": {
    "sample_id": "20-1",
    "tri_view_label": 1,
    "slm_final_vote": 1,
    "confidence": 0.6,
    "referee_label": 1
  },
  "debate_dynamics": {
    "dominant_agent": "A",
    "least_agent": "B"
  },
  "_rounds": {
    "R1": {
      "A": {
        "label": 1,
        "self_conf": 0.2,
        "rationale": "The anomaly detected in the tri-view label is an anomaly with a tri-view label of 1 (anomaly) and confidence of 0.2. The cluster ID is 163, with a size of 195, a density of 3.8621406693466342, and a distance of 0.25396020044433765. The time was Weekday (Sunday).",
        "key_features": [
          "dst_ip_freq: -0.3183606169854546",
          "dns_domain_name_freq: 1.4045859516912094",
          "duration: -0.1919551636732853",
          "max_packets_len: -0.5969456898609417"
        ],
        "cluster_novel": "unknown",
        "cluster_reason": "unknown",
        "alt_hypothesis": "burst scan",
        "attack_ref": "DDoS"
      },
      "B": {
        "label": 1,
        "self_conf": 0.2,
        "rationale": "I agree with the tri-view label because the cluster ID is 163, which is a known anomaly cluster. The cluster size is 195, which is larger than the average cluster size of 3.8621406693466342, and the density is 3.8621406693466342, which is higher than the average density of 3.8621406693466342. The cluster is also located 0.25396020044433765, which is closer to the source than the average distance of 0.25396020044433765. The cluster is also on a Sunday, which is a day with more anomalies than other days. Therefore, I agree with the tri-view label and the cluster label is 1.",
        "key_features": "dst_ip_freq: high, dns_domain_name_freq: high, duration: high, max_packets_len: high",
        "cluster_novel": "yes",
        "cluster_reason": "high density",
        "alt_hypothesis": "burst scan",
        "attack_ref": "DDoS"
      },
      "C": {
        "label": 1,
        "self_conf": 0.2,
        "rationale": "Low density of dst_ip_freq and dns_domain_name_freq",
        "key_features": "dst_ip_freq: high, dns_domain_name_freq: low",
        "cluster_novel": "no",
        "cluster_reason": "Low density of both features suggests an outlier",
        "alt_hypothesis": "Possible DNS cache poisoning attack",
        "attack_ref": "DNS cache poisoning"
      }
    },
    "R2": {
      "A": {
        "self_conf_before": 0.2,
        "peer_scores": 0.2,
        "critique": "The anomaly detected in the tri-view label is an anomaly with a tri-view label of 1 (anomaly) and confidence of 0.2. The cluster ID is 163, with a size of 195, a density of 3.8621406693466342, and a distance of 0.25396020044433765. The time was Weekday (Sunday).",
        "key_features": [
          "dst_ip_freq: -0.3183606169854546",
          "dns_domain_name_freq: 1.4045859516912094",
          "duration: -0.1919551636732853",
          "max_packets_len: -0.5969456898609417"
        ],
        "cluster_novel": "unknown",
        "cluster_reason": "unknown",
        "alt_hypothesis": "burst scan",
        "attack_ref": "DDoS",
        "self_conf_after": 0.2,
        "clarifying_question": "Why did the peer predictions differ from your original label?",
        "revise_label": {
          "changed": true,
          "new_label": 1,
          "reason": "The cluster ID is 163, with a size of 195, a density of 3.8621406693466342, and a distance of 0.25396020044433765. The time was Weekday (Sunday)."
        }
      },
      "B": {
        "revise_label": {
          "changed": false,
          "new_label": null,
          "reason": ""
        }
      },
      "C": {
        "self_conf_before": 0.2,
        "peer_scores": [
          0.2,
          0.2
        ],
        "critique": "I agree with the tri-view label because the cluster ID is 163, which is a known anomaly cluster. The cluster size is 195, which is larger than the average cluster size of 3.8621406693466342, and the density is 3.8621406693466342, which is higher than the average density of 3.8621406693466342. The cluster is also located 0.25396020044433765, which is closer to the source than the average distance of 0.25396020044433765. The cluster is also on a Sunday, which is a day with more anomalies than other days.",
        "changed": true,
        "new_label": 1,
        "reason": "I agree with the tri-view label and the cluster label is 1.",
        "self_conf_after": 0.2,
        "clarifying_question": "Why did the other peer assign a higher confidence score to the cluster compared to the tri-view label?"
      }
    },
    "R3": {
      "A": {},
      "B": {},
      "C": {
        "label": 1,
        "self_conf": 0.2,
        "rationale": "Low density of dst_ip_freq and dns_domain_name_freq",
        "key_features": "dst_ip_freq: high, dns_domain_name_freq: low",
        "cluster_novel": "no",
        "cluster_reason": "Low density of both features suggests an outlier",
        "alt_hypothesis": "Possible DNS cache poisoning attack",
        "attack_ref": "DNS cache poisoning"
      }
    },
    "judge": {
      "final_label": 1,
      "confidence": 0.6,
      "winning_agent": "C",
      "reason": "Agent C's hypothesis of a possible DNS cache poisoning attack is a valid alternative explanation, and the low density of dst_ip_freq and dns_domain_name_features in the cluster supports this hypothesis. While both Agents A and B agree with the tri-view label, Agent C's hypothesis adds value to the discussion and warrants consideration."
    }
  }
}