{
  "sample_summary": {
    "sample_id": "20-3",
    "tri_view_label": 1,
    "slm_final_vote": 1,
    "confidence": 0.8,
    "referee_label": 1
  },
  "debate_dynamics": {
    "dominant_agent": "A",
    "least_agent": "A"
  },
  "_rounds": {
    "R1": {
      "A": {},
      "B": {
        "label": 1,
        "self_conf": 0.2,
        "rationale": "I agree with the tri-view label because the cluster ID is 0, which is associated with anomalies.",
        "key_features": "dst_ip_freq: 0.962, dns_domain_name_freq: -0.711, duration: -0.192, max_packets_len: 0.693",
        "cluster_novel": "yes",
        "cluster_reason": "low density",
        "alt_hypothesis": "burst scan",
        "attack_ref": "DDoS"
      },
      "C": {
        "label": 1,
        "self_conf": 0.2,
        "rationale": "High packet frequency during weekends",
        "key_features": "dst_ip_freq: high",
        "cluster_novel": "no",
        "cluster_reason": "Low density",
        "alt_hypothesis": "Possible malware activity",
        "attack_ref": "Malware scanning"
      }
    },
    "R2": {
      "A": {
        "self_conf_before": 0.2,
        "peer_scores": 0.2,
        "critique": "I agree with the tri-view label because the cluster ID is 0, which is associated with anomalies.",
        "revise_label": {
          "changed": true,
          "new_label": 1,
          "reason": "High packet frequency during weekends"
        },
        "self_conf_after": 0.2,
        "clarifying_question": "What is the association between the cluster ID and anomalies, as mentioned in the peer predictions?"
      },
      "B": {
        "self_conf_before": 0.2,
        "peer_scores": 0.2,
        "critique": "I agree with the tri-view label because the cluster ID is 0, which is associated with anomalies.",
        "changed": false,
        "new_label": 1,
        "reason": "I changed my label because the cluster ID is 0, which is associated with anomalies.",
        "self_conf_after": 0.2,
        "clarifying_question": "What is the significance of the cluster ID being 0?"
      },
      "C": {
        "self_conf_before": 0.2,
        "peer_scores": 0.2,
        "critique": "I agree with the tri-view label because the cluster ID is 0, which is associated with anomalies.",
        "changed": true,
        "new_label": 1,
        "reason": "I changed the label to 1 because the cluster ID is 0, which is an anomaly, and the rationale aligns with the tri-view label.",
        "self_conf_after": 0.8,
        "clarifying_question": "Could the cluster ID be a legitimate artifact or an indication of a malicious actor using a different technique?"
      }
    },
    "R3": {
      "A": {},
      "B": {},
      "C": {}
    },
    "judge": {
      "final_label": 1,
      "confidence": 0.8,
      "winning_agent": "C",
      "reason": "Agent C's revised label aligns with the tri-view label and has the highest confidence after considering the critique and clarifying questions."
    }
  }
}