{
  "sample_summary": {
    "sample_id": "20-5",
    "tri_view_label": 1,
    "slm_final_vote": 1,
    "confidence": 0.6,
    "referee_label": 1
  },
  "debate_dynamics": {
    "dominant_agent": "A",
    "least_agent": "B"
  },
  "_rounds": {
    "R1": {
      "A": {
        "label": 1,
        "self_conf": 0.2,
        "rationale": "The anomaly detected in the tri-view label is an anomaly with a size of 1026 and a density of 5.4473936466751. The cluster ID is 225, and the time is Weekday (Sunday).",
        "key_features": [
          "dst_ip_freq: high",
          "dns_domain_name_freq: -0.7119602307056717"
        ],
        "cluster_novel": "unknown",
        "cluster_reason": "unknown",
        "alt_hypothesis": "burst scan",
        "attack_ref": "DDoS"
      },
      "B": {
        "label": 1,
        "self_conf": 0.2,
        "rationale": "I agree with the tri-view label because the cluster ID is 225, which is a known attack type (DDoS), and the cluster size is 1026, which is larger than the average cluster size of 5.4473936466751. The cluster density is also higher than the average density of 5.4473936466751, and the cluster is located in a different time zone (Sunday) than the majority of the clusters. These features indicate that the cluster is likely to be an anomaly.",
        "key_features": "dst_ip_freq: high, dns_domain_name_freq: low, duration: long, max_packets_len: high",
        "cluster_novel": "yes",
        "cluster_reason": "low density, shifted center",
        "alt_hypothesis": "burst scan",
        "attack_ref": "DDoS"
      },
      "C": {
        "label": 1,
        "self_conf": 0.2,
        "rationale": "High packet frequency during weekends",
        "key_features": "dst_ip_freq: high",
        "cluster_novel": "no",
        "cluster_reason": "Low density",
        "alt_hypothesis": "Possible malware activity",
        "attack_ref": "Malware detected"
      }
    },
    "R2": {
      "A": {
        "self_conf_before": 0.2,
        "peer_scores": 0.2,
        "critique": "The cluster ID is 225, and the time is Weekday (Sunday). The cluster_novel reason is unknown, and the cluster_reason is unknown. The alt_hypothesis is burst scan, and the attack_ref is DDoS.",
        "revise_label": {
          "changed": true,
          "new_label": 1,
          "reason": "The cluster ID is 225, and the time is Weekday (Sunday). The cluster_novel reason is unknown, and the cluster_reason is unknown. The alt_hypothesis is burst scan, and the attack_ref is DDoS. The peer responses indicate that the cluster is likely to be an anomaly."
        },
        "self_conf_after": 0.2,
        "clarifying_question": "What is the cluster ID and time of the anomaly detected in the tri-view label, and what is the cluster_novel reason and attack_ref for this anomaly?"
      },
      "B": {
        "revise_label": {
          "changed": false,
          "new_label": null,
          "reason": ""
        }
      },
      "C": {
        "self_conf_before": 0.2,
        "peer_scores": [
          0.2,
          0.2
        ],
        "critique": "I agree with the tri-view label because the cluster ID is 225, which is a known attack type (DDoS), and the cluster size is 1026, which is larger than the average cluster size of 5.4473936466751. The cluster density is also higher than the average density of 5.4473936466751, and the cluster is located in a different time zone (Sunday) than the majority of the clusters. These features indicate that the cluster is likely to be an anomaly.",
        "changed": true,
        "new_label": 1,
        "reason": "I believe the tri-view label is accurate and that the cluster is an anomaly based on the additional features.",
        "self_conf_after": 0.4,
        "clarifying_question": "Is there any evidence other than the cluster characteristics to support the tri-view label?"
      }
    },
    "R3": {
      "A": {},
      "B": {
        "need_more_info": false,
        "questions": []
      },
      "C": {
        "label": 1,
        "self_conf": 0.2,
        "rationale": "High packet frequency during weekends",
        "key_features": "dst_ip_freq: high",
        "cluster_novel": "no",
        "cluster_reason": "Low density",
        "alt_hypothesis": "Possible malware activity",
        "attack_ref": "Malware detected"
      }
    },
    "judge": {
      "final_label": 1,
      "confidence": 0.6,
      "winning_agent": "C",
      "reason": "Agent C's confidence remains the same, but their rationale is not new information. However, they agree with the tri-view label and provide a key feature (high dst_ip_freq) that supports the anomaly label. Since no agent clearly dominates, and Agent C's rationale is relevant, they are the winning agent."
    }
  }
}