{
  "sample_summary": {
    "sample_id": "20-6",
    "tri_view_label": 1,
    "slm_final_vote": 1,
    "confidence": 0.6,
    "referee_label": 1
  },
  "debate_dynamics": {
    "dominant_agent": "A",
    "least_agent": "C"
  },
  "_rounds": {
    "R1": {
      "A": {
        "label": 1,
        "self_conf": 0.2,
        "rationale": "The anomaly detected in the tri-view label is an anomaly with a size of 1026 and a density of 5.4473936466751. The cluster ID is 225, and the time is Weekday (Sunday).",
        "key_features": [
          "dst_ip_freq: high",
          "dns_domain_name_freq: -0.7119602307056717"
        ],
        "cluster_novel": "unknown",
        "cluster_reason": "unknown",
        "alt_hypothesis": "burst scan",
        "attack_ref": "DDoS"
      },
      "B": {
        "label": 1,
        "self_conf": 0.2,
        "rationale": "I agree with the tri-view label because the cluster ID is 225, which is a known anomaly. The cluster has a high density and is located close to the target, which is a strong indication of an attack.",
        "key_features": "dst_ip_freq: high, dns_domain_name_freq: low, duration: long, max_packets_len: high",
        "cluster_novel": "yes",
        "cluster_reason": "high density",
        "alt_hypothesis": "DDoS",
        "attack_ref": "DDoS"
      },
      "C": {
        "label": 1,
        "self_conf": 0.2,
        "rationale": "High packet frequency during weekends",
        "key_features": "dst_ip_freq: high",
        "cluster_novel": "no",
        "cluster_reason": "Low density",
        "alt_hypothesis": "Possible malware activity",
        "attack_ref": "Malware scanning"
      }
    },
    "R2": {
      "A": {
        "self_conf_before": 0.2,
        "peer_scores": 0.2,
        "critique": "I agree with the tri-view label because the cluster ID is 225, which is a known anomaly. The cluster has a high density and is located close to the target, which is a strong indication of an attack.",
        "revise_label": {
          "changed": true,
          "new_label": 1,
          "reason": "High packet frequency during weekends"
        },
        "self_conf_after": 0.2,
        "clarifying_question": "What is the reason for the revise label change and how does it impact the label's accuracy?"
      },
      "B": {
        "self_conf_before": 0.2,
        "peer_scores": 0.2,
        "critique": "I agree with the tri-view label because the cluster ID is 225, which is a known anomaly. The cluster has a high density and is located close to the target, which is a strong indication of an attack.",
        "changed": true,
        "new_label": 1,
        "reason": "I changed my label because the cluster ID is 225, which is a known anomaly. The cluster has a high density and is located close to the target, which is a strong indication of an attack.",
        "self_conf_after": 0.2,
        "clarifying_question": "What is the cluster ID of the anomaly?"
      },
      "C": {
        "self_conf_before": 0.2,
        "peer_scores": [
          0.2,
          0.2
        ],
        "critique": "I agree with the tri-view label because the cluster ID is 225, which is a known anomaly. The cluster has a high density and is located close to the target, which is a strong indication of an attack.",
        "changed": true,
        "new_label": 1,
        "reason": "I believe the tri-view label is accurate and that the cluster is an anomaly that merits further investigation.",
        "self_conf_after": 0.4,
        "clarifying_question": "Could the cluster density be influenced by other factors besides the target location?"
      }
    },
    "R3": {
      "A": {},
      "B": {
        "self_conf": 0.2,
        "peer_scores": 0.2,
        "critique": "I agree with the tri-view label because the cluster ID is 225, which is a known anomaly. The cluster has a high density and is located close to the target, which is a strong indication of an attack.",
        "changed": true,
        "new_label": 1,
        "reason": "I changed my label because the cluster ID is 225, which is a known anomaly. The cluster has a high density and is located close to the target, which is a strong indication of an attack.",
        "self_conf_after": 0.2,
        "clarifying_question": "What is the reason for the revise label change and how does it impact the label' accuracy?"
      },
      "C": {
        "label": 1,
        "self_conf": 0.4,
        "rationale": "High packet frequency during weekends",
        "key_features": "dst_ip_freq: high",
        "cluster_novel": "no",
        "cluster_reason": "Low density",
        "alt_hypothesis": "Possible malware activity",
        "attack_ref": "Malware scanning"
      }
    },
    "judge": {
      "final_label": 1,
      "confidence": 0.6,
      "winning_agent": "C",
      "reason": "Agent C's confidence level increased to 0.4 after the critique and peer scores, indicating a stronger belief in the label. The key feature of high packet frequency during weekends is also a valid reason for considering the cluster an anomaly."
    }
  }
}