{
  "sample_summary": {
    "sample_id": "21-2",
    "tri_view_label": 1,
    "slm_final_vote": 1,
    "confidence": 0.5,
    "referee_label": null
  },
  "debate_dynamics": {
    "dominant_agent": "A",
    "least_agent": "C"
  },
  "_rounds": {
    "R1": {
      "A": {
        "label": 1,
        "self_conf": 0.2,
        "rationale": "The anomaly detected in this packet is likely due to a malicious attacker attempting to evade detection by using a high-density IP address and low packet size. The attacker may be attempting to evade detection by using a low-density IP address and a large packet size, which would be more difficult to detect.",
        "key_features": [
          "dst_ip_freq: high",
          "dns_domain_name_freq: -0.7119602307056717"
        ],
        "cluster_novel": "unknown",
        "cluster_reason": "unknown",
        "alt_hypothesis": "burst scan",
        "attack_ref": "DDoS"
      },
      "B": {
        "label": 1,
        "self_conf": 0.2,
        "rationale": "I agree with the tri-view label because the cluster ID is 53, which is a known attack type.",
        "key_features": "dst_ip_freq: 0.962, dns_domain_name_freq: -0.711, duration: -0.192, max_packets_len: 0.693",
        "cluster_novel": "no",
        "cluster_reason": "low density",
        "alt_hypothesis": "false positive",
        "attack_ref": "DDoS"
      },
      "C": {
        "label": 1,
        "self_conf": 0.2,
        "rationale": "High packet frequency during weekends",
        "key_features": "dst_ip_freq: high",
        "cluster_novel": "no",
        "cluster_reason": "Low density",
        "alt_hypothesis": "Possible malware activity",
        "attack_ref": "Malware scanning"
      }
    },
    "R2": {
      "A": {
        "self_conf_before": 0.2,
        "peer_scores": 0.2,
        "critique": "The anomaly detected in this packet is likely due to a malicious attacker attempting to evade detection by using a high-density IP address and low packet size. The attacker may be attempting to evade detection by using a low-density IP address and a large packet size, which would be more difficult to detect.",
        "revise_label": {
          "changed": true,
          "new_label": 1,
          "reason": "The attacker may be attempting to evade detection by using a low-density IP address and a large packet size, which would be more difficult to detect."
        },
        "self_conf_after": 0.2,
        "clarifying_question": "What is the reason for the change in label from 1 to 1 based on the peer responses?"
      },
      "B": {
        "self_conf_before": 0.2,
        "peer_scores": 0.2,
        "critique": "I agree with the tri-view label because the cluster ID is 53, which is a known attack type.",
        "changed": false,
        "new_label": 1,
        "reason": "I have decided to keep my label as 1 because the cluster ID is known to be a DDoS attack type.",
        "self_conf_after": 0.2,
        "clarifying_question": "What is the significance of the cluster ID being 53?"
      },
      "C": {
        "self_conf_before": 0.2,
        "peer_scores": [
          0.2,
          0.2
        ],
        "critique": "I agree with the peers that the anomaly detected in this packet is likely due to a malicious attacker attempting to evade detection by using a high-density IP address and low packet size. The attacker may be attempting to evade detection by using a low-density IP address and a large packet size, which would be more difficult to detect.",
        "changed": true,
        "new_label": 1,
        "reason": "I changed the label to 1 due to the peer review's confirmation and the additional information provided by the peers.",
        "self_conf_after": 0.4,
        "clarifying_question": "Is there any other information or observations that could support the conclusion that the attacker is attempting to evade detection?"
      }
    },
    "R3": {
      "A": {},
      "B": {
        "need_more_info": false,
        "questions": []
      },
      "C": {
        "need_more_info": false,
        "questions": []
      }
    },
    "judge": {
      "_raw_output": "{\n  \"final_label\": 1,\n  \"confidence\": 0.6,\n  \"winning_agent\": \"A, B, C\",\n  \"reason\": \"All agents agree on the label of anomaly being 1, and the majority have a confidence of 0.2. The consensus is that the anomaly is likely due to a malicious attacker attempting to evade detection by using varying IP densities and packet sizes. Therefore, the winning agents are A, B, and C.\""
    }
  }
}