{
  "sample_summary": {
    "sample_id": "21-3",
    "tri_view_label": 1,
    "slm_final_vote": 1,
    "confidence": 0.5,
    "referee_label": null
  },
  "debate_dynamics": {
    "dominant_agent": "A",
    "least_agent": "B"
  },
  "_rounds": {
    "R1": {
      "A": {},
      "B": {
        "label": 1,
        "self_conf": 0.2,
        "rationale": "I agree with the tri-view label because the cluster ID is 240, which is a known attack type (DDoS), and the cluster size is 104, which is larger than the average cluster size of 4.789015402432948. The cluster density is 4.789015402432948, which is also higher than the average cluster density of 4.789015402432948. The cluster is also relatively close to the source, with a distance of 0.0166079503685338. Therefore, I think this is a malicious cluster.",
        "key_features": "dst_ip_freq: -0.31836061698545466, dns_domain_name_freq: 1.404585951691209, duration: -0.191954750090981, max_packets_len: 0.6938876922705091",
        "cluster_novel": "yes",
        "cluster_reason": "high density",
        "alt_hypothesis": "DDoS",
        "attack_ref": "DDoS"
      },
      "C": {
        "label": 1,
        "self_conf": 0.2,
        "rationale": "High packet frequency during weekends",
        "key_features": "dst_ip_freq: high",
        "cluster_novel": "no",
        "cluster_reason": "Low density",
        "alt_hypothesis": "Possible malware activity",
        "attack_ref": "Malware scanning"
      }
    },
    "R2": {
      "A": {
        "self_conf_before": 0.2,
        "peer_scores": 0.2,
        "critique": "High packet frequency during weekends",
        "revise_label": {
          "changed": true,
          "new_label": 1,
          "reason": "High packet frequency during weekends"
        },
        "self_conf_after": 0.2,
        "clarifying_question": "Why did the peer predictions change the label from 1 to 1?"
      },
      "B": {
        "revise_label": {
          "changed": false,
          "new_label": null,
          "reason": ""
        }
      },
      "C": {
        "self_conf_before": 0.2,
        "peer_scores": [
          0.2,
          0.8
        ],
        "critique": "I agree with the tri-view label because the cluster ID is 240, which is a known attack type (DDoS), and the cluster size is 104, which is larger than the average cluster size of 4.789015402432948. The cluster density is 4.789015402432948, which is also higher than the average cluster density of 4.789015402432948. The cluster is also relatively close to the source, with a distance of 0.0166079503685338. Therefore, I think this is a malicious cluster.",
        "changed": true,
        "new_label": 1,
        "reason": "I have more confidence in the tri-view label due to the larger cluster size and density, which suggest a higher likelihood of malicious activity.",
        "self_conf_after": 0.8,
        "clarifying_question": "Is there any other evidence besides the cluster ID and density that could support the tri-view label?"
      }
    },
    "R3": {
      "A": {},
      "B": {},
      "C": {}
    },
    "judge": {
      "_raw_output": "{\n  \"final_label\": 1,\n  \"confidence\": 0.8,\n  \"winning_agent\": \"C\",\n  \"reason\": \"Agent C's revised label is based on the larger cluster size and density, which are strong indicators of malicious activity. Additionally, Agent C's self-confidence increased significantly after considering the peer scores and critique, indicating a more informed and confident decision.\""
    }
  }
}