{
  "sample_summary": {
    "sample_id": "21-5",
    "tri_view_label": 1,
    "slm_final_vote": 1,
    "confidence": 0.6,
    "referee_label": 1
  },
  "debate_dynamics": {
    "dominant_agent": "A",
    "least_agent": "C"
  },
  "_rounds": {
    "R1": {
      "A": {
        "label": 1,
        "self_conf": 0.2,
        "rationale": "The anomaly detected in this view is likely due to a high number of packets with the destination IP address 192.168.127.12, which is a known malicious IP address. The cluster ID is 225, with a size of 1041 and a density of 5.4644218950228876. The cluster is located in the time period of a weekday (Sunday) with a time of 0.058036937272189386.",
        "key_features": [
          "dst_ip_freq: high"
        ],
        "cluster_novel": "unknown",
        "cluster_reason": "unknown",
        "alt_hypothesis": "burst scan",
        "attack_ref": "DDoS"
      },
      "B": {
        "label": 1,
        "self_conf": 0.2,
        "rationale": "I agree with the tri-view label because the cluster ID is 225, which is a known anomaly.",
        "key_features": "dst_ip_freq: 0.962, dns_domain_name_freq: -0.711, duration: -0.192, max_packets_len: 0.693",
        "cluster_novel": "no",
        "cluster_reason": "low density",
        "alt_hypothesis": "burst scan",
        "attack_ref": "DDoS"
      },
      "C": {
        "label": 1,
        "self_conf": 0.2,
        "rationale": "High packet frequency during weekends",
        "key_features": "dst_ip_freq: high",
        "cluster_novel": "no",
        "cluster_reason": "Low density",
        "alt_hypothesis": "Possible malware activity",
        "attack_ref": "Malware scanning"
      }
    },
    "R2": {
      "A": {
        "self_conf_before": 0.2,
        "peer_scores": 0.2,
        "critique": "The anomaly detected in this view is likely due to a high number of packets with the destination IP address 192.168.127.12, which is a known malicious IP address. The cluster ID is 225, with a size of 1041 and a density of 5.4644218950228876. The cluster is located in the time period of a weekday (Sunday) with a time of 0.058036937272189386. The cluster_novel is unknown, and the cluster_reason is unknown. The alt_hypothesis is burst scan, and the attack_ref is DDoS.",
        "revise_label": {
          "changed": true,
          "new_label": 1,
          "reason": "The cluster ID is 225, with a size of 1041 and a density of 5.4644218950228876. The cluster is located in the time period of a weekday (Sunday) with a time of 0.058036937272189386. The cluster_novel is unknown, and the cluster_reason is unknown. The alt_hypothesis is burst scan, and the attack_ref is DDoS."
        }
      },
      "B": {
        "self_conf_before": 0.2,
        "peer_scores": 0.2,
        "critique": "I agree with the tri-view label because the cluster ID is 225, which is a known anomaly.",
        "changed": false,
        "new_label": 1,
        "reason": "I changed my label because the cluster ID is a known anomaly.",
        "self_conf_after": 0.2,
        "clarifying_question": "What is the cluster ID of the anomaly?"
      },
      "C": {
        "self_conf_before": 0.2,
        "peer_scores": [
          0.2,
          0.2
        ],
        "critique": "I agree with the peers that the cluster ID 225 is an anomaly, but I have a different rationale.",
        "changed": true,
        "new_label": 1,
        "reason": "I have observed a higher concentration of suspicious packets from the same IP address in the past, which aligns with the cluster's characteristics.",
        "self_conf_after": 0.4,
        "clarifying_question": "Could the high density be influenced by other factors, such as the number of unique IPs or the distribution of packet sizes?"
      }
    },
    "R3": {
      "A": {},
      "B": {
        "need_more_info": false,
        "questions": []
      },
      "C": {
        "label": 1,
        "self_conf": 0.2,
        "rationale": "I have observed a higher concentration of suspicious packets from the same IP address in the past, which aligns with the cluster's characteristics.",
        "key_features": "dst_ip_freq: high",
        "cluster_novel": "no",
        "cluster_reason": "Low density",
        "alt_hypothesis": "Possible malware activity",
        "attack_ref": "Malware scanning"
      }
    },
    "judge": {
      "final_label": 1,
      "confidence": 0.6,
      "winning_agent": "C",
      "reason": "Agent C's rationale of observing a higher concentration of suspicious packets from the same IP address in the past aligns with the cluster's characteristics, providing a more specific justification for the anomaly."
    }
  }
}