{
  "sample_summary": {
    "sample_id": "21-6",
    "tri_view_label": 1,
    "slm_final_vote": 1,
    "confidence": 0.5,
    "referee_label": null
  },
  "debate_dynamics": {
    "dominant_agent": "A",
    "least_agent": "C"
  },
  "_rounds": {
    "R1": {
      "A": {
        "label": 1,
        "self_conf": 0.2,
        "rationale": "The anomaly detected in this view is likely due to a high number of packets with the destination IP address 192.168.127.12. This IP address is known to be associated with a malicious domain, which is a potential indication of an attack.",
        "key_features": [
          "dst_ip_freq: high"
        ],
        "cluster_novel": "unknown",
        "cluster_reason": "unknown",
        "alt_hypothesis": "burst scan",
        "attack_ref": "DDoS"
      },
      "B": {
        "label": 1,
        "self_conf": 0.2,
        "rationale": "I agree with the tri-view label because the cluster ID is 225, which is a known anomaly.",
        "key_features": "dst_ip_freq: 0.962, dns_domain_name_freq: -0.711, duration: -0.192, max_packets_len: 0.693",
        "cluster_novel": "no",
        "cluster_reason": "low density",
        "alt_hypothesis": "false positive",
        "attack_ref": "DDoS"
      },
      "C": {
        "label": 1,
        "self_conf": 0.2,
        "rationale": "High packet frequency during weekends",
        "key_features": "dst_ip_freq: high",
        "cluster_novel": "no",
        "cluster_reason": "Low density",
        "alt_hypothesis": "Possible malware activity",
        "attack_ref": "Malware scanning"
      }
    },
    "R2": {
      "A": {
        "self_conf_before": 0.2,
        "peer_scores": 0.2,
        "critique": "The anomaly detected in this view is likely due to a high number of packets with the destination IP address 192.168.127.12. This IP address is known to be associated with a malicious domain, which is a potential indication of an attack.",
        "revise_label": {
          "changed": true,
          "new_label": 1,
          "reason": "The cluster ID is 225, which is a known anomaly."
        },
        "self_conf_after": 0.2,
        "clarifying_question": "What is the cluster ID 225, and why is it a known anomaly?"
      },
      "B": {
        "self_conf_before": 0.2,
        "peer_scores": 0.2,
        "critique": "I agree with the tri-view label because the cluster ID is 225, which is a known anomaly.",
        "changed": false,
        "new_label": 1,
        "reason": "I have decided to keep my label as 1 because the cluster ID is known to be associated with a malicious domain, which is a potential indication of an attack.",
        "self_conf_after": 0.2,
        "clarifying_question": "What is the significance of the high number of packets with the destination IP address 192.168.127.12?"
      },
      "C": {
        "self_conf_before": 0.2,
        "peer_scores": [
          0.2,
          0.2
        ],
        "critique": "I agree with the peers that the anomaly detected in this view is likely due to a high number of packets with the destination IP address 192.168.127.12. This IP address is known to be associated with a malicious domain, which is a potential indication of an attack.",
        "changed": true,
        "new_label": 1,
        "reason": "I changed the label to 1 due to the higher confidence score from the peers.",
        "self_conf_after": 0.4,
        "clarifying_question": "Is there any other information or context that could be contributing to this anomaly besides the destination IP address?"
      }
    },
    "R3": {
      "A": {},
      "B": {
        "need_more_info": false,
        "questions": []
      },
      "C": {
        "need_more_info": false,
        "questions": []
      }
    },
    "judge": {
      "_raw_output": "{\n  \"final_label\": 1,\n  \"confidence\": 0.6,\n  \"winning_agent\": \"A, B, C\",\n  \"reason\": \"All agents agree on the anomaly label (1) and provide justifications related to the high number of packets to the malicious IP address 192.168.127.12 and its association with a known malicious domain. Therefore, the winning agents are A, B, and C.\""
    }
  }
}