{
  "sample_summary": {
    "sample_id": "21-7",
    "tri_view_label": 1,
    "slm_final_vote": 1,
    "confidence": 0.8,
    "referee_label": 1
  },
  "debate_dynamics": {
    "dominant_agent": "A",
    "least_agent": "B"
  },
  "_rounds": {
    "R1": {
      "A": {
        "label": 1,
        "self_conf": 0.2,
        "rationale": "The anomaly has a tri-view label of 1 (anomaly) and a confidence of 0.2. The cluster has a size of 950, a density of 4.65915047866441, and a distance of 0.3516116967898834.",
        "key_features": [
          "dst_ip_freq: high",
          "dns_domain_name_freq: -0.7119602307056717"
        ],
        "cluster_novel": "unknown",
        "cluster_reason": "unknown",
        "alt_hypothesis": "burst scan",
        "attack_ref": "DDoS"
      },
      "B": {
        "label": 1,
        "self_conf": 0.2,
        "rationale": "I agree with the tri-view label because the cluster ID is 53, which is a known anomaly cluster. The cluster has a high density and is located close to the source IP address, which is suspicious. The cluster also has a high duration and a high max_packets_len, which are typical features of a DDoS attack. The cluster also has a high frequency of dns_domain_name_freq, which is a sign of DNS tunneling. Therefore, I think the cluster is an anomaly and should be investigated further.",
        "key_features": "dst_ip_freq: high, dns_domain_name_freq: high, duration: high, max_packets_len: high, dns_domain_name_freq: high",
        "cluster_novel": "yes",
        "cluster_reason": "high density, close to source IP, high duration, high max_packets_len, high dns_domain_name_freq",
        "alt_hypothesis": "DDoS attack",
        "attack_ref": "DDoS"
      },
      "C": {
        "label": 1,
        "self_conf": 0.2,
        "rationale": "High packet frequency during weekends",
        "key_features": "dst_ip_freq: high",
        "cluster_novel": "no",
        "cluster_reason": "Low density",
        "alt_hypothesis": "Possible malware activity",
        "attack_ref": "Malware scanning"
      }
    },
    "R2": {
      "A": {
        "self_conf_before": 0.2,
        "peer_scores": 0.2,
        "critique": "I agree with the tri-view label because the cluster ID is 53, which is a known anomaly cluster. The cluster has a high density and is located close to the source IP address, which is suspicious. The cluster also has a high duration and a high max_packets_len, which are typical features of a DDoS attack. The cluster also has a high frequency of dns_domain_name_freq, which is a sign of DNS tunneling. Therefore, I think the cluster is an anomaly and should be investigated further.",
        "revise_label": {
          "changed": true,
          "new_label": 1,
          "reason": "The cluster has a high density and is located close to the source IP address, which is suspicious. The cluster also has a high duration and a high max_packets_len, which are typical features of a DDoS attack. Therefore, I think the cluster is an anomaly and should be investigated further."
        },
        "self_conf_after": 0.2,
        "clarifying_question": "What are the suspicious features of the cluster, as identified by the peer responses, that led the author to conclude that it is an anomaly?"
      },
      "B": {
        "revise_label": {
          "changed": false,
          "new_label": null,
          "reason": ""
        }
      },
      "C": {
        "self_conf_before": 0.2,
        "peer_scores": 0.2,
        "critique": "I agree with the peers that the cluster is an anomaly and should be investigated further. The cluster exhibits several suspicious characteristics, including the high density, location, duration, and frequency of the anomalies. Additionally, the cluster has a tri-view label of 1, which is unusual for this type of attack. Further investigation is warranted to determine the exact nature of the anomalies.",
        "changed": true,
        "new_label": 1,
        "reason": "I have reviewed the peers' analysis and agree that the cluster exhibits suspicious characteristics that suggest an anomaly. I believe that further investigation is warranted to determine the exact nature of the anomalies.",
        "self_conf_after": 0.8,
        "clarifying_question": "What other characteristics could be indicative of DDoS attacks besides the ones mentioned by the peers?"
      }
    },
    "R3": {
      "A": {},
      "B": {},
      "C": {
        "label": 1,
        "self_conf": 0.2,
        "rationale": "High packet frequency during weekends",
        "key_features": "dst_ip_freq: high",
        "cluster_novel": "no",
        "cluster_reason": "Low density",
        "alt_hypothesis": "Possible malware activity",
        "attack_ref": "Malware scanning"
      }
    },
    "judge": {
      "final_label": 1,
      "confidence": 0.8,
      "winning_agent": "C",
      "reason": "Agent C's confidence remained the same, but their rationale was not explicitly contradicted by the other agents. The cluster exhibits a high packet frequency during weekends, which is a suspicious feature. Additionally, the cluster has a low density, which is not typically associated with DDoS attacks. Therefore, it is possible that the cluster represents malware scanning activity."
    }
  }
}