{
  "sample_summary": {
    "sample_id": "22-0",
    "tri_view_label": 1,
    "slm_final_vote": 1,
    "confidence": 0.8,
    "referee_label": 1
  },
  "debate_dynamics": {
    "dominant_agent": "A",
    "least_agent": "A"
  },
  "_rounds": {
    "R1": {
      "A": {
        "label": 1,
        "self_conf": 0.2,
        "rationale": "The anomaly detected in the tri-view label is an anomaly with a size of 1008 and a density of 5.204415748630321. The cluster ID is 225, and the time is Weekday (Sunday).",
        "key_features": [
          "dst_ip_freq: high",
          "dns_domain_name_freq: -0.7119602307056717"
        ],
        "cluster_novel": "unknown",
        "cluster_reason": "unknown",
        "alt_hypothesis": "burst scan",
        "attack_ref": "DDoS"
      },
      "B": {
        "label": 1,
        "self_conf": 0.2,
        "rationale": "I agree with the tri-view label because the cluster ID is 225, which is a known anomaly cluster. The cluster has a high density and is located close to the source IP address, which is also suspicious. The cluster has a high duration and a high max_packets_len, which are typical features of a DDoS attack. The cluster also has a high dst_ip_freq and a low dns_domain_name_freq, which are typical features of a DNS tunnel attack. Therefore, I think the cluster is an anomaly and I agree with the tri-view label.",
        "key_features": "dst_ip_freq: high, dns_domain_name_freq: low, duration: high, max_packets_len: high, dst_ip_freq: high, dns_domain_name_freq: low",
        "cluster_novel": "yes",
        "cluster_reason": "high density, close to source IP",
        "alt_hypothesis": "DDoS attack",
        "attack_ref": "DDoS"
      },
      "C": {
        "label": 1,
        "self_conf": 0.2,
        "rationale": "High packet frequency during weekends",
        "key_features": "dst_ip_freq: high",
        "cluster_novel": "no",
        "cluster_reason": "Low density",
        "alt_hypothesis": "Possible malware activity",
        "attack_ref": "Malware scanning"
      }
    },
    "R2": {
      "A": {
        "self_conf_before": 0.2,
        "peer_scores": 0.2,
        "critique": "The anomaly detected in the tri-view label is an anomaly with a size of 1008 and a density of 5.204415748630321. The cluster ID is 225, and the time is Weekday (Sunday).",
        "revise_label": {
          "changed": true,
          "new_label": 1,
          "reason": "The cluster ID is 225, and the time is Weekday (Sunday)."
        },
        "self_conf_after": 0.2,
        "clarifying_question": "Is the cluster ID 225, and the time is Weekday (Sunday), a valid reason for changing the label?"
      },
      "B": {
        "self_conf_before": 0.2,
        "peer_scores": 0.2,
        "critique": "I agree with the tri-view label because the cluster ID is 225, which is a known anomaly cluster. The cluster has a high density and is located close to the source IP address, which is also suspicious. The cluster has a high duration and a high max_packets_len, which are typical features of a DDoS attack. The cluster also has a high dst_ip_freq and a low dns_domain_name_freq, which are typical features of a DNS tunnel attack. Therefore, I think the cluster is an anomaly and I agree with the tri-view label.",
        "changed": false,
        "new_label": 1,
        "reason": "I changed my label because I agree with the peer's rationale that the cluster is an anomaly.",
        "self_conf_after": 0.2,
        "clarifying_question": "What is the cluster ID of the anomaly?"
      },
      "C": {
        "self_conf_before": 0.2,
        "peer_scores": 0.2,
        "critique": "I agree with the peers that the cluster is an anomaly and I agree with the tri-view label.",
        "changed": true,
        "new_label": 1,
        "reason": "I agree with the peers that the cluster is an anomaly and the tri-view label is accurate.",
        "self_conf_after": 0.8,
        "clarifying_question": "Is there any other information or context that would support the peers' conclusions?"
      }
    },
    "R3": {
      "A": {},
      "B": {},
      "C": {
        "label": 1,
        "self_conf": 0.2,
        "rationale": "High packet frequency during weekends",
        "key_features": "dst_ip_freq: high",
        "cluster_novel": "no",
        "cluster_reason": "Low density",
        "alt_hypothesis": "Possible malware activity",
        "attack_ref": "Malware scanning"
      }
    },
    "judge": {
      "final_label": 1,
      "confidence": 0.8,
      "winning_agent": "C",
      "reason": "Agent C's label remained consistent throughout the debate and the highest average confidence among the agents is 0.8."
    }
  }
}