{
  "sample_summary": {
    "sample_id": "22-3",
    "tri_view_label": 1,
    "slm_final_vote": 1,
    "confidence": 1.0,
    "referee_label": 1
  },
  "debate_dynamics": {
    "dominant_agent": "A",
    "least_agent": "B"
  },
  "_rounds": {
    "R1": {
      "A": {
        "label": 1,
        "self_conf": 0.2,
        "rationale": "The anomaly detected in the tri-view label is an anomaly with a size of 965 and a density of 4.635255664924906. The cluster ID is 53, and the time is Weekday (Sunday).",
        "key_features": [
          "dst_ip_freq: high",
          "dns_domain_name_freq: -0.7119602307056717"
        ],
        "cluster_novel": "unknown",
        "cluster_reason": "unknown",
        "alt_hypothesis": "burst scan",
        "attack_ref": "DDoS"
      },
      "B": {
        "label": 1,
        "self_conf": 0.2,
        "rationale": "I agree with the tri-view label because the cluster ID is 53, which is a known attack type (DDoS) and the cluster size is 965, which is larger than the average cluster size of 5. The cluster density is 4.63525566492496, which is higher than the average cluster density of 3. The cluster is also located in a high-traffic area, which increases the likelihood of an attack. The cluster duration is -0.19224265274501, which is shorter than the average cluster duration of -0.2. The cluster max_packets_len is 0.69388769227057, which is lower than the average cluster max_packets_len of 0.7. These features indicate that the cluster is anomalous and likely to be an attack.",
        "key_features": "dst_ip_freq: high, dns_domain_name_freq: low, duration: short, max_packets_len: low",
        "cluster_novel": "yes",
        "cluster_reason": "low density",
        "alt_hypothesis": "burst scan",
        "attack_ref": "DDoS"
      },
      "C": {
        "label": 1,
        "self_conf": 0.2,
        "rationale": "High packet frequency during weekends",
        "key_features": "dst_ip_freq: high",
        "cluster_novel": "no",
        "cluster_reason": "Low density",
        "alt_hypothesis": "Possible malware activity",
        "attack_ref": "Malware scanning"
      }
    },
    "R2": {
      "A": {
        "self_conf_before": 0.2,
        "peer_scores": 0.2,
        "critique": "The anomaly detected in the tri-view label is an anomaly with a size of 965 and a density of 4.635255664924906. The cluster ID is 53, and the time is Weekday (Sunday).",
        "revise_label": {
          "changed": true,
          "new_label": 1,
          "reason": "The peer responses suggest that the cluster ID is 53, which is a known attack type (DDoS) and the cluster size is 965, which is larger than the average cluster size of 5. The cluster density is 4.63525566492496, which is higher than the average cluster density of 3. The cluster is also located in a high-traffic area, which increases the likelihood of an attack. The cluster duration is -0.19224265274501, which is shorter than the average cluster duration of -0.2. The cluster max_packets_len is 0.69388769227057, which is lower than the average cluster max_packets_len of 0.7. These features indicate that the cluster is anomalous and likely to be an attack."
        },
        "self_conf_after": 0.2,
        "clarifying_question": "High packet frequency during weekends"
      },
      "B": {
        "revise_label": {
          "changed": false,
          "new_label": null,
          "reason": ""
        }
      },
      "C": {
        "revise_label": {
          "changed": false,
          "new_label": null,
          "reason": ""
        }
      }
    },
    "R3": {
      "A": {
        "self_conf_before": 0.2,
        "peer_scores": 0.2,
        "critique": "The anomaly detected in the tri-view label is an anomaly with a size of 965 and a density of 4.635255664924906. The cluster ID is 53, and the time is Weekday (Sunday).",
        "revise_label": {
          "changed": true,
          "new_label": 1,
          "reason": "The peer responses suggest that the cluster ID is 53, which is a known attack type (DDoS) and the cluster size is 965, which is larger than the average cluster size of 5. The cluster density is 4.63525566492496, which is higher than the average cluster density of 3. The cluster is also located in a high-traffic area, which increases the likelihood of an attack. The cluster duration is -0.19224265274501, which is shorter than the average cluster duration of -0.2. The cluster max_packets_len is 0.69388769227057, which is lower than the average cluster max_packets_len of 0.7. These features indicate that the cluster is anomalous and likely to be an attack."
        },
        "self_conf_after": 0.2,
        "clarifying_question": "High packet frequency during weekends"
      },
      "B": {},
      "C": {
        "need_more_info": true,
        "questions": [
          "High packet frequency during weekends"
        ]
      }
    },
    "judge": {
      "final_label": 1,
      "confidence": 1.0,
      "winning_agent": "A",
      "reason": "The peer responses and Agent A's rationale provide strong evidence that the cluster is an anomalous DDoS attack based on its size, density, location, and duration. Agent B's rationale supports this conclusion as well."
    }
  }
}