{
  "sample_summary": {
    "sample_id": "22-7",
    "tri_view_label": 1,
    "slm_final_vote": 1,
    "confidence": 0.5,
    "referee_label": null
  },
  "debate_dynamics": {
    "dominant_agent": "A",
    "least_agent": "B"
  },
  "_rounds": {
    "R1": {
      "A": {
        "label": 1,
        "self_conf": 0.2,
        "rationale": "The anomaly has a tri-view label of 1 (anomaly) and a confidence of 0.2. The cluster ID is 53, with a size of 965, a density of 4.635255664924906, and a distance of 0.20548924254757778.",
        "key_features": [
          "dst_ip_freq: high",
          "dns_domain_name_freq: -0.7119602307056717"
        ],
        "cluster_novel": "unknown",
        "cluster_reason": "unknown",
        "alt_hypothesis": "burst scan",
        "attack_ref": "DDoS"
      },
      "B": {},
      "C": {
        "label": 1,
        "self_conf": 0.2,
        "rationale": "High packet frequency during weekends",
        "key_features": "dst_ip_freq: high",
        "cluster_novel": "no",
        "cluster_reason": "Low density",
        "alt_hypothesis": "Possible malware activity",
        "attack_ref": "Malware scanning"
      }
    },
    "R2": {
      "A": {
        "self_conf_before": 0.2,
        "peer_scores": 0.2,
        "critique": "The anomaly has a tri-view label of 1 (anomaly) and a confidence of 0.2. The cluster ID is 53, with a size of 965, a density of 4.635255664924906, and a distance of 0.20548924254757778. The label has been changed to 1. The cluster reason has been clarified to be 'burst scan' instead of 'DDoS'. The alt hypothesis has been revised to 'burst scan' instead of 'DDoS'. The attack reason has been clarified to be 'burst scan' instead of 'DDoS'. The new label has been changed to 1. The reason for the change is 'High packet frequency during weekends'. The clarifying question has been updated to 'What is the reason for the change in label from 'DDoS' to 'burst scan'?'",
        "revise_label": {
          "changed": true,
          "new_label": 1,
          "reason": "High packet frequency during weekends"
        },
        "self_conf_after": 0.2,
        "clarifying_question": "What is the reason for the change in label from 'DDoS' to 'burst scan'?"
      },
      "B": {
        "revise_label": {
          "changed": false,
          "new_label": null,
          "reason": ""
        }
      },
      "C": {
        "self_conf_before": 0.2,
        "peer_scores": [
          0.2,
          null
        ],
        "critique": "The rationale suggests an anomaly, but the confidence score is low. The cluster characteristics are also not consistent with an anomaly.",
        "changed": false,
        "new_label": 1,
        "reason": "The low confidence score suggests that the anomaly may be an outlier, while the cluster characteristics are consistent with a legitimate anomaly.",
        "self_conf_after": 0.8,
        "clarifying_question": "What other factors could contribute to the tri-view label of 1?"
      }
    },
    "R3": {
      "A": {},
      "B": {},
      "C": {}
    },
    "judge": {
      "_raw_output": "{\n  \"final_label\": 1,\n  \"confidence\": 0.8,\n  \"winning_agent\": \"C\",\n  \"reason\": \"Agent C's revised label and reasoning are more compelling, as they provide a clear explanation for the anomaly based on the given data. Agent C's new label of 'anomaly' is supported by the 'high packet frequency during weekends' observation, which is not explicitly stated by Agent A but can be inferred from their revised rationale. Additionally, Agent C's higher confidence score reflects a greater level of certainty in their label.\""
    }
  }
}