{
  "sample_summary": {
    "sample_id": "23-2",
    "tri_view_label": 1,
    "slm_final_vote": 1,
    "confidence": 0.6,
    "referee_label": 1
  },
  "debate_dynamics": {
    "dominant_agent": "A",
    "least_agent": "C"
  },
  "_rounds": {
    "R1": {
      "A": {
        "label": 1,
        "self_conf": 0.2,
        "rationale": "The anomaly detected in the tri-view label is an anomaly with a size of 328 and a density of 5.405456813716655. The cluster ID is 225, and the time is Weekday (Sunday).",
        "key_features": [
          "dst_ip_freq: high",
          "dns_domain_name_freq: -0.7119602307056717"
        ],
        "cluster_novel": "unknown",
        "cluster_reason": "unknown",
        "alt_hypothesis": "burst scan",
        "attack_ref": "DDoS"
      },
      "B": {
        "label": 1,
        "self_conf": 0.2,
        "rationale": "I agree with the tri-view label because the cluster ID is 225, which is a known attack type.",
        "key_features": "dst_ip_freq: 0.962, dns_domain_name_freq: -0.711, duration: -0.192, max_packets_len: 0.693",
        "cluster_novel": "yes",
        "cluster_reason": "low density",
        "alt_hypothesis": "burst scan",
        "attack_ref": "DDoS"
      },
      "C": {
        "label": 1,
        "self_conf": 0.2,
        "rationale": "High packet frequency during weekends",
        "key_features": "dst_ip_freq: high",
        "cluster_novel": "no",
        "cluster_reason": "Low density",
        "alt_hypothesis": "Possible malware activity",
        "attack_ref": "Malware scanning"
      }
    },
    "R2": {
      "A": {
        "self_conf_before": 0.2,
        "peer_scores": 0.2,
        "critique": "I agree with the tri-view label because the cluster ID is 225, which is a known attack type.",
        "revise_label": {
          "changed": false,
          "new_label": 1,
          "reason": "High packet frequency during weekends"
        },
        "self_conf_after": 0.2,
        "clarifying_question": "What is the reason for the peer's change in label?"
      },
      "B": {
        "self_conf_before": 0.2,
        "peer_scores": 0.2,
        "critique": "I agree with the tri-view label because the cluster ID is 225, which is a known attack type.",
        "changed": false,
        "new_label": 1,
        "reason": "I changed my label because the cluster ID is a known attack type.",
        "self_conf_after": 0.2,
        "clarifying_question": "What is the cluster ID?"
      },
      "C": {
        "self_conf_before": 0.2,
        "peer_scores": [
          0.2,
          0.2
        ],
        "critique": "My rationale seems to be aligned with the peers, but I need more context to fully understand the situation.",
        "changed": false,
        "new_label": 1,
        "reason": "I believe the observed anomaly might be related to a malware attack based on the cluster ID and the unusual activity during weekends.",
        "self_conf_after": 0.4,
        "clarifying_question": "Could you provide more details about the specific anomalies detected in the tri-view label and the cluster ID 225? This would help me gain a deeper understanding of the situation and make a more informed decision."
      }
    },
    "R3": {
      "A": {
        "need_more_info": true,
        "questions": [
          {
            "label": "What is the cluster ID?",
            "type": "clarifying_question",
            "answer": "The cluster ID is 225, which is a known attack type."
          },
          {
            "label": "What is the reason for the peer's change in label?",
            "type": "revise_label",
            "answer": {
              "changed": false,
              "new_label": 1,
              "reason": "High packet frequency during weekends"
            }
          }
        ]
      },
      "B": {
        "need_more_info": false,
        "questions": []
      },
      "C": {
        "need_more_info": true,
        "questions": [
          "What is the reason for the peer's change in label?"
        ]
      }
    },
    "judge": {
      "final_label": 1,
      "confidence": 0.6,
      "winning_agent": "A",
      "reason": "Both Agent A and Agent B agree on the label being anomalous (label: 1). Agent A provides more context about the cluster ID being a known attack type, which justifies their confidence in the label. Agent B's agreement and the confirmation of the cluster ID as a known attack type from Agent A strengthens the overall consensus. Agent C's need for more information does not affect the majority vote."
    }
  }
}