{
  "sample_summary": {
    "sample_id": "23-3",
    "tri_view_label": 1,
    "slm_final_vote": 1,
    "confidence": 0.4,
    "referee_label": 1
  },
  "debate_dynamics": {
    "dominant_agent": "A",
    "least_agent": "B"
  },
  "_rounds": {
    "R1": {
      "A": {
        "label": 1,
        "self_conf": 0.2,
        "rationale": "The anomaly detected in the tri-view label is an anomaly with a tri-view label of 1 (anomaly) and confidence of 0.2. The cluster ID is 50, with a size of 475, a density of 3.4366989642473253, and a distance of 0.28669595697605327. The time was a weekday (Sunday).",
        "key_features": [
          "dst_ip_freq: -0.3183606169854546",
          "dns_domain_name_freq: 1.4045859516912094",
          "duration: -0.1919552836589728",
          "max_packets_len: -0.883797552556833"
        ],
        "cluster_novel": "unknown",
        "cluster_reason": "unknown",
        "alt_hypothesis": "burst scan",
        "attack_ref": "DDoS"
      },
      "B": {
        "label": 1,
        "self_conf": 0.2,
        "rationale": "I agree with the tri-view label because the cluster ID is 50, which is a known anomaly cluster. The cluster size is 475, which is larger than the average cluster size of 300. The cluster density is 3.4366989642473253, which is higher than the average cluster density of 2.5. The cluster dist is 0.28669595697605327, which is closer to the center than the average cluster dist of 0.5. The cluster has a high number of attacks, which is confirmed by the known attack type of DDoS. Therefore, I think this is an anomaly.",
        "key_features": "dst_ip_freq: high, dns_domain_name_freq: high, duration: high, max_packets_len: high",
        "cluster_novel": "yes",
        "cluster_reason": "high density, close to center",
        "alt_hypothesis": "burst scan",
        "attack_ref": "DDoS"
      },
      "C": {
        "label": 1,
        "self_conf": 0.2,
        "rationale": "High packet frequency during weekends",
        "key_features": "dst_ip_freq: high",
        "cluster_novel": "no",
        "cluster_reason": "Low density",
        "alt_hypothesis": "Possible malware activity",
        "attack_ref": "Malware scanning"
      }
    },
    "R2": {
      "A": {
        "self_conf_before": 0.2,
        "peer_scores": 0.2,
        "critique": "The anomaly detected in the tri-view label is an anomaly with a tri-view label of 1 (anomaly) and confidence of 0.2. The cluster ID is 50, with a size of 475, a density of 3.4366989642473253, and a distance of 0.28669595697605327. The time was a weekday (Sunday).",
        "key_features": [
          "dst_ip_freq: -0.3183606169854546",
          "dns_domain_name_freq: 1.4045859516912094",
          "duration: -0.1919552836589728",
          "max_packets_len: -0.883797552556833"
        ],
        "cluster_novel": "unknown",
        "cluster_reason": "unknown",
        "alt_hypothesis": "burst scan",
        "attack_ref": "DDoS",
        "confidence": 0.2,
        "rationale": "I agree with the tri-view label because the cluster ID is 50, which is a known anomaly cluster. The cluster size is 475, which is larger than the average cluster size of 300. The cluster density is 3.4366989642473253, which is higher than the average cluster density of 2.5. The cluster dist is 0.28669595697605327, which is closer to the center than the average cluster dist of 0.5. The cluster has a high number of attacks, which is confirmed by the known attack type of DDoS. Therefore, I think this is an anomaly."
      },
      "B": {
        "revise_label": {
          "changed": false,
          "new_label": null,
          "reason": ""
        }
      },
      "C": {
        "self_conf_before": 0.2,
        "peer_scores": 0.2,
        "critique": "I agree with the tri-view label because the cluster ID is 50, which is a known anomaly cluster. The cluster size is 475, which is larger than the average cluster size of 300. The cluster density is 3.4366989642473253, which is higher than the average cluster density of 2.5. The cluster dist is 0.28669595697605327, which is closer to the center than the average cluster dist of 0.5. The cluster has a high number of attacks, which is confirmed by the known attack type of DDoS. Therefore, I think this is an anomaly.",
        "changed": true,
        "new_label": 1,
        "reason": "I agree with the tri-view label because the cluster characteristics and attack pattern suggest an anomaly.",
        "self_conf_after": 0.4,
        "clarifying_question": "Could the cluster density be influenced by factors other than the number of attacks, such as the distribution of the IP addresses in the cluster?"
      }
    },
    "R3": {
      "A": {},
      "B": {},
      "C": {
        "label": 1,
        "self_conf": 0.2,
        "rationale": "High packet frequency during weekends",
        "key_features": "dst_ip_freq: high",
        "cluster_novel": "no",
        "cluster_reason": "Low density",
        "alt_hypothesis": "Possible malware activity",
        "attack_ref": "Malware scanning"
      }
    },
    "judge": {
      "final_label": 1,
      "confidence": 0.4,
      "winning_agent": "C",
      "reason": "Agent C's hypothesis of 'High packet frequency during weekends' aligns with the observation of 'dst_ip_freq: high'. Although the cluster density is low, it doesn't necessarily rule out an anomaly, as Agent C's critique suggests the possibility of other factors influencing the density. The overall consensus among agents is that this is an anomaly."
    }
  }
}