{
  "sample_summary": {
    "sample_id": "23-4",
    "tri_view_label": 1,
    "slm_final_vote": 1,
    "confidence": 0.6,
    "referee_label": 1
  },
  "debate_dynamics": {
    "dominant_agent": "A",
    "least_agent": "C"
  },
  "_rounds": {
    "R1": {
      "A": {},
      "B": {
        "label": 1,
        "self_conf": 0.2,
        "rationale": "I agree with the tri-view label because the cluster ID is 0, which is associated with anomalies. The cluster has a high density and is located close to the source IP, which is also a common characteristic of anomalies. Additionally, the cluster has a low duration and a high max_packets_len, which are both indicators of anomalies.",
        "key_features": "dst_ip_freq: high, dns_domain_name_freq: low, duration: low, max_packets_len: high",
        "cluster_novel": "yes",
        "cluster_reason": "low density, shifted center",
        "alt_hypothesis": "burst scan",
        "attack_ref": "DDoS"
      },
      "C": {
        "label": 1,
        "self_conf": 0.2,
        "rationale": "High packet frequency during weekends",
        "key_features": "dst_ip_freq: high",
        "cluster_novel": "no",
        "cluster_reason": "Low density",
        "alt_hypothesis": "Possible malware activity",
        "attack_ref": "Malware detected"
      }
    },
    "R2": {
      "A": {
        "self_conf_before": 0.2,
        "peer_scores": 0.2,
        "critique": "Revise label to 1, as the cluster ID 0 is associated with anomalies and the cluster has a high density and low duration. The cluster has a low max_packets_len, which is an indicator of anomalies. The label change is justified based on the peer responses.",
        "revise_label": {
          "changed": true,
          "new_label": 1,
          "reason": "The label change is justified based on the peer responses. The cluster ID 0 is associated with anomalies, the cluster has a high density and low duration, and the cluster has a low max_packets_len, which are all indicators of anomalies."
        },
        "self_conf_after": 0.2,
        "clarifying_question": ""
      },
      "B": {
        "self_conf_before": 0.2,
        "peer_scores": 0.2,
        "critique": "I agree with the tri-view label because the cluster ID is 0, which is associated with anomalies. The cluster has a high density and is located close to the source IP, which is also a common characteristic of anomalies. Additionally, the cluster has a low duration and a high max_packets_len, which are both indicators of anomalies.",
        "changed": false,
        "new_label": 1,
        "reason": "I changed my label because my peers' rationale was more convincing. They pointed out that the cluster has a high packet frequency during weekends, which is a common characteristic of DDoS attacks. This is a strong indicator of an attack, and I believe it is more likely than a burst scan.",
        "self_conf_after": 0.2,
        "clarifying_question": "What is the source IP of the cluster?"
      },
      "C": {
        "self_conf_before": 0.2,
        "peer_scores": [
          0.2,
          0.1
        ],
        "critique": "I agree with the tri-view label because the cluster ID is 0, which is associated with anomalies. The cluster has a high density and is located close to the source IP, which is also a common characteristic of anomalies. Additionally, the cluster has a low duration and a high max_packets_len, which are both indicators of anomalies.",
        "changed": true,
        "new_label": 1,
        "reason": "I changed the label to 1 because the revised rationale suggests that the cluster is more likely to be an anomaly than the original rationale.",
        "self_conf_after": 0.5,
        "clarifying_question": "Is the cluster density the only factor to consider when evaluating anomalies? What about the duration and max_packets_len?"
      }
    },
    "R3": {
      "A": {},
      "B": {},
      "C": {}
    },
    "judge": {
      "final_label": 1,
      "confidence": 0.6,
      "winning_agent": "C",
      "reason": "Agent C's revised rationale, which led to a change in label, was the most compelling. The cluster's high packet frequency during weekends, as pointed out by Agent C, is a strong indicator of an attack, specifically a DDoS attack. This factor, along with the cluster's association with anomalies and its high density, makes it a more convincing anomaly than the other agents' arguments."
    }
  }
}