{
  "sample_summary": {
    "sample_id": "23-6",
    "tri_view_label": 1,
    "slm_final_vote": 1,
    "confidence": 0.6,
    "referee_label": 1
  },
  "debate_dynamics": {
    "dominant_agent": "B",
    "least_agent": "A"
  },
  "_rounds": {
    "R1": {
      "A": {
        "label": 1,
        "self_conf": 0.2,
        "rationale": "The anomaly has a tri-view label of 1 (anomaly) and a confidence of 0.2. The cluster ID is 225, with a size of 328, a density of 5.405456813716655, and a distance of 0.3546392038423984.",
        "key_features": [
          "dst_ip_freq: high",
          "dns_domain_name_freq: -0.7119602307056717"
        ],
        "cluster_novel": "unknown",
        "cluster_reason": "unknown",
        "alt_hypothesis": "burst scan",
        "attack_ref": "DDoS"
      },
      "B": {
        "label": 1,
        "self_conf": 0.2,
        "rationale": "I agree with the tri-view label because the cluster ID is 225, which is a known anomaly cluster. The cluster size is 328, which is larger than the average cluster size of 200. The cluster density is 5.405456813716655, which is higher than the average cluster density of 3.5. The cluster is also located in a dense area, which increases the likelihood of anomalies. The cluster is also relatively close to the source, which could indicate a local attack. The cluster has a high duration of 0.19224265274501, which could indicate a long-running attack. The cluster has a high max_packets_len of 0.6938876922705691, which could indicate a large number of packets being sent or received. All these features suggest that the cluster is an anomaly and should be investigated further."
      },
      "C": {
        "label": 1,
        "self_conf": 0.2,
        "rationale": "High packet frequency during weekends",
        "key_features": "dst_ip_freq: high",
        "cluster_novel": "no",
        "cluster_reason": "Low density",
        "alt_hypothesis": "Possible malware activity",
        "attack_ref": "Malware scanning"
      }
    },
    "R2": {
      "A": {
        "revise_label": {
          "changed": false,
          "new_label": null,
          "reason": ""
        }
      },
      "B": {
        "self_conf_before": 0.2,
        "peer_scores": 0.2,
        "critique": "I agree with the tri-view label because the cluster ID is 225, which is a known anomaly cluster. The cluster size is 328, which is larger than the average cluster size of 200. The cluster density is 5.405456813716655, which is higher than the average cluster density of 3.5. The cluster is also located in a dense area, which increases the likelihood of anomalies. The cluster is also relatively close to the source, which could indicate a local attack. The cluster has a high duration of 0.19224265274501, which could indicate a long-running attack. The cluster has a high max_packets_len of 0.6938876922705691, which could indicate a large number of packets being sent or received. All these features suggest that the cluster is an anomaly and should be investigated further."
      },
      "C": {
        "self_conf_before": 0.2,
        "peer_scores": [
          0.2,
          0.2
        ],
        "critique": "I agree with the peers that the cluster is an anomaly and should be investigated further. The cluster exhibits several characteristics that are indicative of an anomaly, including the tri-view label, high cluster density, location in a dense area, long duration, and high packet volume. However, the original label and confidence remain at 0.2, indicating that the peers' predictions are not entirely conclusive.",
        "changed": false,
        "new_label": 1,
        "reason": "The peers' predictions are partially supported by the observed characteristics of the cluster. While the cluster does exhibit some of the characteristics mentioned, the low confidence score suggests that it may not be an anomaly.",
        "self_conf_after": 0.4,
        "clarifying_question": "What other characteristics could be considered to further validate or refute the anomaly label?"
      }
    },
    "R3": {
      "A": {},
      "B": {},
      "C": {
        "label": 1,
        "self_conf": 0.2,
        "rationale": "High packet frequency during weekends",
        "key_features": "dst_ip_freq: high",
        "cluster_novel": "no",
        "cluster_reason": "Low density",
        "alt_hypothesis": "Possible malware activity",
        "attack_ref": "Malware scanning"
      }
    },
    "judge": {
      "final_label": 1,
      "confidence": 0.6,
      "winning_agent": "C",
      "reason": "Agent C's hypothesis of 'High packet frequency during weekends' aligns with Agent A's observation of 'dst_ip_freq: high'. However, Agent B's critique lacks new information and does not significantly contribute to the decision. Agent C's confidence remains low, but the consensus among agents supports the anomaly label."
    }
  }
}