{
  "sample_summary": {
    "sample_id": "23-7",
    "tri_view_label": 1,
    "slm_final_vote": 1,
    "confidence": 0.9,
    "referee_label": 1
  },
  "debate_dynamics": {
    "dominant_agent": "A",
    "least_agent": "C"
  },
  "_rounds": {
    "R1": {
      "A": {
        "label": 1,
        "self_conf": 0.2,
        "rationale": "The anomaly detected in this packet is likely due to a malicious IP address. The IP address has a high frequency of being used in DDoS attacks, indicating that it is a potential target for this type of attack.",
        "key_features": [
          "dst_ip_freq: high"
        ],
        "cluster_novel": "unknown",
        "cluster_reason": "unknown",
        "alt_hypothesis": "burst scan",
        "attack_ref": "DDoS"
      },
      "B": {
        "label": 1,
        "self_conf": 0.2,
        "rationale": "I agree with the tri-view label because the cluster ID is 0, which is associated with anomalies.",
        "key_features": "dst_ip_freq: 0.962, dns_domain_name_freq: -0.711, duration: -0.192, max_packets_len: 0.693",
        "cluster_novel": "no",
        "cluster_reason": "low density",
        "alt_hypothesis": "false positive",
        "attack_ref": "DDoS"
      },
      "C": {
        "label": 1,
        "self_conf": 0.2,
        "rationale": "High packet frequency during weekends",
        "key_features": "dst_ip_freq: high",
        "cluster_novel": "no",
        "cluster_reason": "Low density",
        "alt_hypothesis": "Possible malware activity",
        "attack_ref": "Malware scanning"
      }
    },
    "R2": {
      "A": {
        "self_conf_before": 0.2,
        "peer_scores": 0.2,
        "critique": "The anomaly detected in this packet is likely due to a malicious IP address. The IP address has a high frequency of being used in DDoS attacks, indicating that it is a potential target for this type of attack.",
        "revise_label": {
          "changed": true,
          "new_label": 1,
          "reason": "High packet frequency during weekends"
        },
        "self_conf_after": 0.2,
        "clarifying_question": "What is the reason for the peer's label change?"
      },
      "B": {
        "self_conf_before": 0.2,
        "peer_scores": 0.2,
        "critique": "I agree with the tri-view label because the cluster ID is 0, which is associated with anomalies.",
        "changed": false,
        "new_label": 1,
        "reason": "I have decided to keep the label as 1 because the cluster ID is associated with anomalies.",
        "self_conf_after": 0.2,
        "clarifying_question": "What is the significance of the cluster ID being associated with anomalies?"
      },
      "C": {
        "self_conf_before": 0.2,
        "peer_scores": [
          0.2,
          0.2
        ],
        "critique": "I agree with the peers that the anomaly detected in this packet is likely due to a malicious IP address. The cluster ID is 0, which is associated with anomalies, and the rationale aligns with the tri-view label.",
        "changed": true,
        "new_label": 1,
        "reason": "I changed the label to 1 due to the consensus of the peers and the alignment of the rationale with the tri-view label.",
        "self_conf_after": 0.8,
        "clarifying_question": "Is there any other information or context that could support the label of 1?"
      }
    },
    "R3": {
      "A": {
        "need_more_info": true,
        "questions": [
          {
            "label": "What is the significance of the cluster ID being associated with anomalies?",
            "self_conf": 0.8,
            "rationale": "The cluster ID is 0, which is associated with anomalies, and the rationale aligns with the tri-view label. The cluster ID is associated with anomalies because it is associated with anomalies, which is a potential target for this type of attack."
          }
        ],
        "clarifying_question": "What is the significance of the peer's label change?"
      },
      "B": {},
      "C": {
        "need_more_info": true,
        "questions": [
          "What is the reason for the peer's label change?"
        ]
      }
    },
    "judge": {
      "final_label": 1,
      "confidence": 0.9,
      "winning_agent": "C",
      "reason": "Agent C changed their label to 1 based on the consensus of the peers and the alignment of the rationale with the tri-view label, increasing their confidence to 0.8. Agent A also showed understanding of the significance of the cluster ID being associated with anomalies, increasing their confidence to 0.8 as well."
    }
  }
}