{
  "sample_summary": {
    "sample_id": "24-1",
    "tri_view_label": 0,
    "slm_final_vote": 0,
    "confidence": 0.5,
    "referee_label": null
  },
  "debate_dynamics": {
    "dominant_agent": "A",
    "least_agent": "C"
  },
  "_rounds": {
    "R1": {
      "A": {
        "label": 0,
        "self_conf": 0.2,
        "rationale": "The attacker used a combination of IP addresses with high frequency in the DNS domain name and low frequency in the DDoS attack. The attacker also used a high duration and a low packet length. The attacker's size was medium, with a density of 2.068092770572232. The attacker's cluster ID was 3, with a size of 577, a density of 2.068092770572232, and a distortion of 0.7189545156354122.",
        "key_features": [
          "dst_ip_freq: high",
          "dns_domain_name_freq: high"
        ],
        "cluster_novel": "unknown",
        "cluster_reason": "unusual size",
        "alt_hypothesis": "burst scan",
        "attack_ref": "DDoS"
      },
      "B": {},
      "C": {
        "label": 0,
        "self_conf": 0.2,
        "rationale": "Low density of dst_ip_freq and dns_domain_name_freq",
        "key_features": "dst_ip_freq: high, dns_domain_name_freq: high",
        "cluster_novel": "no",
        "cluster_reason": "Low density of both features",
        "alt_hypothesis": "Unknown",
        "attack_ref": "Low density of dst_ip_freq and dns_domain_name_freq"
      }
    },
    "R2": {
      "A": {
        "self_conf_before": 0.2,
        "peer_scores": 0.2,
        "critique": "The attacker used a combination of IP addresses with high frequency in the DNS domain name and low frequency in the DDoS attack. The attacker also used a high duration and a low packet length. The attacker's size was medium, with a density of 2.068092770572232. The attacker's cluster ID was 3, with a size of 577, a density of 2.068092770572232, and a distortion of 0.7189545156354122.",
        "revise_label": {
          "changed": true,
          "new_label": 0,
          "reason": "Low density of dst_ip_freq and dns_domain_name_freq"
        },
        "self_conf_after": 0.2,
        "clarifying_question": "What is the reason for the low density of dst_ip_freq and dns_domain_name_freq in the attacker's cluster ID 3, with a size of 577 and a density of 2.068092770572232?"
      },
      "B": {
        "self_conf_before": 0.2,
        "peer_scores": 0.2,
        "critique": "The peer's rationale is not convincing. I still believe that the attacker's size is medium.",
        "changed": false,
        "new_label": 0,
        "reason": "I have not changed my label.",
        "self_conf_after": 0.2,
        "clarifying_question": "What is the significance of the attacker's cluster ID?"
      },
      "C": {
        "self_conf_before": 0.2,
        "peer_scores": [
          0.2,
          null
        ],
        "critique": "The rationale still holds, but the peer scores suggest a lower confidence in the attack compared to my original assessment.",
        "changed": false,
        "new_label": 1,
        "reason": "The peer scores suggest a lower confidence in the attack compared to my original assessment, which could be due to the presence of alternative hypotheses or the uncertainty in the peer's analysis.",
        "self_conf_after": 0.8,
        "clarifying_question": "Could the attacker be using a different DDoS attack mechanism besides the one we identified?"
      }
    },
    "R3": {
      "A": {},
      "B": {},
      "C": {}
    },
    "judge": {
      "_raw_output": "{\n  \"final_label\": 1,\n  \"confidence\": 0.8,\n  \"winning_agent\": \"C\",\n  \"reason\": \"The peer scores suggest a lower confidence in the attack compared to my original assessment, which could be due to the presence of alternative hypotheses or the uncertainty in the peer's analysis.\""
    }
  }
}