{
  "sample_summary": {
    "sample_id": "24-3",
    "tri_view_label": 0,
    "slm_final_vote": 0,
    "confidence": 0.5,
    "referee_label": null
  },
  "debate_dynamics": {
    "dominant_agent": "A",
    "least_agent": "B"
  },
  "_rounds": {
    "R1": {
      "A": {
        "label": 0,
        "self_conf": 0.1,
        "rationale": "The attacker used a combination of IP addresses with high frequency in the DNS domain name and low frequency in the DDoS attack. The attacker also used a large number of packets with a high packet length. The attacker's size was not significant, but the density of the attack was high. The attacker's clustering was 276, with a size of 424 and a density of 1.9040279807299607. The attacker's time was Weekday (Sunday).",
        "key_features": [
          "dst_ip_freq: high",
          "dns_domain_name_freq: high"
        ],
        "cluster_novel": "no",
        "cluster_reason": "unknown",
        "alt_hypothesis": "unknown",
        "attack_ref": "unknown"
      },
      "B": {},
      "C": {
        "label": 0,
        "self_conf": 0.1,
        "rationale": "Low packet density on Sunday",
        "key_features": "dst_ip_freq: high",
        "cluster_novel": "no",
        "cluster_reason": "Low density",
        "alt_hypothesis": "Possibly due to high traffic on weekends",
        "attack_ref": "unknown"
      }
    },
    "R2": {
      "A": {
        "self_conf_before": 0.1,
        "peer_scores": 0.1,
        "critique": "The attacker used a combination of IP addresses with high frequency in the DNS domain name and low frequency in the DDoS attack. The attacker also used a large number of packets with a high packet length. The attacker's size was not significant, but the density of the attack was high. The attacker's clustering was 276, with a size of 424 and a density of 1.9040279807299607. The attacker's time was Weekday (Sunday).",
        "revise_label": {
          "changed": true,
          "new_label": 0,
          "reason": "Low packet density on Sunday"
        },
        "self_conf_after": 0.1,
        "clarifying_question": "What factors contributed to the low packet density on Sunday in the DDoS attack against the target?"
      },
      "B": {
        "revise_label": {
          "changed": false,
          "new_label": null,
          "reason": ""
        }
      },
      "C": {
        "self_conf_before": 0.1,
        "peer_scores": [
          0.1,
          null
        ],
        "critique": "The rationale does not match the observed attack characteristics. The attacker used a combination of IP addresses with high frequency in the DNS domain name and low frequency in the DDoS attack. The attacker also used a large number of packets with a high packet length. The attacker's size was not significant, but the density of the attack was high. The attacker's clustering was 276, with a size of 424 and a density of 1.9040279807299607.",
        "changed": true,
        "new_label": 1,
        "reason": "The rationale does not match the observed attack characteristics. The attacker used a combination of IP addresses with high frequency in the DNS domain name and low frequency in the DDoS attack. The attacker also used a large number of packets with a high packet length. The attacker's size was not significant, but the density of the attack was high.",
        "self_conf_after": 0.1,
        "clarifying_question": "Could the attacker have used a botnet or a bot farm?"
      }
    },
    "R3": {
      "A": {},
      "B": {},
      "C": {}
    },
    "judge": {
      "_raw_output": "{\n  \"final_label\": 1,\n  \"confidence\": 1.0,\n  \"winning_agent\": \"C\",\n  \"reason\": \"Agent C's critique accurately identified that the rationale provided by Agent A did not match the observed attack characteristics. The attacker indeed used a combination of IP addresses with high frequency in the DNS domain name and low frequency in the DDoS attack, and the attacker's size was not significant but the density was high. However, Agent C's new label is consistent with the observed data, and their confidence remains low. Therefore, while Agent C's critique was persuasive, their label may not be definitive. Nonetheless, given the lack of compelling evidence from either Agent A or Agent B, and the consistency of Agent C's critique with the data, Agent C's perspective is the most convincing in this round.\""
    }
  }
}