{
  "sample_summary": {
    "sample_id": "24-5",
    "tri_view_label": 1,
    "slm_final_vote": 1,
    "confidence": 0.5,
    "referee_label": null
  },
  "debate_dynamics": {
    "dominant_agent": "A",
    "least_agent": "A"
  },
  "_rounds": {
    "R1": {
      "A": {
        "label": 1,
        "self_conf": 0.1,
        "rationale": "The anomaly detected in the tri-view label is an anomaly with a size of 528 and a density of 2.1662830940724564. The cluster ID is 173, and the time is Weekday (Sunday).",
        "key_features": [
          "dst_ip_freq: -1.177564934372228",
          "dns_domain_name_freq: -0.7119602307056717",
          "duration: -0.1920933262988974",
          "max_packets_len: 0.6938876922705691"
        ],
        "cluster_novel": "yes",
        "cluster_reason": "unusual size",
        "alt_hypothesis": "false positive",
        "attack_ref": "DDoS"
      },
      "B": {
        "label": 1,
        "self_conf": 0.1,
        "rationale": "I agree with the tri-view label because the cluster ID is 173, which is a known anomaly cluster. The cluster size is 528, which is larger than the average cluster size of 513. The cluster density is 2.166, which is higher than the average cluster density of 1.9. The cluster is also located in a high-traffic area, which increases the likelihood of anomalies. The cluster is also very close to the source IP, which could indicate a local attack. Therefore, I think this is an anomaly.",
        "key_features": "dst_ip_freq: high, dns_domain_name_freq: low, duration: long, max_packets_len: high",
        "cluster_novel": "yes",
        "cluster_reason": "high density, high traffic",
        "alt_hypothesis": "local attack",
        "attack_ref": "DDoS"
      },
      "C": {
        "label": 1,
        "self_conf": 0.1,
        "rationale": "Low density of DNS requests during weekends",
        "key_features": "dst_ip_freq: high,dns_domain_name_freq: high",
        "cluster_novel": "no",
        "cluster_reason": "Low density suggests potential DDoS attack",
        "alt_hypothesis": "Possible bot activity based on high dst_ip_freq",
        "attack_ref": "DDoS attack"
      }
    },
    "R2": {
      "A": {
        "self_conf_before": 0.1,
        "peer_scores": 0.1,
        "critique": "The anomaly detected in the tri-view label is an anomaly with a size of 528 and a density of 2.1662830940724564. The cluster ID is 173, and the time is Weekday (Sunday).",
        "revise_label": {
          "changed": true,
          "new_label": 1,
          "reason": "The cluster ID is 173, and the time is Weekday (Sunday)."
        },
        "self_conf_after": 0.1,
        "clarifying_question": "Is the cluster ID 173 a known anomaly cluster, and if so, what is the reason for the anomaly?"
      },
      "B": {
        "self_conf_before": 0.1,
        "peer_scores": 0.1,
        "critique": "I agree with the tri-view label because the cluster ID is 173, which is a known anomaly cluster. The cluster size is 528, which is larger than the average cluster size of 513. The cluster density is 2.166, which is higher than the average cluster density of 1.9. The cluster is also located in a high-traffic area, which increases the likelihood of anomalies. The cluster is also very close to the source IP, which could indicate a local attack. Therefore, I think this is an anomaly.",
        "changed": true,
        "new_label": 1,
        "reason": "The cluster ID is a known anomaly cluster, and the cluster size and density are higher than the average. The cluster is also located in a high-traffic area and close to the source IP, which could indicate a local attack. Therefore, I think this is an anomaly.",
        "self_conf_after": 0.2,
        "clarifying_question": "What is the source IP of the cluster?"
      },
      "C": {
        "self_conf_before": 0.1,
        "peer_scores": 0.1,
        "critique": "I agree with the tri-view label because the cluster ID is 173, which is a known anomaly cluster. The cluster size is 528, which is larger than the average cluster size of 513. The cluster density is 2.166, which is higher than the average cluster density of 1.9. The cluster is also located in a high-traffic area, which increases the likelihood of anomalies. The cluster is also very close to the source IP, which could indicate a local attack. Therefore, I think this is an anomaly.",
        "changed": true,
        "new_label": 1,
        "reason": "I agree with the tri-view label because the cluster characteristics and location suggest an anomaly.",
        "self_conf_after": 0.1,
        "clarifying_question": "Is there any evidence other than the cluster characteristics and location to support the tri-view label?"
      }
    },
    "R3": {
      "A": {},
      "B": {
        "label": 1,
        "self_conf": 0.1,
        "questions": [
          "Is there any evidence other than the cluster characteristics and location to support the tri-view label?",
          "What is the source IP of the cluster?"
        ],
        "key_features": "dst_ip_freq: high, dns_domain_name_freq: low, duration: long, max_packets_len: high",
        "cluster_novel": "yes",
        "cluster_reason": "high density, high traffic",
        "alt_hypothesis": "local attack",
        "attack_ref": "DDoS"
      },
      "C": {
        "label": 1,
        "self_conf": 0.1,
        "rationale": "Low density of DNS requests during weekends",
        "key_features": "dst_ip_freq: high,dns_domain_name_freq: high",
        "cluster_novel": "no",
        "cluster_reason": "Low density suggests potential DDoS attack",
        "alt_hypothesis": "Possible bot activity based on high dst_ip_freq",
        "attack_ref": "DDoS attack"
      }
    },
    "judge": {
      "_raw_output": "{\n  \"final_label\": 1,\n  \"confidence\": 0.6,\n  \"winning_agent\": \"A B\",\n  \"reason\": \"Both Agents A and B agree with the tri-view label based on the known anomaly cluster ID 173 and its larger size and density compared to the averages. Agent B also mentions the high-traffic area and proximity to the source IP as additional reasons. Therefore, the majority vote is for anomaly detection, and the confidence is set to 0.6 based on the agreement between Agents A and B.\""
    }
  }
}