{
  "sample_summary": {
    "sample_id": "24-6",
    "tri_view_label": 0,
    "slm_final_vote": 0,
    "confidence": 0.5,
    "referee_label": null
  },
  "debate_dynamics": {
    "dominant_agent": "A",
    "least_agent": "A"
  },
  "_rounds": {
    "R1": {
      "A": {},
      "B": {
        "label": 0,
        "self_conf": 0.2,
        "rationale": "I agree with the tri-view label because the cluster ID is 173, which is a known benign cluster.",
        "key_features": "dst_ip_freq: -1.177564934372228, dns_domain_name_freq: -0.711960230705671, duration: -0.1920350893085152, max_packets_len: 0.4070358295746778",
        "cluster_novel": "no",
        "cluster_reason": "low density",
        "alt_hypothesis": "burst scan",
        "attack_ref": "unknown"
      },
      "C": {
        "label": 0,
        "self_conf": 0.2,
        "rationale": "Low packet density on Sunday",
        "key_features": "dst_ip_freq: high",
        "cluster_novel": "no",
        "cluster_reason": "Low density",
        "alt_hypothesis": "Possibly due to high traffic on weekends",
        "attack_ref": "unknown"
      }
    },
    "R2": {
      "A": {
        "self_conf_before": 0.2,
        "peer_scores": 0.2,
        "critique": "I agree with the tri-view label because the cluster ID is 173, which is a known benign cluster.",
        "revise_label": {
          "changed": true,
          "new_label": 0,
          "reason": "Low packet density on Sunday"
        },
        "self_conf_after": 0.2,
        "clarifying_question": "Why did the peer reviewer change their label from 0 to 0?"
      },
      "B": {
        "self_conf_before": 0.2,
        "peer_scores": 0.2,
        "critique": "I agree with the tri-view label because the cluster ID is 173, which is a known benign cluster.",
        "changed": false,
        "new_label": 0,
        "reason": "I am not changing my label because the cluster ID is known to be benign.",
        "self_conf_after": 0.2,
        "clarifying_question": "What is the cluster ID of the cluster that I am considering?"
      },
      "C": {
        "self_conf_before": 0.2,
        "peer_scores": 0.2,
        "critique": "I agree with the tri-view label because the cluster ID is 173, which is a known benign cluster.",
        "changed": true,
        "new_label": 1,
        "reason": "I changed the label to 1 due to the high traffic on weekends hypothesis.",
        "self_conf_after": 0.8,
        "clarifying_question": "Is the high traffic on weekends a confirmed factor for the attack?"
      }
    },
    "R3": {
      "A": {},
      "B": {},
      "C": {}
    },
    "judge": {
      "_raw_output": "{\n  \"final_label\": 0,\n  \"confidence\": 0.5,\n  \"winning_agent\": \"tie\",\n  \"reason\": \"All agents agree with the tri-view label of cluster 173 being benign, but their confidence and justifications vary. Since there is no clear majority or dominance, the label remains unchanged, and this is considered a tie.\""
    }
  }
}