{
  "sample_summary": {
    "sample_id": "24-8",
    "tri_view_label": 1,
    "slm_final_vote": 1,
    "confidence": 0.6,
    "referee_label": 1
  },
  "debate_dynamics": {
    "dominant_agent": "A",
    "least_agent": "C"
  },
  "_rounds": {
    "R1": {
      "A": {
        "label": 1,
        "self_conf": 0.1,
        "rationale": "The anomaly detected in the tri-view label is likely an anomaly, with a size of 602 and a density of 2.0798591627357093. The cluster ID is 215, and the time is Weekday (Sunday).",
        "key_features": [
          "dst_ip_freq: -1.177564934372228",
          "dns_domain_name_freq: -0.7119602307056717",
          "duration: -0.1921820164544025"
        ],
        "cluster_novel": "no",
        "cluster_reason": "unknown",
        "alt_hypothesis": "burst scan",
        "attack_ref": "DDoS"
      },
      "B": {
        "label": 1,
        "self_conf": 0.1,
        "rationale": "I agree with the tri-view label because the cluster ID is  anomaly and the cluster size is large.",
        "key_features": "dst_ip_freq: high, dns_domain_name_freq: low, duration: long",
        "cluster_novel": "yes",
        "cluster_reason": "low density",
        "alt_hypothesis": "burst scan",
        "attack_ref": "DDoS"
      },
      "C": {
        "label": 1,
        "self_conf": 0.1,
        "rationale": "Low density of DNS requests during weekends",
        "key_features": "dst_ip_freq: high,dns_domain_name_freq: high",
        "cluster_novel": "no",
        "cluster_reason": "Low density suggests potential DDoS attack",
        "alt_hypothesis": "Possible botnet activity based on high dst_ip_freq",
        "attack_ref": "DDoS attack"
      }
    },
    "R2": {
      "A": {
        "self_conf_before": 0.1,
        "peer_scores": 0.1,
        "critique": "I agree with the tri-view label because the cluster ID is  anomaly and the cluster size is large.",
        "revise_label": {
          "changed": true,
          "new_label": 1,
          "reason": "Low density of DNS requests during weekends"
        },
        "self_conf_after": 0.1,
        "clarifying_question": "Why did the peer revise your label to 1?"
      },
      "B": {
        "self_conf_before": 0.1,
        "peer_scores": 0.1,
        "critique": "I agree with the tri-view label because the cluster ID is anomaly and the cluster size is large.",
        "changed": true,
        "new_label": 1,
        "reason": "I changed my label because the cluster ID is anomaly and the cluster size is large.",
        "self_conf_after": 0.1,
        "clarifying_question": "What is the cluster ID?"
      },
      "C": {
        "self_conf_before": 0.1,
        "peer_scores": [
          0.1,
          0.1
        ],
        "critique": "My rationale seems to be consistent with the peers' predictions, but I need more context to understand the specific anomalies mentioned in the cluster. Additionally, the lack of clarity in the cluster reason and the alternative hypothesis suggests that further investigation might be needed.",
        "changed": true,
        "new_label": 1,
        "reason": "Anomaly confirmed based on cluster ID and time of day, but further investigation needed to understand the specific anomalies and determine the cause.",
        "self_conf_after": 0.2,
        "clarifying_question": "Could there be other factors contributing to the high density besides botnet activity? Exploring the distribution of dst_ip and dns_domain_name features might provide more insights."
      }
    },
    "R3": {
      "A": {},
      "B": {
        "need_more_info": false,
        "questions": [
          "What is the cluster ID?",
          "Could there be other factors contributing to the high density besides botnet activity?"
        ]
      },
      "C": {
        "label": 1,
        "self_conf": 0.1,
        "rationale": "Low density of DNS requests during weekends",
        "key_features": "dst_ip_freq: high,dns_domain_name_freq: high",
        "cluster_novel": "no",
        "cluster_reason": "Low density suggests potential DDoS attack",
        "alt_hypothesis": "Possible botnet activity based on high dst_ip_freq",
        "attack_ref": "DDoS attack"
      }
    },
    "judge": {
      "final_label": 1,
      "confidence": 0.6,
      "winning_agent": "C",
      "reason": "Agent C's label is consistent with the tri-view label and provides a clear rationale based on the low density of DNS requests during weekends, which is a known characteristic of DDoS attacks. Additionally, Agent C's hypothesis of possible botnet activity based on high dst_ip_freq aligns with the alternative hypothesis presented in Round 1. The other agents' contributions did not significantly change the overall consensus."
    }
  }
}