{
  "sample_summary": {
    "sample_id": "24-9",
    "tri_view_label": 0,
    "slm_final_vote": 1,
    "confidence": 0.6,
    "referee_label": 1
  },
  "debate_dynamics": {
    "dominant_agent": "A",
    "least_agent": "C"
  },
  "_rounds": {
    "R1": {
      "A": {
        "label": 0,
        "self_conf": 0.2,
        "rationale": "The attacker used a combination of IP addresses with high frequency in the DNS domain name and low frequency in the DDoS attack. The attacker also used a high duration and a low packet length. The attacker's tri-view label is normal, and the cluster ID is 3 with a size of 577, a density of 2.068092770572232, and a distance of 0.4933547314994178.",
        "key_features": [
          "dst_ip_freq: high",
          "dns_domain_name_freq: high"
        ],
        "cluster_novel": "no",
        "cluster_reason": "unknown",
        "alt_hypothesis": "false positive",
        "attack_ref": "unknown"
      },
      "B": {
        "label": 0,
        "self_conf": 0.2,
        "rationale": "I agree with the tri-view label because the cluster ID is 3, which is a normal cluster.",
        "key_features": "dst_ip_freq: high, dns_domain_name_freq: low, duration: short, max_packets_len: high",
        "cluster_novel": "no",
        "cluster_reason": "low density",
        "alt_hypothesis": "burst scan",
        "attack_ref": "unknown"
      },
      "C": {
        "label": 0,
        "self_conf": 0.2,
        "rationale": "Low packet density on Sunday",
        "key_features": "dst_ip_freq: high",
        "cluster_novel": "no",
        "cluster_reason": "Low density",
        "alt_hypothesis": "Possibly due to high traffic on Sunday",
        "attack_ref": "unknown"
      }
    },
    "R2": {
      "A": {
        "self_conf_before": 0.2,
        "peer_scores": 0.2,
        "critique": "I agree with the tri-view label because the cluster ID is 3, which is a normal cluster.",
        "revise_label": {
          "changed": true,
          "new_label": 0,
          "reason": "Low packet density on Sunday"
        },
        "self_conf_after": 0.2,
        "clarifying_question": "Why did the peer revise your label to 'low packet density on Sunday'?"
      },
      "B": {
        "self_conf_before": 0.2,
        "peer_scores": 0.2,
        "critique": "I agree with the tri-view label because the cluster ID is 3, which is a normal cluster.",
        "changed": false,
        "new_label": 0,
        "reason": "I changed my label because the cluster ID is 3, which is a normal cluster.",
        "self_conf_after": 0.2,
        "clarifying_question": "What is the cluster ID?"
      },
      "C": {
        "self_conf_before": 0.2,
        "peer_scores": [
          0.2,
          0.2
        ],
        "critique": "The rationale does not fully support the label of 0, as the attacker used a combination of IP addresses with both high and low frequency in the DNS domain name and low frequency in the DDoS attack. Additionally, the cluster ID and density are not consistent with a typical DDoS attack.",
        "changed": true,
        "new_label": 1,
        "reason": "The combination of IP addresses and the low frequency in the DDoS attack suggests a more complex attack than a typical DDoS attack.",
        "self_conf_after": 0.5,
        "clarifying_question": "Could the attacker have used a botnet to distribute the DDoS attack?"
      }
    },
    "R3": {
      "A": {
        "need_more_info": true,
        "questions": [
          {
            "label": "What is the cluster ID?",
            "self_conf": 0.5,
            "rationale": "The attacker used a combination of IP addresses with both high and low frequency in the DNS domain name and low frequency in the DDoS attack. Additionally, the cluster ID and density are not consistent with a typical DDoS attack.",
            "key_features": [
              "dst_ip_freq: high",
              "dns_domain_name_freq: high"
            ],
            "cluster_novel": "no",
            "cluster_reason": "unknown",
            "alt_hypothesis": "false positive",
            "attack_ref": "unknown"
          }
        ],
        "clarifying_question": "Why did the peer revise your label to 'low packet density on Sunday'?"
      },
      "B": {
        "label": 1,
        "self_conf": 0.5,
        "rationale": "The rationale does not fully support the label of 0, as the attacker used a combination of IP addresses with both high and low frequency in the DNS domain name and low frequency in the DDoS attack. Additionally, the cluster ID and density are not consistent with a typical DDoS attack.",
        "key_features": "dst_ip_freq: high, dns_domain_name_freq: low, duration: short, max_packets_len: high",
        "cluster_novel": "no",
        "cluster_reason": "low density",
        "alt_hypothesis": "burst scan",
        "attack_ref": "unknown"
      },
      "C": {
        "label": 0,
        "self_conf": 0.2,
        "rationale": "Low packet density on Sunday",
        "key_features": "dst_ip_freq: high",
        "cluster_novel": "no",
        "cluster_reason": "Low density",
        "alt_hypothesis": "Possibly due to high traffic on Sunday",
        "attack_ref": "unknown"
      }
    },
    "judge": {
      "final_label": 1,
      "confidence": 0.6,
      "winning_agent": "B",
      "reason": "Agent B's rationale provides a more compelling explanation for the anomaly, as the attacker's use of both high and low frequency IP addresses in the DNS domain name and low frequency in the DDoS attack, along with the low density cluster, suggests a more complex attack than a typical DDoS attack."
    }
  }
}