{
  "sample_summary": {
    "sample_id": "25-0",
    "tri_view_label": 0,
    "slm_final_vote": 1,
    "confidence": 0.8,
    "referee_label": 1
  },
  "debate_dynamics": {
    "dominant_agent": "B",
    "least_agent": "A"
  },
  "_rounds": {
    "R1": {
      "A": {},
      "B": {},
      "C": {
        "label": 0,
        "self_conf": 0.2,
        "rationale": "Low density of dst_ip_freq and dns_domain_name_freq",
        "key_features": "dst_ip_freq: high, dns_domain_name_freq: high",
        "cluster_novel": "no",
        "cluster_reason": "Low density of both features",
        "alt_hypothesis": "Unknown",
        "attack_ref": "Low density of dst_ip_freq and dns_domain_name_freq"
      }
    },
    "R2": {
      "A": {
        "self_conf_before": 0.0,
        "peer_scores": 0.0,
        "critique": "Low density of dst_ip_freq and dns_domain_name_freq",
        "revise_label": {
          "changed": false,
          "new_label": 0,
          "reason": "Low density of dst_ip_freq and dns_domain_name_freq"
        },
        "self_conf_after": 0.0,
        "clarifying_question": "Why is the label changed from 1 to 0 in this case?"
      },
      "B": {
        "self_conf_before": 0.5,
        "peer_scores": 0.2,
        "critique": "Peer A's rationale is not helpful.",
        "changed": false,
        "new_label": 1,
        "reason": "Peer A's rationale is not helpful.",
        "self_conf_after": 0.5,
        "clarifying_question": "How can we distinguish between a low-density and a high-density of dst_ip_freq and dns_domain_name_freq?"
      },
      "C": {
        "self_conf_before": 0.2,
        "peer_scores": [
          0,
          0
        ],
        "critique": "Low density of dst_ip_freq and dns_domain_name_freq",
        "changed": false,
        "new_label": 1,
        "reason": "High density of dst_ip_freq and dns_domain_name_freq suggests a potential attack",
        "self_conf_after": 0.8,
        "clarifying_question": "Is the high density of dst_ip_freq and dns_domain_name_freq an anomaly caused by a specific cluster or is it a general trend?"
      }
    },
    "R3": {
      "A": {},
      "B": {},
      "C": {}
    },
    "judge": {
      "final_label": 1,
      "confidence": 0.8,
      "winning_agent": "C",
      "reason": "Agent C's rationale is more compelling as it provides a clear hypothesis and justification for the high density of dst_ip_freq and dns_domain_name_freq potentially indicating an anomaly."
    }
  }
}