{
  "sample_summary": {
    "sample_id": "25-2",
    "tri_view_label": 0,
    "slm_final_vote": 0,
    "confidence": 0.5,
    "referee_label": 0
  },
  "debate_dynamics": {
    "dominant_agent": "A",
    "least_agent": "B"
  },
  "_rounds": {
    "R1": {
      "A": {
        "label": 0,
        "self_conf": 0.2,
        "rationale": "The attacker used a combination of IP addresses with high frequency in the DNS domain name and low frequency in the DDoS attack. The attacker also used a high duration and a low packet length. The attacker's size was medium, with a density of 2.047799935580925. The attacker's cluster ID was 3, with a size of 398, a density of 2.047799935580925, and a distortion of 0.5540310957035111.",
        "key_features": [
          "dst_ip_freq: high",
          "dns_domain_name_freq: high"
        ],
        "cluster_novel": "no",
        "cluster_reason": "unusual size",
        "alt_hypothesis": "false positive",
        "attack_ref": "unknown"
      },
      "B": {
        "label": 0,
        "self_conf": 0.2,
        "rationale": "I agree with the tri-view label because the cluster ID is 3, which is a normal cluster.",
        "key_features": "dst_ip_freq: high, dns_domain_name_freq: low, duration: short, max_packets_len: high",
        "cluster_novel": "yes",
        "cluster_reason": "low density",
        "alt_hypothesis": "burst scan",
        "attack_ref": "unknown"
      },
      "C": {
        "label": 0,
        "self_conf": 0.2,
        "rationale": "Low density of dst_ip_freq and dns_domain_name_freq",
        "key_features": "dst_ip_freq: high, dns_domain_name_freq: high",
        "cluster_novel": "no",
        "cluster_reason": "Low density of both features",
        "alt_hypothesis": "Unknown",
        "attack_ref": "Low density of dst_ip_freq and dns_domain_name_freq"
      }
    },
    "R2": {
      "A": {
        "self_conf_before": 0.2,
        "peer_scores": 0.2,
        "critique": "I agree with the tri-view label because the cluster ID is 3, which is a normal cluster.",
        "revise_label": {
          "changed": true,
          "new_label": 0,
          "reason": "Low density of dst_ip_freq and dns_domain_name_freq"
        },
        "self_conf_after": 0.2,
        "clarifying_question": "What is the significance of the low density of dst_ip_freq and dns_domain_name_freq in the cluster ID 3, and how does it affect the tri-view label?"
      },
      "B": {
        "revise_label": {
          "changed": false,
          "new_label": null,
          "reason": ""
        }
      },
      "C": {
        "revise_label": {
          "changed": false,
          "new_label": null,
          "reason": ""
        }
      }
    },
    "R3": {
      "A": {},
      "B": {},
      "C": {
        "need_more_info": false,
        "questions": [
          "What is the significance of the low density of dst_ip_freq and dns_domain_name_freq in the cluster ID 3, and how does it affect the tri-view label?"
        ]
      }
    },
    "judge": {
      "final_label": 0,
      "confidence": 0.5,
      "winning_agent": "C",
      "reason": "Although all agents agree on the label, Agent C's question highlights the importance of understanding the significance of the low density of dst_ip_freq and dns_domain_name_freq in the tri-view label. This question encourages further investigation and clarification, making Agent C's approach more thorough."
    }
  }
}