{
  "sample_summary": {
    "sample_id": "25-4",
    "tri_view_label": 0,
    "slm_final_vote": 1,
    "confidence": 0.6,
    "referee_label": 1
  },
  "debate_dynamics": {
    "dominant_agent": "A",
    "least_agent": "C"
  },
  "_rounds": {
    "R1": {
      "A": {
        "label": 0,
        "self_conf": 0.2,
        "rationale": "The maximum number of packets sent in a single second is 294, which is significantly lower than the average of 300 packets sent per second. This suggests that the attacker is using a different technique to send more packets than the normal rate.",
        "key_features": [
          "dns_domain_name_freq: high",
          "dst_ip_freq: high"
        ],
        "cluster_novel": "unknown",
        "cluster_reason": "unusual size",
        "alt_hypothesis": "burst scan",
        "attack_ref": "DDoS"
      },
      "B": {
        "label": 0,
        "self_conf": 0.2,
        "rationale": "I agree with the tri-view label because the cluster is dense and the attack is likely a DDoS",
        "key_features": "dst_ip_freq: high, dns_domain_name_freq: low, duration: long",
        "cluster_novel": "yes",
        "cluster_reason": "low density",
        "alt_hypothesis": "false positive",
        "attack_ref": "DDoS"
      },
      "C": {
        "label": 0,
        "self_conf": 0.2,
        "rationale": "Low packet density on Sunday",
        "key_features": "dst_ip_freq: high",
        "cluster_novel": "no",
        "cluster_reason": "Low density",
        "alt_hypothesis": "Possibly due to high traffic on weekends",
        "attack_ref": "unknown"
      }
    },
    "R2": {
      "A": {
        "self_conf_before": 0.2,
        "peer_scores": 0.2,
        "critique": "The maximum number of packets sent in a single second is 294, which is significantly lower than the average of 300 packets sent per second. This suggests that the attacker is using a different technique to send more packets than the normal rate.",
        "revise_label": {
          "changed": true,
          "new_label": 1,
          "reason": "Based on the peer predictions, the label has been revised to indicate that the attacker is using a different technique to send more packets than the normal rate."
        },
        "self_conf_after": 0.2,
        "clarifying_question": "What is the new label for the label indicating that the attacker is using a different technique to send more packets than the normal rate?"
      },
      "B": {
        "self_conf_before": 0.2,
        "peer_scores": 0.2,
        "critique": "I agree with the tri-view label because the cluster is dense and the attack is likely a DDoS",
        "changed": false,
        "new_label": 0,
        "reason": "I have not changed my label because the peer's rationale is not convincing.",
        "self_conf_after": 0.2,
        "clarifying_question": "What is the maximum number of packets sent in a single second?"
      },
      "C": {
        "self_conf_before": 0.2,
        "peer_scores": [
          0.2,
          0.2
        ],
        "critique": "The rationale of the peers seems to be based on the maximum packet rate, which might not be a reliable indicator for this type of attack. The cluster density and attack hypothesis are more consistent with a DDoS attack, but the lack of additional information makes it difficult to determine the exact type of attack.",
        "changed": true,
        "new_label": 1,
        "reason": "The peers' rationale suggests a DDoS attack, but the lack of additional information makes it difficult to determine the exact type of attack.",
        "self_conf_after": 0.5,
        "clarifying_question": "Could the attackers be using a different technique to send more packets than the normal rate, such as using a botnet or a reflection attack?"
      }
    },
    "R3": {
      "A": {},
      "B": {},
      "C": {
        "need_more_info": false,
        "questions": []
      }
    },
    "judge": {
      "final_label": 1,
      "confidence": 0.6,
      "winning_agent": "C",
      "reason": "Agent C's revised label is based on the consensus of the peers and takes into account the possibility of a different technique being used by the attacker to send more packets than the normal rate."
    }
  }
}