{
  "sample_summary": {
    "sample_id": "25-5",
    "tri_view_label": 0,
    "slm_final_vote": 0,
    "confidence": 0.5,
    "referee_label": 0
  },
  "debate_dynamics": {
    "dominant_agent": "A",
    "least_agent": "C"
  },
  "_rounds": {
    "R1": {
      "A": {},
      "B": {
        "label": 0,
        "self_conf": 0.2,
        "rationale": "I agree with the tri-view label because the cluster is dense and has a high density.",
        "key_features": "dst_ip_freq: high, dns_domain_name_freq: low, duration: long, max_packets_len: high",
        "cluster_novel": "yes",
        "cluster_reason": "high density",
        "alt_hypothesis": "false positive",
        "attack_ref": "unknown"
      },
      "C": {
        "label": 0,
        "self_conf": 0.2,
        "rationale": "Low packet density on Sunday",
        "key_features": "dst_ip_freq: high",
        "cluster_novel": "no",
        "cluster_reason": "Low density",
        "alt_hypothesis": "Possibly malicious activity",
        "attack_ref": "Low density attack"
      }
    },
    "R2": {
      "A": {
        "self_conf_before": 0.2,
        "peer_scores": 0.2,
        "critique": "I agree with the tri-view label because the cluster is dense and has a high density.",
        "revise_label": {
          "changed": false,
          "new_label": 0,
          "reason": "Low packet density on Sunday"
        },
        "self_conf_after": 0.2,
        "clarifying_question": "Why did the tri-view label change from 0 to 0?"
      },
      "B": {
        "self_conf_before": 0.2,
        "peer_scores": 0.2,
        "critique": "I agree with the tri-view label because the cluster is dense and has a high density.",
        "changed": false,
        "new_label": 0,
        "reason": "I changed my label because the cluster is dense and has a high density.",
        "self_conf_after": 0.2,
        "clarifying_question": "What is the threshold for defining a cluster as dense?"
      },
      "C": {
        "self_conf_before": 0.2,
        "peer_scores": [
          0.2,
          0.2
        ],
        "critique": "I agree with the tri-view label because the cluster is dense and has a high density.",
        "changed": true,
        "new_label": 1,
        "reason": "I changed the label to 1 due to the high density and agreement with the tri-view label.",
        "self_conf_after": 0.8,
        "clarifying_question": "Is the high density on Sunday a normal occurrence for this cluster?"
      }
    },
    "R3": {
      "A": {},
      "B": {},
      "C": {}
    },
    "judge": {
      "final_label": 0,
      "confidence": 0.5,
      "winning_agent": "C",
      "reason": "Although all agents agree with the tri-view label, Agent C's change in label based on the high density and agreement with the tri-view label, along with the highest self-confidence in this round, makes it the winning agent."
    }
  }
}