{
  "sample_summary": {
    "sample_id": "25-8",
    "tri_view_label": 0,
    "slm_final_vote": 0,
    "confidence": 0.5,
    "referee_label": 0
  },
  "debate_dynamics": {
    "dominant_agent": "A",
    "least_agent": "C"
  },
  "_rounds": {
    "R1": {
      "A": {
        "label": 0,
        "self_conf": 0.2,
        "rationale": "The maximum number of packets sent in a single second is 373, which is significantly lower than the average of 400 packets sent per second. This suggests that the attacker is using a different technique to send more packets than the normal rate.",
        "key_features": [
          "dst_ip_freq: high",
          "dns_domain_name_freq: high"
        ],
        "cluster_novel": "unknown",
        "cluster_reason": "unknown",
        "alt_hypothesis": "burst scan",
        "attack_ref": "DDoS"
      },
      "B": {
        "label": 0,
        "self_conf": 0.2,
        "rationale": "I agree with the tri-view label because the cluster ID is 173, which is a normal cluster. The cluster size is 373, density is 2.238411822101811, and the distance is 0.3315553547675284. The cluster is also on a Sunday, which is a weekday. Therefore, I think the cluster is normal.",
        "key_features": "dst_ip_freq: -1.177564934372228, dns_domain_name_freq: -0.711960230705671, duration: -0.1922193087546552, max_packets_len: 0.1201839668787865",
        "cluster_novel": "no",
        "cluster_reason": "The cluster is not novel because it is a normal cluster. The cluster is also on a weekday, which is a normal time.",
        "alt_hypothesis": "burst scan",
        "attack_ref": "unknown"
      },
      "C": {
        "label": 0,
        "self_conf": 0.2,
        "rationale": "Low packet density on Sunday",
        "key_features": "dst_ip_freq: high",
        "cluster_novel": "no",
        "cluster_reason": "Low density",
        "alt_hypothesis": "Possibly due to high traffic on weekends",
        "attack_ref": "unknown"
      }
    },
    "R2": {
      "A": {
        "self_conf_before": 0.2,
        "peer_scores": 0.2,
        "critique": "I agree with the tri-view label because the cluster ID is 173, which is a normal cluster. The cluster size is 373, density is 2.238411822101811, and the distance is 0.3315553547675284. The cluster is also on a Sunday, which is a weekday. Therefore, I think the cluster is normal.",
        "revise_label": {
          "changed": true,
          "new_label": 0,
          "reason": "Low packet density on Sunday"
        },
        "self_conf_after": 0.2,
        "clarifying_question": "What is the significance of the packet density on Sunday in the context of the DDoS attack?"
      },
      "B": {
        "self_conf_before": 0.2,
        "peer_scores": 0.2,
        "critique": "I agree with the tri-view label because the cluster ID is 173, which is a normal cluster. The cluster size is 373, density is 2.238411822101811, and the distance is 0.3315553547675284. The cluster is also on a Sunday, which is a weekday. Therefore, I think the cluster is normal.",
        "changed": false,
        "new_label": 0,
        "reason": "I changed my label because the cluster is not novel. The cluster is also on a weekday, which is a normal time.",
        "self_conf_after": 0.2,
        "clarifying_question": "What is the maximum number of packets sent in a single second?"
      },
      "C": {
        "self_conf_before": 0.2,
        "peer_scores": [
          0.2,
          0.2
        ],
        "critique": "I agree with the tri-view label because the cluster ID is 173, which is a normal cluster. The cluster size is 373, density is 2.238411822101811, and the distance is 0.3315553547675284. The cluster is also on a Sunday, which is a weekday. Therefore, I think the cluster is normal.",
        "changed": false,
        "new_label": 1,
        "reason": "I changed the label to 1 because the cluster size, density, and distance are all outside the normal range for a Sunday cluster.",
        "self_conf_after": 0.8,
        "clarifying_question": "Is there any evidence to suggest that the attacker is using a different technique to send more packets than the normal rate, besides the high packet density on weekends?"
      }
    },
    "R3": {
      "A": {},
      "B": {},
      "C": {
        "label": 0,
        "self_conf": 0.2,
        "rationale": "Low packet density on Sunday",
        "key_features": "dst_ip_freq: high",
        "cluster_novel": "no",
        "cluster_reason": "Low density",
        "alt_hypothesis": "Possibly due to high traffic on weekends",
        "attack_ref": "unknown"
      }
    },
    "judge": {
      "final_label": 0,
      "confidence": 0.5,
      "winning_agent": "C",
      "reason": "Although all agents agree that the cluster is normal, Agent C's rationale of 'Low packet density on Sunday' is the most specific and justifiable reason. The other agents' rationales do not provide new information or significantly contribute to the decision."
    }
  }
}