{
  "sample_summary": {
    "sample_id": "26-0",
    "tri_view_label": 0,
    "slm_final_vote": 1,
    "confidence": 0.1,
    "referee_label": 1
  },
  "debate_dynamics": {
    "dominant_agent": "A",
    "least_agent": "B"
  },
  "_rounds": {
    "R1": {
      "A": {
        "label": 0,
        "self_conf": 0.1,
        "rationale": "The attacker used a combination of IP addresses with high frequency in the DNS domain name and low frequency in the DDoS attack. The attacker also used a large duration, indicating a high-level of effort and sophistication. The attacker's size was small, indicating that they were likely using a small number of IP addresses to launch the attack. The clustering analysis suggests that the attacker used a tri-view label of 154, indicating that they used a combination of IP addresses with high density and low density in the DDoS attack. The attacker's time was also clustered as a weekday, indicating that the attack was likely conducted during the weekend.",
        "key_features": [
          "dst_ip_freq: high",
          "dns_domain_name_freq: low"
        ],
        "cluster_novel": "no",
        "cluster_reason": "unknown",
        "alt_hypothesis": "unknown",
        "attack_ref": "unknown"
      },
      "B": {
        "label": 0,
        "self_conf": 0.1,
        "rationale": "I agree with the tri-view label because the cluster ID is 154, which is a known benign cluster.",
        "key_features": "dst_ip_freq: high, dns_domain_name_freq: high, duration: high, max_packets_len: high",
        "cluster_novel": "no",
        "cluster_reason": "high density",
        "alt_hypothesis": "false positive",
        "attack_ref": "unknown"
      },
      "C": {
        "label": 0,
        "self_conf": 0.1,
        "rationale": "Low packet density on Sunday",
        "key_features": "dst_ip_freq: high",
        "cluster_novel": "no",
        "cluster_reason": "Low density",
        "alt_hypothesis": "Possibly malicious activity",
        "attack_ref": "Low density attack"
      }
    },
    "R2": {
      "A": {
        "self_conf_before": 0.1,
        "peer_scores": 0.1,
        "critique": "The attacker used a combination of IP addresses with high frequency in the DNS domain name and low frequency in the DDoS attack. The attacker also used a large duration, indicating a high-level of effort and sophistication. The attacker's size was small, indicating that they were likely using a small number of IP addresses to launch the attack. The clustering analysis suggests that the attacker used a tri-view label of 154, indicating that they used a combination of IP addresses with high density and low density in the DDoS attack. The attacker's time was also clustered as a weekday, indicating that the attack was likely conducted during the weekend.",
        "key_features": [
          "dst_ip_freq: high",
          "dns_domain_name_freq: low"
        ],
        "cluster_novel": "no",
        "cluster_reason": "unknown",
        "alt_hypothesis": "unknown",
        "attack_ref": "unknown",
        "revise_label": {
          "changed": true,
          "new_label": 0,
          "reason": "I agree with the tri-view label because the cluster ID is 154, which is a known benign cluster."
        },
        "self_conf_after": 0.1,
        "clarifying_question": "What is the cluster ID for the cluster that the attacker used in the DDoS attack?"
      },
      "B": {
        "revise_label": {
          "changed": false,
          "new_label": null,
          "reason": ""
        }
      },
      "C": {
        "self_conf_before": 0.1,
        "peer_scores": [
          0.1,
          0.1
        ],
        "critique": "The rationale does not fully support the label of 0, as the cluster ID and time of day are not consistent with a low-density attack. The alternative hypothesis suggests a malicious activity, but the lack of further evidence does not conclusively confirm it.",
        "changed": false,
        "new_label": 1,
        "reason": "The cluster ID and time of day suggest a more likely scenario of a high-density attack, which aligns better with the label of 1.",
        "self_conf_after": 0.1,
        "clarifying_question": "Is there any evidence other than the cluster ID and time of day to support the label of 1?"
      }
    },
    "R3": {
      "A": {},
      "B": {},
      "C": {
        "label": 1,
        "self_conf": 0.1,
        "rationale": "The cluster ID and time of day suggest a more likely scenario of a high-density attack, which aligns better with the label of 1.",
        "key_features": "dst_ip_freq: high",
        "cluster_novel": "no",
        "cluster_reason": "Low density",
        "alt_hypothesis": "Possibly malicious activity",
        "attack_ref": "Low density attack"
      }
    },
    "judge": {
      "final_label": 1,
      "confidence": 0.1,
      "winning_agent": "C",
      "reason": "Agent C's rationale aligns better with the label of 1, as the cluster ID and time of day suggest a high-density attack."
    }
  }
}