{
  "sample_summary": {
    "sample_id": "26-1",
    "tri_view_label": 0,
    "slm_final_vote": 1,
    "confidence": 0.8,
    "referee_label": 1
  },
  "debate_dynamics": {
    "dominant_agent": "A",
    "least_agent": "A"
  },
  "_rounds": {
    "R1": {
      "A": {
        "label": 0,
        "self_conf": 0.2,
        "rationale": "The maximum number of packets sent in a single second is 2.4614827973842357. The average number of packets sent in a second is 1.8484723759824861. The average number of packets sent in a minute is 115. The average number of packets sent in a day is 115. The average number of packets sent in a week is 115. The average number of packets sent in a month is 115. The average number of packets sent in a year is 115.",
        "key_features": [
          "dst_ip_freq: high",
          "dns_domain_name_freq: high"
        ],
        "cluster_novel": "no",
        "cluster_reason": "unusual size",
        "alt_hypothesis": "false positive",
        "attack_ref": "unknown"
      },
      "B": {},
      "C": {
        "label": 0,
        "self_conf": 0.2,
        "rationale": "Low packet density on Sunday",
        "key_features": "dst_ip_freq: high",
        "cluster_novel": "no",
        "cluster_reason": "Low density",
        "alt_hypothesis": "Possibly malicious activity",
        "attack_ref": "Low density attack"
      }
    },
    "R2": {
      "A": {
        "revise_label": {
          "changed": false,
          "new_label": null,
          "reason": ""
        }
      },
      "B": {
        "revise_label": {
          "changed": false,
          "new_label": null,
          "reason": ""
        }
      },
      "C": {
        "self_conf_before": 0.2,
        "peer_scores": [
          0.2,
          null
        ],
        "critique": "The rationale suggests a possible malicious activity based on the average number of packets sent in a day being equal to 115, which is outside the normal range for this metric.",
        "changed": true,
        "new_label": 1,
        "reason": "The average number of packets sent in a day is significantly higher than the average number of packets sent in other timeframes, suggesting a potential malicious activity.",
        "self_conf_after": 0.8,
        "clarifying_question": "Is there a specific time of day that consistently exhibits such a high average number of packets sent?"
      }
    },
    "R3": {
      "A": {},
      "B": {},
      "C": {}
    },
    "judge": {
      "final_label": 1,
      "confidence": 0.8,
      "winning_agent": "C",
      "reason": "Agent C identified an unusual pattern of high packet density on a specific day, which is a more concrete anomaly than the constant average packet rate observed by Agent A."
    }
  }
}