{
  "sample_summary": {
    "sample_id": "26-2",
    "tri_view_label": 0,
    "slm_final_vote": 0,
    "confidence": 0.5,
    "referee_label": null
  },
  "debate_dynamics": {
    "dominant_agent": "A",
    "least_agent": "C"
  },
  "_rounds": {
    "R1": {
      "A": {
        "label": 0,
        "self_conf": 0.2,
        "rationale": "The maximum number of packets sent in a single second is 2.891760591428072. This value is lower than the threshold of 3.0 for the cluster ID 147. The cluster is tri-view, with a size of 115 and a density of 1.8484723759824861. The cluster is located on a weekday, with a time of Weekday (Sunday).",
        "key_features": [
          "dst_ip_freq: -1.177564934372228",
          "dns_domain_name_freq: -0.7119602307056717",
          "duration: -0.19224265274501",
          "max_packets_len: -2.891760591428072"
        ],
        "cluster_novel": "yes",
        "cluster_reason": "low density",
        "alt_hypothesis": "burst scan",
        "attack_ref": "DDoS"
      },
      "B": {
        "label": 0,
        "self_conf": 0.2,
        "rationale": "I agree with the tri-view label because the cluster is dense and the attack is likely a DDoS attack.",
        "key_features": "dst_ip_freq: high, dns_domain_name_freq: low, duration: long, max_packets_len: high",
        "cluster_novel": "yes",
        "cluster_reason": "low density",
        "alt_hypothesis": "false positive",
        "attack_ref": "DDoS"
      },
      "C": {
        "label": 0,
        "self_conf": 0.2,
        "rationale": "Low packet density on Sunday",
        "key_features": "dst_ip_freq: high",
        "cluster_novel": "no",
        "cluster_reason": "Low density",
        "alt_hypothesis": "Possibly due to high traffic on weekends",
        "attack_ref": "unknown"
      }
    },
    "R2": {
      "A": {
        "self_conf_before": 0.2,
        "peer_scores": 0.2,
        "critique": "The maximum number of packets sent in a single second is 2.891760591428072. This value is lower than the threshold of 3.0 for the cluster ID 147. The cluster is tri-view, with a size of 115 and a density of 1.8484723759824861. The cluster is located on a weekday, with a time of Weekday (Sunday).",
        "revise_label": {
          "changed": true,
          "new_label": 0,
          "reason": "Low packet density on Sunday"
        },
        "self_conf_after": 0.2,
        "clarifying_question": "Why did the peer responses suggest a low packet density on Sunday?"
      },
      "B": {
        "self_conf_before": 0.2,
        "peer_scores": 0.2,
        "critique": "I agree with the tri-view label because the cluster is dense and the attack is likely a DDoS attack.",
        "changed": false,
        "new_label": 0,
        "reason": "I changed my label because the cluster is dense and the attack is likely a DDoS attack.",
        "self_conf_after": 0.2,
        "clarifying_question": "What is the threshold for the cluster ID 147?"
      },
      "C": {
        "self_conf_before": 0.2,
        "peer_scores": [
          0.2,
          0.2
        ],
        "critique": "The rationale suggests a DDoS attack, but the specific details like packet density and time of day are unclear. More context is needed to make a confident prediction.",
        "changed": true,
        "new_label": 1,
        "reason": "The peer predictions suggest a DDoS attack, but the specific details are unclear. More context is needed to make a confident prediction.",
        "self_conf_after": 0.4,
        "clarifying_question": "Could the attack be caused by a combination of factors, including high traffic on weekends and a specific cluster configuration?"
      }
    },
    "R3": {
      "A": {},
      "B": {
        "need_more_info": false,
        "questions": [
          "What is the threshold for the cluster ID 147?",
          "Could the attack be caused by a combination of factors, including high traffic on weekends and a specific cluster configuration?"
        ]
      },
      "C": {
        "need_more_info": false,
        "questions": [
          "Why did the peer responses suggest a low packet density on Sunday?"
        ]
      }
    },
    "judge": {
      "_raw_output": "{\n  \"final_label\": 1,\n  \"confidence\": 0.6,\n  \"winning_agent\": \"C\",\n  \"reason\": \"The peer predictions suggest a DDoS attack, but the specific details are unclear. More context is needed to make a confident prediction.\""
    }
  }
}