{
  "sample_summary": {
    "sample_id": "26-3",
    "tri_view_label": 1,
    "slm_final_vote": 1,
    "confidence": 0.8,
    "referee_label": 1
  },
  "debate_dynamics": {
    "dominant_agent": "A",
    "least_agent": "B"
  },
  "_rounds": {
    "R1": {
      "A": {},
      "B": {
        "label": 1,
        "self_conf": 0.2,
        "rationale": "I agree with the tri-view label because the cluster ID is 163, which is a known anomaly cluster. The cluster has a high density and is located near the source IP, indicating a potential attack. The cluster also has a high duration and a low max_packets_len, which are typical features of a DDoS attack. The cluster is also located on a Sunday, which is a weekend and may have more traffic than a weekday.",
        "key_features": "dst_ip_freq: high, dns_domain_name_freq: high, duration: high, max_packets_len: low",
        "cluster_novel": "yes",
        "cluster_reason": "high density, near source IP, weekend",
        "alt_hypothesis": "DDoS attack",
        "attack_ref": "DDoS"
      },
      "C": {
        "label": 1,
        "self_conf": 0.2,
        "rationale": "Low density of dst_ip_freq and dns_domain_name_freq",
        "key_features": "dst_ip_freq: high, dns_domain_name_freq: low",
        "cluster_novel": "no",
        "cluster_reason": "Low density of both features suggests a potential attack",
        "alt_hypothesis": "Possible DNS cache poisoning attack",
        "attack_ref": "DNS cache poisoning"
      }
    },
    "R2": {
      "A": {
        "self_conf_before": 0.2,
        "peer_scores": 0.2,
        "critique": "I agree with the tri-view label because the cluster ID is 163, which is a known anomaly cluster. The cluster has a high density and is located near the source IP, indicating a potential attack. The cluster also has a high duration and a low max_packets_len, which are typical features of a DDoS attack. The cluster is also located on a Sunday, which is a weekend and may have more traffic than a weekday.",
        "revise_label": {
          "changed": true,
          "new_label": 1,
          "reason": "Low density of dst_ip_freq and dns_domain_name_freq"
        },
        "self_conf_after": 0.2,
        "clarifying_question": "Why did the peer revise your label to 1 instead of 0?"
      },
      "B": {
        "revise_label": {
          "changed": false,
          "new_label": null,
          "reason": ""
        }
      },
      "C": {
        "self_conf_before": 0.2,
        "peer_scores": [
          0.2,
          0.8
        ],
        "critique": "I agree with the tri-view label because the cluster ID is 163, which is a known anomaly cluster. The cluster has a high density and is located near the source IP, indicating a potential attack. The cluster also has a high duration and a low max_packets_len, which are typical features of a DDoS attack. The cluster is also located on a Sunday, which is a weekend and may have more traffic than a weekday.",
        "changed": true,
        "new_label": 1,
        "reason": "I changed the label to 1 due to the increased confidence in the tri-view label and the additional evidence of a potential DDoS attack.",
        "self_conf_after": 0.8,
        "clarifying_question": "Is there any evidence other than the cluster ID and location to support the tri-view label?"
      }
    },
    "R3": {
      "A": {},
      "B": {},
      "C": {}
    },
    "judge": {
      "final_label": 1,
      "confidence": 0.8,
      "winning_agent": "C",
      "reason": "Agent C provided a clear rationale for the tri-view label in Round 1 and revised their label in Round 2 based on increased confidence and additional evidence, making their argument more compelling than the other agents."
    }
  }
}