{
  "sample_summary": {
    "sample_id": "26-4",
    "tri_view_label": 1,
    "slm_final_vote": 1,
    "confidence": 0.4,
    "referee_label": 1
  },
  "debate_dynamics": {
    "dominant_agent": "C",
    "least_agent": "A"
  },
  "_rounds": {
    "R1": {
      "A": {
        "label": 1,
        "self_conf": 0.2,
        "rationale": "The anomaly detected in the tri-view label is an anomaly with a tri-view label of 1 (anomaly) and confidence of 0.2. The cluster ID is 6, with a size of 150, density of 1.8598776294835742, and a distance of 0.5429221416897316.",
        "key_features": [
          "dst_ip_freq: -0.3183606169854546",
          "dns_domain_name_freq: 1.4045859516912094"
        ],
        "cluster_novel": "yes",
        "cluster_reason": "low density",
        "alt_hypothesis": "burst scan",
        "attack_ref": "DDoS"
      },
      "B": {
        "label": 1,
        "self_conf": 0.2,
        "rationale": "I agree with the tri-view label because the cluster ID is 6, and the cluster size is 150, which is larger than the average cluster size of 100. Also, the density is 1.8598776294835742, which is higher than the average density of 1.2. The cluster is also relatively close to the source, with a distance of 0.542922141689731, which is lower than the average distance of 0.8. These features suggest that the cluster is a potential anomaly.",
        "key_features": "dst_ip_freq: high, dns_domain_name_freq: high, duration: high, max_packets_len: high",
        "cluster_novel": "yes",
        "cluster_reason": "high density and close to source",
        "alt_hypothesis": "potential anomaly",
        "attack_ref": "unknown"
      },
      "C": {
        "label": 1,
        "self_conf": 0.2,
        "rationale": "High packet frequency during weekends",
        "key_features": "dst_ip_freq: high",
        "cluster_novel": "no",
        "cluster_reason": "Low density",
        "alt_hypothesis": "Possible malware activity",
        "attack_ref": "Malware"
      }
    },
    "R2": {
      "A": {
        "revise_label": {
          "changed": false,
          "new_label": null,
          "reason": ""
        }
      },
      "B": {
        "revise_label": {
          "changed": false,
          "new_label": null,
          "reason": ""
        }
      },
      "C": {
        "self_conf_before": 0.2,
        "peer_scores": 0.2,
        "critique": "I agree with the peers that the cluster ID and density suggest a potential anomaly. However, the rationale provided by the peers is less specific compared to my original rationale.",
        "changed": true,
        "new_label": 1,
        "reason": "The peers' rationale was more focused on the cluster size and density, which I found less convincing. My rationale, on the other hand, considered the tri-view label and the relative positions of the cluster in the network, which provided a more comprehensive understanding of the anomaly.",
        "self_conf_after": 0.4,
        "clarifying_question": "Could the observed anomalies be caused by a combination of factors, including malware activity and legitimate network behavior? How can we further investigate the root cause of the anomaly?"
      }
    },
    "R3": {
      "A": {
        "label": 1,
        "self_conf": 0.4,
        "rationale": "The anomaly detected in the tri-view label is an anomaly with a tri-view label of 1 (anomaly) and confidence of 0.4. The cluster ID is 6, with a size of 150, density of 1.8598776294835742, and a distance of 0.5429221416897316.",
        "key_features": [
          "dst_ip_freq: -0.3183606169854546",
          "dns_domain_name_freq: 1.4045859516912094"
        ],
        "cluster_novel": "yes",
        "cluster_reason": "low density",
        "alt_hypothesis": "burst scan",
        "attack_ref": "DDoS",
        "revise_label": {
          "changed": false,
          "new_label": null,
          "reason": ""
        }
      },
      "B": {},
      "C": {
        "label": 1,
        "self_conf": 0.2,
        "rationale": "High packet frequency during weekends",
        "key_features": "dst_ip_freq: high",
        "cluster_novel": "no",
        "cluster_reason": "Low density",
        "alt_hypothesis": "Possible malware activity",
        "attack_ref": "Malware"
      }
    },
    "judge": {
      "final_label": 1,
      "confidence": 0.4,
      "winning_agent": "A",
      "reason": "Agent A's rationale is more specific and comprehensive, considering the tri-view label, key features, and the relative positions of the cluster in the network. While Agents B and C also identify potential anomalies, Agent A's rationale provides a more detailed explanation."
    }
  }
}