{
  "sample_summary": {
    "sample_id": "26-7",
    "tri_view_label": 1,
    "slm_final_vote": 1,
    "confidence": 0.8,
    "referee_label": 1
  },
  "debate_dynamics": {
    "dominant_agent": "A",
    "least_agent": "B"
  },
  "_rounds": {
    "R1": {
      "A": {
        "label": 1,
        "self_conf": 0.2,
        "rationale": "The anomaly detected in the tri-view label is an anomaly, with a tri-view label of 1 (anomaly) and confidence 0.2. The cluster ID is 163, with a size of 347, a density of 3.8057685128568117, and a distance of 0.30957933361352735. The time was Weekday (Sunday).",
        "key_features": [
          "dst_ip_freq: -0.3183606169854546",
          "dns_domain_name_freq: 1.4045859516912094",
          "duration: -0.1919547977095788",
          "max_packets_len: -1.0272234839047787"
        ],
        "cluster_novel": "unknown",
        "cluster_reason": "unknown",
        "alt_hypothesis": "burst scan",
        "attack_ref": "DDoS"
      },
      "B": {},
      "C": {
        "label": 1,
        "self_conf": 0.2,
        "rationale": "High packet frequency during weekends",
        "key_features": "dst_ip_freq: high",
        "cluster_novel": "no",
        "cluster_reason": "Low density",
        "alt_hypothesis": "Possible malware activity",
        "attack_ref": "Malware"
      }
    },
    "R2": {
      "A": {
        "self_conf_before": 0.2,
        "peer_scores": 0.2,
        "critique": "The cluster ID is 163, with a size of 347, a density of 3.8057685128568117, and a distance of 0.30957933361352735. The time was Weekday (Sunday).",
        "revise_label": {
          "changed": true,
          "new_label": 1,
          "reason": "High packet frequency during weekends"
        },
        "self_conf_after": 0.2,
        "clarifying_question": "What is the reason for the peer's label change from 1 to 1?"
      },
      "B": {
        "revise_label": {
          "changed": false,
          "new_label": null,
          "reason": ""
        }
      },
      "C": {
        "self_conf_before": 0.2,
        "peer_scores": [
          0.2,
          null
        ],
        "critique": "The rationale suggests an anomaly, but the confidence score is low, indicating a potential false positive. Further investigation may be needed.",
        "changed": false,
        "new_label": 1,
        "reason": "Low confidence despite the high packet frequency during weekends suggests a potential false positive.",
        "self_conf_after": 0.8,
        "clarifying_question": "What other factors could contribute to the high packet frequency during weekends besides malware activity?"
      }
    },
    "R3": {
      "A": {},
      "B": {},
      "C": {}
    },
    "judge": {
      "final_label": 1,
      "confidence": 0.8,
      "winning_agent": "C",
      "reason": "Agent C's revised label and justification for a potential false positive aligns with the overall context of the data, while Agents A and B did not provide sufficient information to justify their labels."
    }
  }
}