{
  "sample_summary": {
    "sample_id": "27-5",
    "tri_view_label": 1,
    "slm_final_vote": 1,
    "confidence": 0.2,
    "referee_label": 1
  },
  "debate_dynamics": {
    "dominant_agent": "A",
    "least_agent": "B"
  },
  "_rounds": {
    "R1": {
      "A": {
        "label": 1,
        "self_conf": 0.2,
        "rationale": "The anomaly detected in the tri-view label is an anomaly with a tri-view label of 1 (anomaly) and confidence of 0.2. The cluster ID is 164, with a size of 256, a density of 3.5367726646274007, and a distance of 0.23610406929943115. The time was Weekday (Sunday).",
        "key_features": [
          "dst_ip_freq: -0.3183606169854546",
          "dns_domain_name_freq: 1.4045859516912094",
          "duration: -0.1919550655834612",
          "max_packets_len: -0.883797552556833"
        ],
        "cluster_novel": "unknown",
        "cluster_reason": "unknown",
        "alt_hypothesis": "burst scan",
        "attack_ref": "DDoS"
      },
      "B": {
        "label": 1,
        "self_conf": 0.2,
        "rationale": "I agree with the tri-view label because the cluster ID is 164, which is a known anomaly cluster. The cluster size is 256, which is larger than the average cluster size of 200. The cluster density is 3.5367726646274007, which is higher than the average cluster density of 2. The cluster dist is 0.23610406929943115, which is closer to the center of the cluster than the average cluster dist of 0.3. The cluster has a high frequency of DNS domain name, which is a common feature of DDoS attacks. The cluster also has a high frequency of IP address, which is a common feature of malware attacks. Therefore, I agree with the tri-view label and the cluster label is 1.",
        "key_features": "dst_ip_freq: high, dns_domain_name_freq: high, duration: high, max_packets_len: high",
        "cluster_novel": "yes",
        "cluster_reason": "high frequency of DNS domain name and IP address",
        "alt_hypothesis": "DDoS attack",
        "attack_ref": "DDoS"
      },
      "C": {
        "label": 1,
        "self_conf": 0.2,
        "rationale": "High packet frequency during weekends",
        "key_features": "dst_ip_freq: high",
        "cluster_novel": "no",
        "cluster_reason": "Low density",
        "alt_hypothesis": "Possible malware activity",
        "attack_ref": "Malware scanning"
      }
    },
    "R2": {
      "A": {
        "self_conf_before": 0.2,
        "peer_scores": 0.2,
        "critique": "The anomaly detected in the tri-view label is an anomaly with a tri-view label of 1 (anomaly) and confidence of 0.2. The cluster ID is 164, with a size of 256, a density of 3.5367726646274007, and a distance of 0.23610406929943115. The time was Weekday (Sunday).",
        "key_features": [
          "dst_ip_freq: -0.3183606169854546",
          "dns_domain_name_freq: 1.4045859516912094",
          "duration: -0.1919550655834612",
          "max_packets_len: -0.883797552556833"
        ],
        "cluster_novel": "unknown",
        "cluster_reason": "unknown",
        "alt_hypothesis": "burst scan",
        "attack_ref": "DDoS",
        "label": 1,
        "self_conf_after": 0.2,
        "clarifying_question": "High packet frequency during weekends",
        "revise_label": {
          "changed": true,
          "new_label": 1,
          "reason": "The cluster ID is 164, with a size of 256, a density of 3.5367726646274007, and a distance of 0.23610406929943115. The time was Weekday (Sunday)."
        }
      },
      "B": {
        "revise_label": {
          "changed": false,
          "new_label": null,
          "reason": ""
        }
      },
      "C": {
        "self_conf_before": 0.2,
        "peer_scores": [
          0.2,
          0.2
        ],
        "critique": "I agree with the peers that the cluster label is 1, but I have a lower confidence (0.2) compared to the peers (0.2). My rationale is based on the high frequency of DNS domain name and IP address in the cluster, which are common features of DDoS and malware attacks respectively.",
        "changed": false,
        "new_label": 1,
        "reason": "I have a lower confidence than the peers, which leads me to believe that the cluster label may be an anomaly.",
        "self_conf_after": 0.1,
        "clarifying_question": "Is the high frequency of DNS domain name and IP address a sufficient reason to conclude that the cluster is an anomaly?"
      }
    },
    "R3": {
      "A": {},
      "B": {
        "need_more_info": false,
        "questions": [
          "High frequency of DNS domain name and IP address",
          "Is the high frequency of DNS domain name and IP address a sufficient reason to conclude that the cluster is an anomaly?"
        ]
      },
      "C": {
        "label": 1,
        "self_conf": 0.2,
        "rationale": "High packet frequency during weekends",
        "key_features": "dst_ip_freq: high",
        "cluster_novel": "no",
        "cluster_reason": "Low density",
        "alt_hypothesis": "Possible malware activity",
        "attack_ref": "Malware scanning"
      }
    },
    "judge": {
      "final_label": 1,
      "confidence": 0.2,
      "winning_agent": "tie",
      "reason": "All agents agree on the label being 1, but their confidences and rationales differ. Agent A's rationale is based on the anomaly's properties, Agent B's on the common features of DDoS and malware attacks, and Agent C's on the high packet frequency during weekends. Since there is no clear majority or dominance, the label is considered a tie."
    }
  }
}