{
  "sample_summary": {
    "sample_id": "27-7",
    "tri_view_label": 0,
    "slm_final_vote": 0,
    "confidence": 0.6,
    "referee_label": 0
  },
  "debate_dynamics": {
    "dominant_agent": "A",
    "least_agent": "B"
  },
  "_rounds": {
    "R1": {
      "A": {
        "label": 0,
        "self_conf": 0.2,
        "rationale": "The maximum number of packets sent in a single second is 689, with a density of 2.238596148099004. The cluster ID is 68, with a size of 689 and a density of 2.238596148099004.",
        "key_features": [
          "dst_ip_freq: -1.177564934372228",
          "dns_domain_name_freq: -0.7119602307056717",
          "duration: -0.1921916761608454",
          "max_packets_len: -0.3100938271650504"
        ],
        "cluster_novel": "yes",
        "cluster_reason": "low density",
        "alt_hypothesis": "burst scan",
        "attack_ref": "DDoS"
      },
      "B": {
        "label": 0,
        "self_conf": 0.2,
        "rationale": "I agree with the tri-view label because the cluster ID is 68, which is a known benign cluster. The cluster has a density of 2.238596148099004, which is not too high, and the distance to other clusters is 0.5076680896878049, which is not too far. The cluster is also on a weekday, which is not suspicious. Therefore, I think the cluster is not an anomaly.",
        "key_features": "dst_ip_freq: -1.177564934372228, dns_domain_name_freq: -0.711960230705671, duration: -0.1921916761608454, max_packets_len: -0.3100938271650504",
        "cluster_novel": "no",
        "cluster_reason": "The cluster is not novel because it is a known benign cluster. The cluster is also not suspicious because it is on a weekday and has a low density and distance to other clusters.",
        "alt_hypothesis": "The cluster is not an anomaly because it is a known benign cluster. The cluster is also not suspicious because it is on a weekday and has a low density and distance to other clusters.",
        "attack_ref": "unknown"
      },
      "C": {
        "label": 0,
        "self_conf": 0.2,
        "rationale": "Low density of dst_ip_freq and dns_domain_name_freq",
        "key_features": "dst_ip_freq: high, dns_domain_name_freq: high",
        "cluster_novel": "no",
        "cluster_reason": "Low density of both features",
        "alt_hypothesis": "Unknown",
        "attack_ref": "Low density of dst_ip_freq and dns_domain_name_freq"
      }
    },
    "R2": {
      "A": {
        "self_conf_before": 0.2,
        "peer_scores": 0.2,
        "critique": "The maximum number of packets sent in a single second is 689, with a density of 2.238596148099004. The cluster ID is 68, with a size of 689 and a density of 2.238596148099004. The cluster is also on a weekday, which is not suspicious. Therefore, I think the cluster is not an anomaly.",
        "revise_label": {
          "changed": true,
          "new_label": 0,
          "reason": "Low density of dst_ip_freq and dns_domain_name_freq"
        },
        "self_conf_after": 0.2,
        "clarifying_question": "The cluster ID is 68, with a size of 689 and a density of 2.238596148099004. The cluster is also on a weekday, which is not suspicious. Therefore, I think the cluster is not an anomaly."
      },
      "B": {
        "revise_label": {
          "changed": false,
          "new_label": null,
          "reason": ""
        }
      },
      "C": {
        "self_conf_before": 0.2,
        "peer_scores": 0.2,
        "critique": "My rationale agrees with the peers that the cluster is benign, but I have a lower confidence score than they do.",
        "changed": false,
        "new_label": 1,
        "reason": "I have a lower confidence score than my peers, which suggests that my original rationale might be incorrect.",
        "self_conf_after": 0.1,
        "clarifying_question": "Could the cluster be an anomaly due to the high density of dst_ip_freq and dns_domain_name_freq, even though the cluster is benign based on other features?"
      }
    },
    "R3": {
      "A": {},
      "B": {},
      "C": {
        "label": 0,
        "self_conf": 0.2,
        "rationale": "Low density of dst_ip_freq and dns_domain_name_freq",
        "key_features": "dst_ip_freq: high, dns_domain_name_freq: high",
        "cluster_novel": "no",
        "cluster_reason": "Low density of both features",
        "alt_hypothesis": "Unknown",
        "attack_ref": "Low density of dst_ip_freq and dns_domain_name_freq"
      }
    },
    "judge": {
      "final_label": 0,
      "confidence": 0.6,
      "winning_agent": "C",
      "reason": "Although all agents agree that the cluster is not an anomaly based on the given features, Agent C's rationale focuses specifically on the low density of dst_ip_freq and dns_domain_name_freq, which is a key feature in the initial data provided by Agent A. Since Agent C's rationale is consistent with the data and the other agents' revised labels, and Agent C has a lower confidence score than Agent A in Round 2, it is reasonable to assume that Agent C's rationale is more likely to be correct. Therefore, the winning agent is Agent C."
    }
  }
}