{
  "sample_summary": {
    "sample_id": "27-8",
    "tri_view_label": 0,
    "slm_final_vote": 0,
    "confidence": 0.5,
    "referee_label": 0
  },
  "debate_dynamics": {
    "dominant_agent": "A",
    "least_agent": "C"
  },
  "_rounds": {
    "R1": {
      "A": {},
      "B": {
        "label": 0,
        "self_conf": 0.2,
        "rationale": "I agree with the tri-view label because the cluster ID is 208, which is a known benign cluster.",
        "key_features": "dst_ip_freq: high, dns_domain_name_freq: low, duration: short, max_packets_len: high",
        "cluster_novel": "no",
        "cluster_reason": "low density",
        "alt_hypothesis": "burst scan",
        "attack_ref": "unknown"
      },
      "C": {
        "label": 0,
        "self_conf": 0.2,
        "rationale": "Low density of dst_ip_freq and dns_domain_name_freq",
        "key_features": "dst_ip_freq: high, dns_domain_name_freq: high",
        "cluster_novel": "no",
        "cluster_reason": "Low density of both features",
        "alt_hypothesis": "Unknown",
        "attack_ref": "Low density of dst_ip_freq and dns_domain_name_freq"
      }
    },
    "R2": {
      "A": {
        "self_conf_before": 0.2,
        "peer_scores": 0.2,
        "critique": "I agree with the tri-view label because the cluster ID is 208, which is a known benign cluster.",
        "revise_label": {
          "changed": true,
          "new_label": 0,
          "reason": "Low density of dst_ip_freq and dns_domain_name_freq"
        },
        "self_conf_after": 0.2,
        "clarifying_question": "Why did the peer reviewer change their label from 0 to 0?"
      },
      "B": {
        "self_conf_before": 0.2,
        "peer_scores": 0.2,
        "critique": "I agree with the tri-view label because the cluster ID is 208, which is a known benign cluster.",
        "changed": false,
        "new_label": 0,
        "reason": "I changed my label because the cluster ID is known benign.",
        "self_conf_after": 0.2,
        "clarifying_question": "What is the cluster ID?"
      },
      "C": {
        "self_conf_before": 0.2,
        "peer_scores": [
          0.2,
          0.2
        ],
        "critique": "I agree with the tri-view label because the cluster ID is 208, which is a known benign cluster.",
        "changed": true,
        "new_label": 1,
        "reason": "I changed the label to 1 because the cluster density of both features is above the average density of the benign cluster.",
        "self_conf_after": 0.8,
        "clarifying_question": "Is the average density of the benign cluster higher than the average density of the malicious cluster?"
      }
    },
    "R3": {
      "A": {},
      "B": {},
      "C": {}
    },
    "judge": {
      "final_label": 0,
      "confidence": 0.5,
      "winning_agent": "A",
      "reason": "All agents agreed on the label 0, and Agent A's rationale of the known benign cluster ID (208) was the most compelling reason among the agents."
    }
  }
}