{
  "sample_summary": {
    "sample_id": "27-9",
    "tri_view_label": 0,
    "slm_final_vote": 0,
    "confidence": 0.4,
    "referee_label": 0
  },
  "debate_dynamics": {
    "dominant_agent": "A",
    "least_agent": "C"
  },
  "_rounds": {
    "R1": {
      "A": {
        "label": 0,
        "self_conf": 0.2,
        "rationale": "The attacker used a combination of IP addresses with high frequency in the DNS domain name and a low frequency in the DDoS attack. The attacker also used a high duration and a low packet length. The attacker's size was medium, with a density of 1.9927934202007256, indicating a high probability of being a benign anomaly.",
        "key_features": [
          "dns_domain_name_freq: high",
          "dst_ip_freq: high"
        ],
        "cluster_novel": "yes",
        "cluster_reason": "low density",
        "alt_hypothesis": "burst scan",
        "attack_ref": "DDoS"
      },
      "B": {
        "label": 0,
        "self_conf": 0.2,
        "rationale": "I agree with the tri-view label because the cluster ID is 208, which is a known benign cluster.",
        "key_features": "dst_ip_freq: high, dns_domain_name_freq: low, duration: short, max_packets_len: high",
        "cluster_novel": "no",
        "cluster_reason": "low density",
        "alt_hypothesis": "burst scan",
        "attack_ref": "unknown"
      },
      "C": {
        "label": 0,
        "self_conf": 0.2,
        "rationale": "Low packet density on Sunday",
        "key_features": "dst_ip_freq: high",
        "cluster_novel": "no",
        "cluster_reason": "Low density",
        "alt_hypothesis": "Possibly malicious activity",
        "attack_ref": "Low density attack"
      }
    },
    "R2": {
      "A": {
        "self_conf_before": 0.2,
        "peer_scores": 0.2,
        "critique": "I agree with the tri-view label because the cluster ID is 208, which is a known benign cluster.",
        "revise_label": {
          "changed": true,
          "new_label": 0,
          "reason": "Low packet density on Sunday"
        },
        "self_conf_after": 0.2,
        "clarifying_question": "What is the reason for the peer's change in label?"
      },
      "B": {
        "self_conf_before": 0.2,
        "peer_scores": 0.2,
        "critique": "I agree with the tri-view label because the cluster ID is    208, which is a known benign cluster.",
        "changed": false,
        "new_label": 0,
        "reason": "I changed my label because the cluster ID is known benign.",
        "self_conf_after": 0.2,
        "clarifying_question": "What is the cluster ID?"
      },
      "C": {
        "revise_label": {
          "changed": false,
          "new_label": null,
          "reason": ""
        }
      }
    },
    "R3": {
      "A": {
        "need_more_info": true,
        "questions": [
          {
            "type": "string",
            "label": "What is the cluster ID?"
          }
        ]
      },
      "B": {},
      "C": {
        "need_more_info": false,
        "questions": [
          "What is the reason for the peer's change in label?"
        ]
      }
    },
    "judge": {
      "final_label": 0,
      "confidence": 0.4,
      "winning_agent": "tie",
      "reason": "Both Agents A and C provided valid justifications based on their respective observations. However, without the cluster ID, it is impossible to definitively determine which agent's label is correct. Therefore, this debate ends in a tie."
    }
  }
}