{
  "sample_summary": {
    "sample_id": "28-0",
    "tri_view_label": 1,
    "slm_final_vote": 1,
    "confidence": 0.8,
    "referee_label": 1
  },
  "debate_dynamics": {
    "dominant_agent": "A",
    "least_agent": "B"
  },
  "_rounds": {
    "R1": {
      "A": {},
      "B": {
        "label": 1,
        "self_conf": 0.2,
        "rationale": "I agree with the tri-view label because the cluster ID is 164, which is a known anomaly cluster. The cluster size is 318, which is larger than the average cluster size of 200. The cluster density is 3.4153935640246957, which is higher than the average cluster density of 2. The cluster is also located near the source IP address, which is a sign of a possible attack. The cluster duration is 0.2328894996643867, which is shorter than the average cluster duration of 0.5. The cluster max_packets_len is -1.0272234839047787, which is lower than the average cluster max_packets_len of 0.5. All these features indicate that the cluster is anomalous and should be investigated further.",
        "key_features": "dst_ip_freq: high, dns_domain_name_freq: low, duration: short, max_packets_len: low",
        "cluster_novel": "yes",
        "cluster_reason": "low density",
        "alt_hypothesis": "burst scan",
        "attack_ref": "DDoS"
      },
      "C": {
        "label": 1,
        "self_conf": 0.2,
        "rationale": "Low density of dst_ip_freq and dns_domain_name_freq",
        "key_features": "dst_ip_freq: high, dns_domain_name_freq: low",
        "cluster_novel": "no",
        "cluster_reason": "Low density of both features suggests an outlier",
        "alt_hypothesis": "Possible malicious activity",
        "attack_ref": "Low density of dst_ip_freq and dns_domain_name_freq suggests a potential botnet attack"
      }
    },
    "R2": {
      "A": {
        "self_conf_before": 0.2,
        "peer_scores": 0.2,
        "critique": "I agree with the tri-view label because the cluster ID is 164, which is a known anomaly cluster. The cluster size is 318, which is larger than the average cluster size of 200. The cluster density is 3.4153935640246957, which is higher than the average cluster density of 2. The cluster is also located near the source IP address, which is a sign of a possible attack. The cluster duration is 0.2328894996643867, which is shorter than the average cluster duration of 0.5. The cluster max_packets_len is -1.0272234839047787, which is lower than the average cluster max_packets_len of 0.5. All these features indicate that the cluster is anomalous and should be investigated further.",
        "self_conf_after": 0.2,
        "clarifying_question": "Why do you agree with the tri-view label for the cluster ID 164?",
        "revise_label": {
          "changed": true,
          "new_label": 1,
          "reason": "The cluster ID 164 is a known anomaly cluster, which indicates that the cluster is anomalous and should be investigated further."
        }
      },
      "B": {
        "revise_label": {
          "changed": false,
          "new_label": null,
          "reason": ""
        }
      },
      "C": {
        "self_conf_before": 0.2,
        "peer_scores": 0.2,
        "critique": "I agree with the tri-view label because the cluster ID is 164, which is a known anomaly cluster. The cluster size is 318, which is larger than the average cluster size of 200. The cluster density is 3.4153935640246957, which is higher than the average cluster density of 2. The cluster is also located near the source IP address, which is a sign of a possible attack. The cluster duration is 0.2328894996643867, which is shorter than the average cluster duration of 0.5. The cluster max_packets_len is -1.0272234839047787, which is lower than the average cluster max_packets_len of 0.5. All these features indicate that the cluster is anomalous and should be investigated further.",
        "changed": true,
        "new_label": 1,
        "reason": "I believe the cluster is an outlier due to its characteristics, including its large size, high density, and location near the source IP address. Further investigation is warranted to determine the source of the anomalies.",
        "self_conf_after": 0.8,
        "clarifying_question": "Could the cluster be an outlier due to a specific malicious activity, such as botnet or DDoS attacks?"
      }
    },
    "R3": {
      "A": {},
      "B": {},
      "C": {}
    },
    "judge": {
      "final_label": 1,
      "confidence": 0.8,
      "winning_agent": "C",
      "reason": "Agent C's revised label and justification carry more weight due to their increased confidence and specificity. While Agents A and B also agree with the tri-view label, Agent C's analysis provides a clearer explanation of why the cluster is an anomaly and warrants further investigation."
    }
  }
}