{
  "sample_summary": {
    "sample_id": "28-1",
    "tri_view_label": 0,
    "slm_final_vote": 0,
    "confidence": 0.9,
    "referee_label": 0
  },
  "debate_dynamics": {
    "dominant_agent": "A",
    "least_agent": "A"
  },
  "_rounds": {
    "R1": {
      "A": {
        "label": 0,
        "self_conf": 0.1,
        "rationale": "The attacker used a combination of IP addresses with high frequency in the DNS domain name and low frequency in the DDoS attack. The attacker also used a high duration and a low packet length. The attacker's tri-view label is 0 (normal) and the cluster ID is 267. The cluster's size is 280, density is 2.028822009158733, and the attacker's time is Weekday (Sunday).",
        "key_features": [
          "dst_ip_freq: high",
          "dns_domain_name_freq: high"
        ],
        "cluster_novel": "no",
        "cluster_reason": "unknown",
        "alt_hypothesis": "unknown",
        "attack_ref": "unknown"
      },
      "B": {
        "label": 0,
        "self_conf": 0.1,
        "rationale": "I agree with the tri-view label because the cluster ID is 267, which is a known cluster, and the cluster size is 280, which is not too large. The cluster density is 2.028822009158733, which is not too high, and the cluster distance is 0.606891013127282, which is not too far. The cluster is on a weekday, which is not too unusual. I think the cluster is benign and does not indicate an attack.",
        "key_features": "dst_ip_freq: high, dns_domain_name_freq: low, duration: long, max_packets_len: high",
        "cluster_novel": "no",
        "cluster_reason": "low density",
        "alt_hypothesis": "burst scan",
        "attack_ref": "unknown"
      },
      "C": {
        "label": 0,
        "self_conf": 0.1,
        "rationale": "Low packet density on Sunday",
        "key_features": "dst_ip_freq: high",
        "cluster_novel": "no",
        "cluster_reason": "Low density",
        "alt_hypothesis": "Possibly due to high traffic on weekends",
        "attack_ref": "unknown"
      }
    },
    "R2": {
      "A": {
        "self_conf_before": 0.1,
        "peer_scores": 0.1,
        "critique": "The attacker used a combination of IP addresses with high frequency in the DNS domain name and low frequency in the DDoS attack. The attacker also used a high duration and a low packet length. The attacker's tri-view label is 0 (normal) and the cluster ID is 267. The cluster's size is 280, density is 2.028822009158733, and the attacker's time is Weekday (Sunday).",
        "revise_label": {
          "changed": true,
          "new_label": 0,
          "reason": "Low packet density on Sunday"
        },
        "self_conf_after": 0.1,
        "clarifying_question": "Is the cluster on a weekday, which is not too unusual, a factor that indicates an attack?"
      },
      "B": {
        "self_conf_before": 0.1,
        "peer_scores": 0.1,
        "critique": "I agree with the tri-view label because the cluster ID is 267, which is a known cluster, and the cluster size is 280, which is not too large. The cluster density is 2.028822009158733, which is not too high, and the cluster distance is 0.606891013127282, which is not too far. The cluster is on a weekday, which is not too unusual. I think the cluster is benign and does not indicate an attack.",
        "changed": false,
        "new_label": 0,
        "reason": "I changed my label to 0 because I agree with the peer's rationale that the cluster is benign.",
        "self_conf_after": 0.1,
        "clarifying_question": "What is the cluster ID of the cluster?"
      },
      "C": {
        "self_conf_before": 0.1,
        "peer_scores": 0.1,
        "critique": "I agree with the peers that the cluster is benign and does not indicate an attack. My rationale aligns with their assessment that the cluster characteristics are not consistent with an attack, and the tri-view label also supports this conclusion.",
        "changed": false,
        "new_label": 0,
        "reason": "The cluster characteristics are consistent with a legitimate network activity, and the tri-view label supports this conclusion.",
        "self_conf_after": 0.1,
        "clarifying_question": "Could the cluster be associated with a specific botnet or malware family?"
      }
    },
    "R3": {
      "A": {},
      "B": {},
      "C": {
        "label": 0,
        "self_conf": 0.1,
        "rationale": "Low packet density on Sunday",
        "key_features": "dst_ip_freq: high",
        "cluster_novel": "no",
        "cluster_reason": "Low density",
        "alt_hypothesis": "Possibly due to high traffic on weekends",
        "attack_ref": "unknown"
      }
    },
    "judge": {
      "final_label": 0,
      "confidence": 0.9,
      "winning_agent": "C",
      "reason": "All agents agree that the cluster is benign based on the provided information. Agent C's rationale of 'Low packet density on Sunday' aligns with the overall consensus and is a valid explanation for the observed cluster characteristics. Therefore, Agent C is the winning agent."
    }
  }
}