{
  "sample_summary": {
    "sample_id": "28-2",
    "tri_view_label": 1,
    "slm_final_vote": 1,
    "confidence": 0.8,
    "referee_label": 1
  },
  "debate_dynamics": {
    "dominant_agent": "A",
    "least_agent": "C"
  },
  "_rounds": {
    "R1": {
      "A": {
        "label": 1,
        "self_conf": 0.2,
        "rationale": "Anomaly detected due to high number of tri-view labels (1) and low density (0.2).",
        "key_features": [
          "dst_ip_freq: high",
          "dns_domain_name_freq: high"
        ],
        "cluster_novel": "unknown",
        "cluster_reason": "unknown",
        "alt_hypothesis": "burst scan",
        "attack_ref": "DDoS"
      },
      "B": {
        "label": 1,
        "self_conf": 0.2,
        "rationale": "The sample is far from the cluster center.",
        "key_features": "dst_ip_freq: high, dns_domain_name_freq: low, duration: long",
        "cluster_novel": "no",
        "cluster_reason": "sample is far from cluster center",
        "alt_hypothesis": "false positive",
        "attack_ref": "unknown"
      },
      "C": {
        "label": 1,
        "self_conf": 0.2,
        "rationale": "Low density of dst_ip_freq and dns_domain_name_freq",
        "key_features": "dst_ip_freq: high, dns_domain_name_freq: high",
        "cluster_novel": "no",
        "cluster_reason": "Low density of both features",
        "alt_hypothesis": "Possible DNS cache poisoning attack",
        "attack_ref": "DNS cache poisoning"
      }
    },
    "R2": {
      "A": {
        "self_conf_before": 0.2,
        "peer_scores": 0.2,
        "critique": "Anomaly detected due to high number of tri-view labels (1) and low density (0.2).",
        "revise_label": {
          "changed": true,
          "new_label": 1,
          "reason": "The sample is far from the cluster center."
        },
        "self_conf_after": 0.2,
        "clarifying_question": "Low density of dst_ip_freq and dns_domain_name_freq"
      },
      "B": {
        "self_conf_before": 0.2,
        "peer_scores": 0.2,
        "critique": "The sample is far from the cluster center.",
        "changed": false,
        "new_label": 1,
        "reason": "The sample is far from the cluster center.",
        "self_conf_after": 0.2,
        "clarifying_question": "What is the cluster center?"
      },
      "C": {
        "self_conf_before": 0.2,
        "peer_scores": [
          0.2,
          0.2
        ],
        "critique": "Anomaly detected due to high number of tri-view labels (1) and low density (0.2). The rationale suggests a possible DNS cache poisoning attack.",
        "changed": true,
        "new_label": 1,
        "reason": "Anomaly detected due to high number of tri-view labels and low density. The sample is far from the cluster center, which could indicate a DNS cache poisoning attack.",
        "self_conf_after": 0.8,
        "clarifying_question": "Could the high number of tri-view labels be due to a legitimate factor, such as the presence of multiple DNS servers or a high number of unique DNS records?"
      }
    },
    "R3": {
      "A": {
        "need_more_info": true,
        "questions": [
          {
            "label": "What is the cluster center?",
            "type": "clarifying_question",
            "answer": "The cluster center is the point in the cluster where the majority of the anomalous labels reside."
          },
          {
            "label": "Could the high number of tri-view labels be due to a legitimate factor, such as the presence of multiple DNS servers or a high number of unique DNS records?",
            "type": "question",
            "answer": "No, the high number of tri-view labels is not due to a legitimate factor. The sample is far from the cluster center."
          }
        ]
      },
      "B": {
        "need_more_info": false,
        "questions": []
      },
      "C": {
        "label": 1,
        "self_conf": 0.2,
        "rationale": "Anomaly detected due to high number of tri-view labels and low density. The sample is far from the cluster center, which could indicate a DNS cache poisoning attack.",
        "key_features": "dst_ip_freq: high, dns_domain_name_freq: high",
        "cluster_novel": "no",
        "cluster_reason": "Low density of both features",
        "alt_hypothesis": "Possible DNS cache poisoning attack",
        "attack_ref": "DNS cache poisoning"
      }
    },
    "judge": {
      "final_label": 1,
      "confidence": 0.8,
      "winning_agent": "C",
      "reason": "Agent C's hypothesis of a possible DNS cache poisoning attack is supported by the high number of tri-view labels and low density, as well as the sample being far from the cluster center. This justification is more comprehensive and specific than the other agents' rationales."
    }
  }
}