{
  "sample_summary": {
    "sample_id": "28-3",
    "tri_view_label": 1,
    "slm_final_vote": 1,
    "confidence": 0.6,
    "referee_label": 1
  },
  "debate_dynamics": {
    "dominant_agent": "A",
    "least_agent": "C"
  },
  "_rounds": {
    "R1": {
      "A": {
        "label": 1,
        "self_conf": 0.2,
        "rationale": "The anomaly detected in the tri-view label is an anomaly with a tri-view label of 1 (anomaly) and confidence of 0.2. The cluster ID is 164, with a size of 318, density of 3.4153935640246957, and a distance of 0.25409433872014964. The time was Weekday (Sunday).",
        "key_features": [
          "dst_ip_freq: -0.3183606169854546",
          "dns_domain_name_freq: 1.4045859516912094",
          "duration: -0.1919546311075697",
          "max_packets_len: -0.5969456898609417"
        ],
        "cluster_novel": "unknown",
        "cluster_reason": "unknown",
        "alt_hypothesis": "burst scan",
        "attack_ref": "DDoS"
      },
      "B": {
        "label": 1,
        "self_conf": 0.2,
        "rationale": "I agree with the tri-view label because the cluster ID is 164, which is a known anomaly.",
        "key_features": "dst_ip_freq: high, dns_domain_name_freq: high, duration: high, max_packets_len: high",
        "cluster_novel": "yes",
        "cluster_reason": "high density",
        "alt_hypothesis": "false positive",
        "attack_ref": "DDoS"
      },
      "C": {
        "label": 1,
        "self_conf": 0.2,
        "rationale": "High packet frequency during weekends",
        "key_features": "dst_ip_freq: high",
        "cluster_novel": "no",
        "cluster_reason": "Low density",
        "alt_hypothesis": "Possible malware activity",
        "attack_ref": "Malware"
      }
    },
    "R2": {
      "A": {
        "self_conf_before": 0.2,
        "peer_scores": 0.2,
        "critique": "I agree with the tri-view label because the cluster ID is 164, which is a known anomaly.",
        "revise_label": {
          "changed": true,
          "new_label": 1,
          "reason": "High packet frequency during weekends"
        },
        "self_conf_after": 0.2,
        "clarifying_question": "Why did the peer revise your label to 1?"
      },
      "B": {
        "self_conf_before": 0.2,
        "peer_scores": 0.2,
        "critique": "I agree with the tri-view label because the cluster ID is 164, which is a known anomaly.",
        "changed": false,
        "new_label": 1,
        "reason": "I changed my label because I agree with the tri-view label.",
        "self_conf_after": 0.2,
        "clarifying_question": "What is the cluster ID of the anomaly?"
      },
      "C": {
        "self_conf_before": 0.2,
        "peer_scores": [
          0.2,
          0.2
        ],
        "critique": "The rationale seems to be based on the tri-view label, which has a higher confidence than the other label. Additionally, the cluster ID and density values suggest an anomaly, but the rationale does not provide specific details or context to support the label.",
        "changed": false,
        "new_label": 1,
        "reason": "Revised label based on the higher confidence in the tri-view label.",
        "self_conf_after": 0.5,
        "clarifying_question": "Could the rationale be improved by providing more context or specific details about the cluster and its behavior?"
      }
    },
    "R3": {
      "A": {},
      "B": {},
      "C": {
        "label": 1,
        "self_conf": 0.2,
        "rationale": "High packet frequency during weekends",
        "key_features": "dst_ip_freq: high",
        "cluster_novel": "no",
        "cluster_reason": "Low density",
        "alt_hypothesis": "Possible malware activity",
        "attack_ref": "Malware"
      }
    },
    "judge": {
      "final_label": 1,
      "confidence": 0.6,
      "winning_agent": "C",
      "reason": "Agent C's label and rationale remain consistent throughout the debate, while Agents A and B revised their labels based on the tri-view label. Agent C's rationale also provides a specific reason for the label, which is 'High packet frequency during weekends'."
    }
  }
}