{
  "sample_summary": {
    "sample_id": "28-4",
    "tri_view_label": 0,
    "slm_final_vote": 0,
    "confidence": 0.2,
    "referee_label": 0
  },
  "debate_dynamics": {
    "dominant_agent": "A",
    "least_agent": "C"
  },
  "_rounds": {
    "R1": {
      "A": {
        "label": 0,
        "self_conf": 0.2,
        "rationale": "The attacker used a combination of IP addresses with high frequency in the DNS domain name and low frequency in the DDoS attack. The attacker also used a large number of packets with a low packet length. The attacker's size was not significant, but the density of the attack was high. The attacker's cluster ID was 168, indicating a high density of attacks in the past week. The attacker's time was a weekday, indicating a high density of attacks during the week. The attacker's time was also significant, indicating that the attacker was active during the weekend.",
        "key_features": [
          "dst_ip_freq: high",
          "dns_domain_name_freq: high"
        ],
        "cluster_novel": "no",
        "cluster_reason": "unknown",
        "alt_hypothesis": "unknown",
        "attack_ref": "unknown"
      },
      "B": {
        "label": 0,
        "self_conf": 0.2,
        "rationale": "I agree with the tri-view label because the cluster is dense and has a high density.",
        "key_features": "dst_ip_freq: high, dns_domain_name_freq: low, duration: long, max_packets_len: high",
        "cluster_novel": "yes",
        "cluster_reason": "high density",
        "alt_hypothesis": "burst scan",
        "attack_ref": "DDoS"
      },
      "C": {
        "label": 0,
        "self_conf": 0.2,
        "rationale": "Low density of dst_ip_freq and dns_domain_name_freq",
        "key_features": "dst_ip_freq: high, dns_domain_name_freq: high",
        "cluster_novel": "no",
        "cluster_reason": "Low density of both features",
        "alt_hypothesis": "Unknown",
        "attack_ref": "Low density of dst_ip_freq and dns_domain_name_freq"
      }
    },
    "R2": {
      "A": {
        "self_conf_before": 0.2,
        "peer_scores": 0.2,
        "critique": "I agree with the tri-view label because the cluster is dense and has a high density.",
        "revise_label": {
          "changed": true,
          "new_label": 0,
          "reason": "Low density of dst_ip_freq and dns_domain_name_freq"
        },
        "self_conf_after": 0.2,
        "clarifying_question": "What factors contributed to the low density of dst_ip_freq and dns_domain_name_freq in the cluster?"
      },
      "B": {
        "self_conf_before": 0.2,
        "peer_scores": 0.2,
        "critique": "I agree with the tri-view label because the cluster is dense and has a high density.",
        "changed": false,
        "new_label": 0,
        "reason": "I changed my label because the peer's rationale was more convincing.",
        "self_conf_after": 0.2,
        "clarifying_question": "What is the significance of the cluster ID 168?"
      },
      "C": {
        "self_conf_before": 0.2,
        "peer_scores": [
          0.2,
          0.2
        ],
        "critique": "The rationale does not fully support the label. The attacker used a combination of IP addresses and packet length, which could be indicative of both an IP-based and a DDoS attack. Additionally, the cluster ID and time of day suggest a higher likelihood of an attacker, but more information is needed to make a conclusive prediction.",
        "changed": true,
        "new_label": 1,
        "reason": "The rationale partially supports the label, but more evidence is needed to confirm the combined attack type and attacker characteristics.",
        "self_conf_after": 0.4,
        "clarifying_question": "What other factors could contribute to the high density of both IP addresses and packet length?"
      }
    },
    "R3": {
      "A": {},
      "B": {},
      "C": {
        "label": 0,
        "self_conf": 0.2,
        "rationale": "Low density of dst_ip_freq and dns_domain_name_freq",
        "key_features": "dst_ip_freq: high, dns_domain_name_freq: high",
        "cluster_novel": "no",
        "cluster_reason": "Low density of both features",
        "alt_hypothesis": "Unknown",
        "attack_ref": "Low density of dst_ip_freq and dns_domain_name_freq"
      }
    },
    "judge": {
      "final_label": 0,
      "confidence": 0.2,
      "winning_agent": "C",
      "reason": "Although all agents agree on the label, Agent C's rationale is more specific and directly addresses the low density of dst_ip_freq and dns_domain_name_freq, which is a key feature in the data."
    }
  }
}