{
  "sample_summary": {
    "sample_id": "28-6",
    "tri_view_label": 1,
    "slm_final_vote": 1,
    "confidence": 0.4,
    "referee_label": 1
  },
  "debate_dynamics": {
    "dominant_agent": "A",
    "least_agent": "C"
  },
  "_rounds": {
    "R1": {
      "A": {
        "label": 1,
        "self_conf": 0.2,
        "rationale": "The anomaly is a tri-view label with a tri-view label ID of 208, a cluster ID of 208, and a cluster size of 414. The cluster density is 1.9912533460440025, and the cluster distribution is 0.5780059578325004.",
        "key_features": [
          "dst_ip_freq: -1.177564934372228",
          "dns_domain_name_freq: -0.7119602307056717",
          "duration: -0.1918155587663005",
          "max_packets_len: -1.31407534660067"
        ],
        "cluster_novel": "yes",
        "cluster_reason": "unusual size",
        "alt_hypothesis": "false positive",
        "attack_ref": "DDoS"
      },
      "B": {
        "label": 1,
        "self_conf": 0.2,
        "rationale": "I agree with the tri-view label because the cluster ID is 208, which is a known attack type.",
        "key_features": "dst_ip_freq: high, dns_domain_name_freq: low, duration: short, max_packets_len: high",
        "cluster_novel": "yes",
        "cluster_reason": "low density",
        "alt_hypothesis": "burst scan",
        "attack_ref": "DDoS"
      },
      "C": {
        "label": 1,
        "self_conf": 0.2,
        "rationale": "High packet frequency during weekends",
        "key_features": "dst_ip_freq: high",
        "cluster_novel": "no",
        "cluster_reason": "Low density",
        "alt_hypothesis": "Possible malware activity",
        "attack_ref": "Malware"
      }
    },
    "R2": {
      "A": {
        "self_conf_before": 0.2,
        "peer_scores": 0.2,
        "critique": "The anomaly is a tri-view label with a tri-view label ID of 208, a cluster ID of 208, and a cluster size of 414. The cluster density is 1.9912533460440025, and the cluster distribution is 0.5780059578325004.",
        "revise_label": {
          "changed": true,
          "new_label": 1,
          "reason": "High packet frequency during weekends"
        },
        "self_conf_after": 0.2,
        "clarifying_question": "Is the anomaly a tri-view label with a tri-view label ID of 208, a cluster ID of 208, and a cluster size of 414, or is it a different type of attack?"
      },
      "B": {
        "self_conf_before": 0.2,
        "peer_scores": 0.2,
        "critique": "I agree with the tri-view label because the cluster ID is 208, which is a known attack type.",
        "changed": false,
        "new_label": 1,
        "reason": "I changed my label because the cluster ID is a known attack type.",
        "self_conf_after": 0.2,
        "clarifying_question": "What is the cluster ID of the known attack type?"
      },
      "C": {
        "self_conf_before": 0.2,
        "peer_scores": [
          0.2,
          0.2
        ],
        "critique": "I agree with the peers that the anomaly is a tri-view label with a tri-view label ID of 208, a cluster ID of 208, and a cluster size of 414. The cluster density is 1.9912533460440025, and the cluster distribution is 0.5780059578325004.",
        "changed": true,
        "new_label": 1,
        "reason": "I changed the label to 1 because the revised confidence (0.4) is higher than the original confidence (0.2). The revised rationale also supports the change to 1.",
        "self_conf_after": 0.4,
        "clarifying_question": "Is the cluster distribution 0.5780059578325004 within the normal range (0.1-0.3) for this attack type?"
      }
    },
    "R3": {
      "A": {},
      "B": {
        "need_more_info": false,
        "questions": []
      },
      "C": {
        "label": 1,
        "self_conf": 0.4,
        "rationale": "Possible malware activity",
        "key_features": "dst_ip_freq: high",
        "cluster_novel": "no",
        "cluster_reason": "Low density",
        "alt_hypothesis": "Possible malware activity",
        "attack_ref": "Malware"
      }
    },
    "judge": {
      "final_label": 1,
      "confidence": 0.4,
      "winning_agent": "C",
      "reason": "Agent C's revised label and confidence level are the highest among the agents, and their rationale of 'Possible malware activity' aligns with the tri-view label's attack reference of 'Malware'."
    }
  }
}