{
  "sample_summary": {
    "sample_id": "28-8",
    "tri_view_label": 0,
    "slm_final_vote": 1,
    "confidence": 0.8,
    "referee_label": 1
  },
  "debate_dynamics": {
    "dominant_agent": "A",
    "least_agent": "C"
  },
  "_rounds": {
    "R1": {
      "A": {
        "label": 0,
        "self_conf": 0.2,
        "rationale": "The maximum number of packets sent in a single second is 545, with a density of 2.059845799409295. The cluster ID is 124, with a size of 545 and a density of 2.059845799409295.",
        "key_features": [
          "dst_ip_freq: -1.177564934372228",
          "dns_domain_name_freq: -0.7119602307056717"
        ],
        "cluster_novel": "no",
        "cluster_reason": "unknown",
        "alt_hypothesis": "burst scan",
        "attack_ref": "DDoS"
      },
      "B": {
        "label": 0,
        "self_conf": 0.2,
        "rationale": "I agree with the tri-view label because the cluster is dense and has a high density.",
        "key_features": "dst_ip_freq: high, dns_domain_name_freq: low, duration: long, max_packets_len: high",
        "cluster_novel": "yes",
        "cluster_reason": "high density",
        "alt_hypothesis": "burst scan",
        "attack_ref": "DDoS"
      },
      "C": {
        "label": 0,
        "self_conf": 0.2,
        "rationale": "Low packet density on Sunday",
        "key_features": "dst_ip_freq: high",
        "cluster_novel": "no",
        "cluster_reason": "Low density",
        "alt_hypothesis": "Possibly due to high traffic on weekends",
        "attack_ref": "unknown"
      }
    },
    "R2": {
      "A": {
        "self_conf_before": 0.2,
        "peer_scores": 0.2,
        "critique": "The maximum number of packets sent in a single second is 545, with a density of 2.059845799409295. The cluster ID is 124, with a size of 545 and a density of 2.059845799409295.",
        "revise_label": {
          "changed": true,
          "new_label": 0,
          "reason": "The cluster ID is 124, with a size of 545 and a density of 2.059845799409295."
        },
        "self_conf_after": 0.2,
        "clarifying_question": "What is the density of the cluster ID 124, with a size of 545 and a density of 2.059845799409295?"
      },
      "B": {
        "self_conf_before": 0.2,
        "peer_scores": 0.2,
        "critique": "I agree with the tri-view label because the cluster is dense and has a high density.",
        "changed": false,
        "new_label": 0,
        "reason": "I changed my label because the cluster is dense and has a high density.",
        "self_conf_after": 0.2,
        "clarifying_question": "What is the cluster size?"
      },
      "C": {
        "self_conf_before": 0.2,
        "peer_scores": [
          0.2,
          0.2
        ],
        "critique": "The rationale suggests a possible attack based on the high packet density, but the cluster size and density are not consistent with a typical attack pattern.",
        "changed": true,
        "new_label": 1,
        "reason": "The cluster density and density are too high to be consistent with a typical attack pattern, suggesting a potential outlier attack.",
        "self_conf_after": 0.8,
        "clarifying_question": "Could the outlier attack be due to a specific attack pattern that is not covered by the existing cluster features?"
      }
    },
    "R3": {
      "A": {},
      "B": {
        "need_more_info": false,
        "questions": []
      },
      "C": {
        "label": 1,
        "self_conf": 0.8,
        "rationale": "High packet density on weekends",
        "key_features": "dst_ip_freq: high",
        "cluster_novel": "no",
        "cluster_reason": "High density",
        "alt_hypothesis": "Possibly due to high traffic on weekends",
        "attack_ref": "unknown"
      }
    },
    "judge": {
      "final_label": 1,
      "confidence": 0.8,
      "winning_agent": "C",
      "reason": "Agent C's hypothesis of 'High packet density on weekends' aligns with the observation of an anomalous pattern, as the high packet density is not consistent with typical attack patterns."
    }
  }
}