{
  "sample_summary": {
    "sample_id": "28-9",
    "tri_view_label": 0,
    "slm_final_vote": 0,
    "confidence": 0.5,
    "referee_label": 0
  },
  "debate_dynamics": {
    "dominant_agent": "A",
    "least_agent": "C"
  },
  "_rounds": {
    "R1": {
      "A": {
        "label": 0,
        "self_conf": 0.2,
        "rationale": "The attacker used a combination of IP addresses with high frequency in the DNS domain name and low frequency in the DDoS attack. The attacker also used a high duration and a low maximum packet length. The cluster ID is 68, with a size of 588 and a density of 2.248074833122767. The attack was tri-view, with a confidence of 0.2.",
        "key_features": [
          "dst_ip_freq: high",
          "dns_domain_name_freq: high"
        ],
        "cluster_novel": "yes",
        "cluster_reason": "low density",
        "alt_hypothesis": "burst scan",
        "attack_ref": "DDoS"
      },
      "B": {
        "label": 0,
        "self_conf": 0.2,
        "rationale": "I agree with the tri-view label because the cluster is dense and has a high density.",
        "key_features": "dst_ip_freq: high, dns_domain_name_freq: low, duration: long, max_packets_len: high",
        "cluster_novel": "yes",
        "cluster_reason": "high density",
        "alt_hypothesis": "false positive",
        "attack_ref": "unknown"
      },
      "C": {
        "label": 0,
        "self_conf": 0.2,
        "rationale": "Low density of dst_ip_freq and dns_domain_name_freq",
        "key_features": "dst_ip_freq: high, dns_domain_name_freq: high",
        "cluster_novel": "no",
        "cluster_reason": "Low density of both features",
        "alt_hypothesis": "Unknown",
        "attack_ref": "Low density of dst_ip_freq and dns_domain_name_freq"
      }
    },
    "R2": {
      "A": {
        "self_conf_before": 0.2,
        "peer_scores": 0.2,
        "critique": "I agree with the tri-view label because the cluster is dense and has a high density.",
        "revise_label": {
          "changed": false,
          "new_label": 0,
          "reason": "Low density of dst_ip_freq and dns_domain_name_freq"
        },
        "self_conf_after": 0.2,
        "clarifying_question": "What is the reason for the change in label from 0 to 0?"
      },
      "B": {
        "self_conf_before": 0.2,
        "peer_scores": 0.2,
        "critique": "I agree with the tri-view label because the cluster is dense and has a high density.",
        "changed": false,
        "new_label": 0,
        "reason": "I changed my label because the cluster is dense and has a high density.",
        "self_conf_after": 0.2,
        "clarifying_question": "What is the cluster ID?"
      },
      "C": {
        "self_conf_before": 0.2,
        "peer_scores": [
          0.2,
          0.2
        ],
        "critique": "My rationale seems to be consistent with the observations made by my peers. However, I am not fully convinced by the tri-view label, as the cluster size and density are somewhat lower than predicted.",
        "changed": false,
        "new_label": 1,
        "reason": "I have revised my rationale to take into account the observations of my peers, particularly the tri-view label which suggests a more complex attack strategy.",
        "self_conf_after": 0.5,
        "clarifying_question": "Could the attackers be using a combination of IP addresses and port numbers in the DNS domain name and DDoS attack?"
      }
    },
    "R3": {
      "A": {
        "need_more_info": true,
        "questions": [
          {
            "label": 0,
            "self_conf": 0.2,
            "rationale": "The attacker used a combination of IP addresses with high frequency in the DNS domain name and low frequency in the DDoS attack. The attacker also used a high duration and a low maximum packet length. The cluster ID is 68, with a size of 588 and a density of 2.248074833122767. The attack was tri-view, with a confidence of 0.2.",
            "key_features": [
              "dst_ip_freq: high",
              "dns_domain_name_freq: high"
            ],
            "cluster_novel": "yes",
            "cluster_reason": "low density",
            "alt_hypothesis": "burst scan",
            "attack_ref": "DDoS"
          },
          {
            "label": 1,
            "self_conf": 0.5,
            "rationale": "My rationale seems to be consistent with the observations made by my peers. However, I am not fully convinced by the tri-view label, as the cluster size and density are somewhat lower than predicted.",
            "key_features": [
              "dst_ip_freq: high",
              "dns_domain_name_freq: high"
            ],
            "cluster_novel": "no",
            "cluster_reason": "low density",
            "alt_hypothesis": "burst scan",
            "attack_ref": "DDoS"
          }
        ],
        "key_features": [
          "dst_ip_freq: high",
          "dns_domain_name_freq: high"
        ],
        "cluster_novel": "yes",
        "cluster_reason": "low density",
        "alt_hypothesis": "burst scan",
        "attack_ref": "DDoS"
      },
      "B": {},
      "C": {
        "label": 0,
        "self_conf": 0.2,
        "rationale": "Low density of dst_ip_freq and dns_domain_name_freq",
        "key_features": "dst_ip_freq: high, dns_domain_name_freq: high",
        "cluster_novel": "no",
        "cluster_reason": "Low density of both features",
        "alt_hypothesis": "Unknown",
        "attack_ref": "Low density of dst_ip_freq and dns_domain_name_freq"
      }
    },
    "judge": {
      "final_label": 0,
      "confidence": 0.5,
      "winning_agent": "C",
      "reason": "Although all agents agree on the tri-view label, Agent C's rationale of low density for both features is more specific and justifiable, as it directly addresses the given data. The other agents' rationales are less clear or inconsistent."
    }
  }
}