{
  "sample_summary": {
    "sample_id": "29-0",
    "tri_view_label": 1,
    "slm_final_vote": 1,
    "confidence": 0.8,
    "referee_label": 1
  },
  "debate_dynamics": {
    "dominant_agent": "A",
    "least_agent": "B"
  },
  "_rounds": {
    "R1": {
      "A": {
        "label": 1,
        "self_conf": 0.2,
        "rationale": "The anomaly detected in the tri-view label is an anomaly with a size of 144 packets, a density of 5.652507228601773, and a distance of 0.1805909658012417. The cluster ID is 232, and the time is Weekday (Sunday).",
        "key_features": [
          "dst_ip_freq: -0.3183606169854546",
          "dns_domain_name_freq: 1.4045859516912094",
          "duration: -0.1919548510194181",
          "max_packets_len: 0.6938876922705691"
        ],
        "cluster_novel": "unknown",
        "cluster_reason": "unknown",
        "alt_hypothesis": "burst scan",
        "attack_ref": "DDoS"
      },
      "B": {
        "label": 1,
        "self_conf": 0.2,
        "rationale": "I agree with the tri-view label because the cluster ID is 232, which is a known anomaly. The cluster size is 144, which is larger than the average cluster size of 5.652, and the density is 5.652, which is higher than the average density of 5.652. The cluster is also located in the same time zone as the tri-view label, which is Sunday. Therefore, I think the cluster is a malicious cluster that belongs to the same attack type as the tri-view label, which is DDoS.",
        "key_features": "dst_ip_freq: high, dns_domain_name_freq: high, duration: high, max_packets_len: high",
        "cluster_novel": "yes",
        "cluster_reason": "high density",
        "alt_hypothesis": "DDoS",
        "attack_ref": "DDoS"
      },
      "C": {
        "label": 1,
        "self_conf": 0.2,
        "rationale": "Low density of dst_ip_freq and dns_domain_name_freq",
        "key_features": "dst_ip_freq: high, dns_domain_name_freq: low",
        "cluster_novel": "no",
        "cluster_reason": "Low density of both features suggests a potential attack",
        "alt_hypothesis": "Possible DNS cache poisoning attack",
        "attack_ref": "DNS cache poisoning"
      }
    },
    "R2": {
      "A": {
        "self_conf_before": 0.2,
        "peer_scores": 0.2,
        "critique": "I agree with the tri-view label because the cluster ID is 232, which is a known anomaly. The cluster size is 144, which is larger than the average cluster size of 5.652, and the density is 5.652, which is higher than the average density of 5.652. The cluster is also located in the same time zone as the tri-view label, which is Sunday. Therefore, I think the cluster is a malicious cluster that belongs to the same attack type as the tri-view label, which is DDoS.",
        "revise_label": {
          "changed": true,
          "new_label": 1,
          "reason": "Low density of dst_ip_freq and dns_domain_name_freq"
        },
        "self_conf_after": 0.2,
        "clarifying_question": "Why do you think the cluster is a malicious cluster that belongs to the same attack type as the tri-view label, which is DDoS?"
      },
      "B": {
        "revise_label": {
          "changed": false,
          "new_label": null,
          "reason": ""
        }
      },
      "C": {
        "self_conf_before": 0.2,
        "peer_scores": 0.2,
        "critique": "I agree with the tri-view label because the cluster ID is 232, which is a known anomaly. The cluster size is 144, which is larger than the average cluster size of 5.652, and the density is 5.652, which is higher than the average density of 5.652. The cluster is also located in the same time zone as the tri-view label, which is Sunday. Therefore, I think the cluster is a malicious cluster that belongs to the same attack type as the tri-view label, which is DDoS.",
        "changed": true,
        "new_label": 1,
        "reason": "I have confirmed the tri-view label and the cluster ID, which is a known anomaly, suggesting a DDoS attack. The density and location of the cluster also align with the characteristics of a DDoS attack.",
        "self_conf_after": 0.8,
        "clarifying_question": "Is there any evidence other than the cluster ID and time zone that could confirm the malicious intent of the cluster?"
      }
    },
    "R3": {
      "A": {},
      "B": {
        "need_more_info": false,
        "questions": [
          "Is there any evidence other than the cluster ID and time zone that could confirm the malicious intent of the cluster?"
        ]
      },
      "C": {
        "label": 1,
        "self_conf": 0.2,
        "rationale": "Low density of dst_ip_freq and dns_domain_name_freq",
        "key_features": "dst_ip_freq: high, dns_domain_name_freq: low",
        "cluster_novel": "no",
        "cluster_reason": "Low density of both features suggests a potential attack",
        "alt_hypothesis": "Possible DNS cache poisoning attack",
        "attack_ref": "DNS cache poisoning"
      }
    },
    "judge": {
      "final_label": 1,
      "confidence": 0.8,
      "winning_agent": "C",
      "reason": "Agent C's revised label is based on the low density of dst_ip_freq and dns_domain_name_features, which is a valid reason to suspect a potential DNS cache poisoning attack. Although Agents A and B also suspect a DDoS attack, their justifications are based on the same known anomaly (cluster ID 232) and time zone (Sunday), which does not provide enough unique evidence to confirm the malicious intent of the cluster."
    }
  }
}