{
  "sample_summary": {
    "sample_id": "29-1",
    "tri_view_label": 1,
    "slm_final_vote": 1,
    "confidence": 0.8,
    "referee_label": 1
  },
  "debate_dynamics": {
    "dominant_agent": "A",
    "least_agent": "B"
  },
  "_rounds": {
    "R1": {
      "A": {
        "label": 1,
        "self_conf": 0.2,
        "rationale": "The anomaly detected in the tri-view label is an anomaly with a size of 208 and a density of 1.7469662330783686. The cluster ID is 268, and the time is Weekday (Sunday).",
        "key_features": [
          "dst_ip_freq: -1.177564934372228",
          "dns_domain_name_freq: -0.7119602307056717",
          "duration: -0.19224265274501",
          "max_packets_len: -3.322038385471909"
        ],
        "cluster_novel": "no",
        "cluster_reason": "unusual size",
        "alt_hypothesis": "false positive",
        "attack_ref": "unknown"
      },
      "B": {},
      "C": {
        "label": 1,
        "self_conf": 0.2,
        "rationale": "Low packet density on Sunday",
        "key_features": "dst_ip_freq: high,duration: negative",
        "cluster_novel": "no",
        "cluster_reason": "Low density",
        "alt_hypothesis": "Possibly malicious activity",
        "attack_ref": "unknown"
      }
    },
    "R2": {
      "A": {
        "self_conf_before": 0.2,
        "peer_scores": 0.2,
        "critique": "The anomaly detected in the tri-view label is an anomaly with a size of 208 and a density of 1.7469662330783686. The cluster ID is 268, and the time is Weekday (Sunday).",
        "revise_label": {
          "changed": true,
          "new_label": 1,
          "reason": "Low packet density on Sunday"
        },
        "self_conf_after": 0.2,
        "clarifying_question": "What is the reason for the label change from 1 to 1 based on the peer responses?"
      },
      "B": {
        "revise_label": {
          "changed": false,
          "new_label": null,
          "reason": ""
        }
      },
      "C": {
        "self_conf_before": 0.2,
        "peer_scores": [
          0.2,
          null
        ],
        "critique": "The rationale suggests a possible malicious activity, but the cluster size and time of day are not consistent with typical anomalies.",
        "changed": true,
        "new_label": 1,
        "reason": "The cluster size and time of day suggest a potential malicious activity, but the rationale is weak due to the lack of consistent anomalies.",
        "self_conf_after": 0.8,
        "clarifying_question": "Could the anomaly be caused by a legitimate but undetected factor, such as a temporary spike in traffic?"
      }
    },
    "R3": {
      "A": {},
      "B": {},
      "C": {}
    },
    "judge": {
      "final_label": 1,
      "confidence": 0.8,
      "winning_agent": "C",
      "reason": "Agent C's revised label and reasoning, suggesting potential malicious activity based on the cluster size and time of day, despite the weak rationale, is more compelling than Agent A's initial label based on anomaly size and density alone."
    }
  }
}