{
  "sample_summary": {
    "sample_id": "29-4",
    "tri_view_label": 0,
    "slm_final_vote": 1,
    "confidence": 0.8,
    "referee_label": 1
  },
  "debate_dynamics": {
    "dominant_agent": "A",
    "least_agent": "C"
  },
  "_rounds": {
    "R1": {
      "A": {
        "label": 0,
        "self_conf": 0.2,
        "rationale": "The attacker is using a smaller packet size to evade detection, which suggests that they are using a different technique than the one used in the previous attack. This suggests that the attacker is using a different technique to evade detection, possibly due to a change in the target's infrastructure or a new vulnerability.",
        "key_features": [
          "dst_ip_freq: high",
          "dns_domain_name_freq: high"
        ],
        "cluster_novel": "yes",
        "cluster_reason": "low density",
        "alt_hypothesis": "burst scan",
        "attack_ref": "DDoS"
      },
      "B": {
        "label": 0,
        "self_conf": 0.2,
        "rationale": "I agree with the tri-view label because the cluster is dense and has a high density.",
        "key_features": "dst_ip_freq: high, dns_domain_name_freq: low, duration: high, max_packets_len: high",
        "cluster_novel": "yes",
        "cluster_reason": "high density",
        "alt_hypothesis": "false positive",
        "attack_ref": "unknown"
      },
      "C": {
        "label": 0,
        "self_conf": 0.2,
        "rationale": "Low packet density on Sunday",
        "key_features": "dst_ip_freq: high",
        "cluster_novel": "no",
        "cluster_reason": "Low density",
        "alt_hypothesis": "Possibly malicious activity",
        "attack_ref": "Low density attack"
      }
    },
    "R2": {
      "A": {
        "self_conf_before": 0.2,
        "peer_scores": 0.2,
        "critique": "The attacker is using a smaller packet size to evade detection, which suggests that they are using a different technique than the one used in the previous attack. This suggests that the attacker is using a different technique to evade detection, possibly due to a change in the target's infrastructure or a new vulnerability.",
        "revise_label": {
          "changed": true,
          "new_label": 1,
          "reason": "The attacker is using a smaller packet size to evade detection, which suggests that they are using a different technique than the one used in the previous attack. This suggests that the attacker is using a different technique to evade detection, possibly due to a change in the target's infrastructure or a new vulnerability."
        },
        "self_conf_after": 0.2,
        "clarifying_question": "What is the new technique used by the attacker to evade detection, and how does it differ from the previous attack?"
      },
      "B": {
        "self_conf_before": 0.2,
        "peer_scores": 0.2,
        "critique": "I agree with the tri-view label because the cluster is dense and has a high density.",
        "changed": false,
        "new_label": 0,
        "reason": "I have not changed my label.",
        "self_conf_after": 0.2,
        "clarifying_question": "What is the reason for the low packet density on Sunday?"
      },
      "C": {
        "self_conf_before": 0.2,
        "peer_scores": [
          0.2,
          0.2
        ],
        "critique": "I agree with the tri-view label because the cluster is dense and has a high density.",
        "changed": true,
        "new_label": 1,
        "reason": "I changed my label to 1 because the cluster density and high density suggest a more likely attack compared to the previous low density attack.",
        "self_conf_after": 0.8,
        "clarifying_question": "Is the cluster density the only factor that determines the label, or are there other contributing factors such as the distribution of packet sizes or the presence of specific features?"
      }
    },
    "R3": {
      "A": {},
      "B": {},
      "C": {
        "label": 1,
        "self_conf": 0.8,
        "rationale": "High packet density on Sunday",
        "key_features": "dst_ip_freq: high",
        "cluster_novel": "no",
        "cluster_reason": "High density",
        "alt_hypothesis": "Possible malicious activity",
        "attack_ref": "High density attack"
      }
    },
    "judge": {
      "final_label": 1,
      "confidence": 0.8,
      "winning_agent": "C",
      "reason": "Agent C's high confidence and clear justification based on the high packet density on Sunday, which is a key feature of the attack, make it the winning agent."
    }
  }
}