{
  "sample_summary": {
    "sample_id": "29-5",
    "tri_view_label": 1,
    "slm_final_vote": 1,
    "confidence": 0.8,
    "referee_label": 1
  },
  "debate_dynamics": {
    "dominant_agent": "A",
    "least_agent": "C"
  },
  "_rounds": {
    "R1": {
      "A": {
        "label": 1,
        "self_conf": 0.2,
        "rationale": "Anomaly detected due to high frequency of destination IPs and DNS domain names in the sample.",
        "key_features": [
          "dst_ip_freq: high",
          "dns_domain_name_freq: high"
        ],
        "cluster_novel": "unknown",
        "cluster_reason": "unusual size",
        "alt_hypothesis": "burst scan",
        "attack_ref": "DDoS"
      },
      "B": {
        "label": 1,
        "self_conf": 0.2,
        "rationale": "I agree with the tri-view label because the sample is far from the cluster centroid and in a sparse cluster.",
        "key_features": "dst_ip_freq: high, dns_domain_name_freq: high, duration: high, max_packets_len: high",
        "cluster_novel": "yes",
        "cluster_reason": "sample is far from cluster centroid and in a sparse cluster",
        "alt_hypothesis": "burst scan",
        "attack_ref": "DDoS"
      },
      "C": {
        "label": 1,
        "self_conf": 0.2,
        "rationale": "Low density of dst_ip_freq and dns_domain_name_freq",
        "key_features": "dst_ip_freq: high, dns_domain_name_freq: low",
        "cluster_novel": "no",
        "cluster_reason": "Low density of features",
        "alt_hypothesis": "Possible malicious activity",
        "attack_ref": "Low density of features"
      }
    },
    "R2": {
      "A": {
        "self_conf_before": 0.2,
        "peer_scores": 0.2,
        "critique": "Anomaly detected due to high frequency of destination IPs and DNS domain names in the sample. The sample is far from the cluster centroid and in a sparse cluster. Low density of dst_ip_freq and dns_domain_name_freq. ",
        "revise_label": {
          "changed": true,
          "new_label": 1,
          "reason": "Low density of dst_ip_freq and dns_domain_name_freq"
        },
        "self_conf_after": 0.2,
        "clarifying_question": "What is the reason for the low density of dst_ip_freq and dns_domain_name_freq in the sample, and how does it affect the anomaly detection?"
      },
      "B": {
        "self_conf_before": 0.2,
        "peer_scores": 0.2,
        "critique": "I agree with the tri-view label because the sample is far from the cluster centroid and in a sparse cluster.",
        "changed": false,
        "new_label": 1,
        "reason": "I changed my label because the sample is far from the cluster centroid and in a sparse cluster.",
        "self_conf_after": 0.2,
        "clarifying_question": "What is the threshold for sparse cluster?"
      },
      "C": {
        "self_conf_before": 0.2,
        "peer_scores": [
          0.2,
          0.2
        ],
        "critique": "I agree with the peers that the sample is an anomaly due to the high density of destination IPs and DNS domain names. However, my rationale is based on the low density of features rather than the high density of features.",
        "changed": true,
        "new_label": 1,
        "reason": "I changed the label to 1 because the sample exhibits characteristics of a malicious attack, even though the high density of features is not directly present.",
        "self_conf_after": 0.8,
        "clarifying_question": "Could the high density of features be explained by a legitimate but unusual distribution of these features across the cluster?"
      }
    },
    "R3": {
      "A": {},
      "B": {
        "self_conf": 0.2,
        "peer_scores": 0.2,
        "critique": "I agree with the peers that the sample is an anomaly due to the high density of destination IPs and DNS domain names.",
        "changed": false,
        "new_label": 1,
        "reason": "I changed my label because the sample is an anomaly due to the high density of destination IPs and DNS domain names.",
        "self_conf_after": 0.2,
        "clarifying_question": "Could the high density of features be explained by a legitimate but unusual distribution of these features across the cluster?"
      },
      "C": {
        "label": 1,
        "self_conf": 0.8,
        "rationale": "Possible malicious activity",
        "key_features": "dst_ip_freq: high, dns_domain_name_freq: low",
        "cluster_novel": "no",
        "cluster_reason": "Low density of features",
        "alt_hypothesis": "Possible malicious activity",
        "attack_ref": "Low density of features"
      }
    },
    "judge": {
      "final_label": 1,
      "confidence": 0.8,
      "winning_agent": "C",
      "reason": "Agent C's label and confidence are highest among the agents, and their rationale of possible malicious activity based on the low density of features aligns with their initial hypothesis."
    }
  }
}