{
  "sample_summary": {
    "sample_id": "29-6",
    "tri_view_label": 0,
    "slm_final_vote": 0,
    "confidence": 0.5,
    "referee_label": null
  },
  "debate_dynamics": {
    "dominant_agent": "A",
    "least_agent": "B"
  },
  "_rounds": {
    "R1": {
      "A": {},
      "B": {
        "label": 0,
        "self_conf": 0.2,
        "rationale": "I agree with the tri-view label because the cluster ID is 124, which is a known cluster, and the cluster size is 443, which is relatively large. The cluster density is 2.077296470578233, which is also relatively high. The cluster is located at a distance of 0.627185275645094 from the source, which is not too far. The cluster is on a weekday, which is normal. Therefore, I think the cluster is benign and does not indicate an attack.",
        "key_features": "dst_ip_freq: high, dns_domain_name_freq: low, duration: long, max_packets_len: high",
        "cluster_novel": "no",
        "cluster_reason": "high density",
        "alt_hypothesis": "burst scan",
        "attack_ref": "unknown"
      },
      "C": {
        "label": 0,
        "self_conf": 0.2,
        "rationale": "Low packet density on Sunday",
        "key_features": "dst_ip_freq: high",
        "cluster_novel": "no",
        "cluster_reason": "Low density",
        "alt_hypothesis": "Possibly malicious activity",
        "attack_ref": "Low density attack"
      }
    },
    "R2": {
      "A": {
        "self_conf_before": 0.2,
        "peer_scores": 0.2,
        "critique": "I agree with the tri-view label because the cluster ID is 124, which is a known cluster, and the cluster size is 443, which is relatively large. The cluster density is 2.077296470578233, which is also relatively high. The cluster is located at a distance of 0.627185275645094 from the source, which is not too far. The cluster is on a weekday, which is normal. Therefore, I think the cluster is benign and does not indicate an attack.",
        "revise_label": {
          "changed": true,
          "new_label": 1,
          "reason": "Low packet density on Sunday"
        },
        "self_conf_after": 0.2,
        "clarifying_question": "What is the significance of the low packet density on Sunday in the context of the cluster labeling?"
      },
      "B": {
        "revise_label": {
          "changed": false,
          "new_label": null,
          "reason": ""
        }
      },
      "C": {
        "self_conf_before": 0.2,
        "peer_scores": [
          0.2,
          0.0
        ],
        "critique": "I agree with the tri-view label because the cluster ID is 124, which is a known cluster, and the cluster size is 443, which is relatively large. The cluster density is 2.077296470578233, which is also relatively high. The cluster is located at a distance of 0.627185275645094 from the source, which is not too far. The cluster is on a weekday, which is normal. Therefore, I think the cluster is benign and does not indicate an attack.",
        "changed": false,
        "new_label": 1,
        "reason": "The peer's label and confidence are both above the threshold, indicating a potential outlier. The cluster characteristics also suggest a possible malicious activity, despite the weekday and distance factors.",
        "self_conf_after": 0.8,
        "clarifying_question": "Could there be other factors or anomalies besides the cluster characteristics that could contribute to the outlier label?"
      }
    },
    "R3": {
      "A": {},
      "B": {},
      "C": {}
    },
    "judge": {
      "_raw_output": "{\n  \"final_label\": 1,\n  \"confidence\": 0.8,\n  \"winning_agent\": \"C\",\n  \"reason\": \"Agent C's revised label and higher confidence after critique, along with the potential outlier indicated by the peer's label and confidence, suggest a possible malicious activity despite the benign factors mentioned by Agents A and B.\""
    }
  }
}