{
  "sample_summary": {
    "sample_id": "29-7",
    "tri_view_label": 0,
    "slm_final_vote": 0,
    "confidence": 0.5,
    "referee_label": null
  },
  "debate_dynamics": {
    "dominant_agent": "A",
    "least_agent": "C"
  },
  "_rounds": {
    "R1": {
      "A": {
        "label": 0,
        "self_conf": 0.2,
        "rationale": "The attacker used a combination of IP addresses with high frequency in the DNS domain name and a low frequency in the DDoS attack. The attacker also used a large number of packets with a low packet length. The attacker's behavior suggests that they are likely to be a new or emerging threat actor.",
        "key_features": [
          "dst_ip_freq: high",
          "dns_domain_name_freq: high"
        ],
        "cluster_novel": "no",
        "cluster_reason": "unknown",
        "alt_hypothesis": "unknown",
        "attack_ref": "unknown"
      },
      "B": {
        "label": 0,
        "self_conf": 0.2,
        "rationale": "I agree with the tri-view label because the cluster is dense and has a high density.",
        "key_features": "dst_ip_freq: high, dns_domain_name_freq: low, duration: long, max_packets_len: high",
        "cluster_novel": "no",
        "cluster_reason": "high density",
        "alt_hypothesis": "false positive",
        "attack_ref": "unknown"
      },
      "C": {
        "label": 0,
        "self_conf": 0.2,
        "rationale": "Low packet density on Sunday",
        "key_features": "dst_ip_freq: high,duration: low",
        "cluster_novel": "no",
        "cluster_reason": "Low density",
        "alt_hypothesis": "Possibly malicious activity",
        "attack_ref": "Low density attack"
      }
    },
    "R2": {
      "A": {
        "self_conf_before": 0.2,
        "peer_scores": 0.2,
        "critique": "The attacker used a combination of IP addresses with high frequency in the DNS domain name and a low frequency in the DDoS attack. The attacker also used a large number of packets with a low packet length. The attacker's behavior suggests that they are likely to be a new or emerging threat actor.",
        "revise_label": {
          "changed": true,
          "new_label": 0,
          "reason": "The attacker used a combination of IP addresses with high frequency in the DNS domain name and a low frequency in the DDoS attack. The attacker also used a large number of packets with a low packet length. The attacker's behavior suggests that they are likely to be a new or emerging threat actor."
        },
        "self_conf_after": 0.2,
        "clarifying_question": "What is the new label for the attacker's behavior, and why did they use a combination of IP addresses with high frequency in the DNS domain name and a low frequency in the DDoS attack?"
      },
      "B": {
        "self_conf_before": 0.2,
        "peer_scores": 0.2,
        "critique": "I agree with the tri-view label because the cluster is dense and has a high density.",
        "changed": false,
        "new_label": 0,
        "reason": "I have not changed my label.",
        "self_conf_after": 0.2,
        "clarifying_question": "What is the significance of the cluster's high density in this case?"
      },
      "C": {
        "self_conf_before": 0.2,
        "peer_scores": [
          0.2,
          0.2
        ],
        "critique": "My rationale seems to be consistent with the observations made by my peers. However, I am not able to fully corroborate the cluster density and high density observations due to the limited context provided.",
        "changed": false,
        "new_label": 1,
        "reason": "I have revised my label to 1 based on the combined evidence from my peers, which suggests that the attacker likely used a combination of IP addresses and packet characteristics to achieve the observed behavior.",
        "self_conf_after": 0.8,
        "clarifying_question": "Could the attacker have used a combination of legitimate and malicious IP addresses and packet characteristics to achieve the observed behavior?"
      }
    },
    "R3": {
      "A": {},
      "B": {
        "label": 1,
        "self_conf": 0.8,
        "rationale": "I agree with the tri-view label because the cluster is dense and has a high density.",
        "key_features": "dst_ip_freq: high, dns_domain_name_freq: low, duration: long, max_packets_len: high",
        "cluster_novel": "no",
        "cluster_reason": "high density",
        "alt_hypothesis": "false positive",
        "attack_ref": "unknown"
      },
      "C": {
        "label": 1,
        "self_conf": 0.8,
        "rationale": "Combined evidence from peers suggests that the attacker likely used a combination of IP addresses and packet characteristics to achieve the observed behavior.",
        "key_features": "dst_ip_freq: high,duration: low",
        "cluster_novel": "no",
        "cluster_reason": "Low density",
        "alt_hypothesis": "Possibly malicious activity",
        "attack_ref": "Low density attack"
      }
    },
    "judge": {
      "_raw_output": "{\n  \"final_label\": 1,\n  \"confidence\": 0.9,\n  \"winning_agent\": \"B, C\",\n  \"reason\": \"Both Agents B and C provide strong evidence for the attacker using a combination of IP addresses and packet characteristics to achieve the observed behavior. The high density of the cluster, as noted by Agent B, and the low packet density on Sunday, as noted by Agent C, support this conclusion. Therefore, the winning agents are B and C, with a combined confidence of 0.9.\""
    }
  }
}