{
  "sample_summary": {
    "sample_id": "29-8",
    "tri_view_label": 0,
    "slm_final_vote": 0,
    "confidence": 0.5,
    "referee_label": null
  },
  "debate_dynamics": {
    "dominant_agent": "A",
    "least_agent": "C"
  },
  "_rounds": {
    "R1": {
      "A": {},
      "B": {
        "label": 0,
        "self_conf": 0.2,
        "rationale": "I agree with the tri-view label because the cluster ID is 124, which is a known attack type.",
        "key_features": "dst_ip_freq: high, dns_domain_name_freq: low, duration: long, max_packets_len: high",
        "cluster_novel": "yes",
        "cluster_reason": "low density",
        "alt_hypothesis": "burst scan",
        "attack_ref": "DDoS"
      },
      "C": {
        "label": 0,
        "self_conf": 0.2,
        "rationale": "Low density of dst_ip_freq and dns_domain_name_freq",
        "key_features": "dst_ip_freq: high, dns_domain_name_freq: high",
        "cluster_novel": "no",
        "cluster_reason": "Low density of both features",
        "alt_hypothesis": "Unknown",
        "attack_ref": "Low density of dst_ip_freq and dns_domain_name_freq"
      }
    },
    "R2": {
      "A": {
        "self_conf_before": 0.2,
        "peer_scores": 0.2,
        "critique": "I agree with the tri-view label because the cluster ID is 124, which is a known attack type.",
        "revise_label": {
          "changed": true,
          "new_label": 1,
          "reason": "Low density of dst_ip_freq and dns_domain_name_freq"
        },
        "self_conf_after": 0.2,
        "clarifying_question": "Why did the peer reviewer change their label from 0 to 1 for the cluster ID 124?"
      },
      "B": {
        "self_conf_before": 0.2,
        "peer_scores": 0.2,
        "critique": "I agree with the tri-view label because the cluster ID is    124, which is a known attack type.",
        "changed": false,
        "new_label": 0,
        "reason": "I changed my label because the cluster ID is a known attack type.",
        "self_conf_after": 0.2,
        "clarifying_question": "What is the cluster ID?"
      },
      "C": {
        "self_conf_before": 0.2,
        "peer_scores": [
          0.2,
          0.2
        ],
        "critique": "I agree with the tri-view label because the cluster ID is 124, which is a known attack type.",
        "changed": true,
        "new_label": 1,
        "reason": "I changed the label to 1 because the cluster ID and rationale suggest an attack type that I wasn't initially aware of.",
        "self_conf_after": 0.8,
        "clarifying_question": "Is the low density of both features (dst_ip_freq and dns_domain_name_freq) a sufficient indicator of an attack type, or are there other contributing factors?"
      }
    },
    "R3": {
      "A": {},
      "B": {},
      "C": {}
    },
    "judge": {
      "_raw_output": "{\n  \"final_label\": 1,\n  \"confidence\": 0.9,\n  \"winning_agent\": \"C\",\n  \"reason\": \"Agent C's revised label and increased confidence, along with the consensus of the tri-view label and the known attack type associated with cluster ID 124, provide strong evidence for an attack.\""
    }
  }
}