{
  "sample_summary": {
    "sample_id": "29-9",
    "tri_view_label": 0,
    "slm_final_vote": 0,
    "confidence": 0.5,
    "referee_label": 0
  },
  "debate_dynamics": {
    "dominant_agent": "A",
    "least_agent": "C"
  },
  "_rounds": {
    "R1": {
      "A": {
        "label": 0,
        "self_conf": 0.2,
        "rationale": "The attacker used a combination of IP addresses with high frequency in the DNS domain name and a low frequency in the DDoS attack. The attacker also used a large number of packets with a low packet length. The attacker's behavior suggests that they are likely to be a new or emerging threat actor.",
        "key_features": [
          "dst_ip_freq: high",
          "dns_domain_name_freq: high"
        ],
        "cluster_novel": "no",
        "cluster_reason": "unknown",
        "alt_hypothesis": "unknown",
        "attack_ref": "unknown"
      },
      "B": {
        "label": 0,
        "self_conf": 0.2,
        "rationale": "I agree with the tri-view label because the cluster is dense and close to the target",
        "key_features": "dst_ip_freq: high, dns_domain_name_freq: low, duration: long",
        "cluster_novel": "no",
        "cluster_reason": "high density",
        "alt_hypothesis": "false positive",
        "attack_ref": "unknown"
      },
      "C": {
        "label": 0,
        "self_conf": 0.2,
        "rationale": "Low packet density on Sunday",
        "key_features": "dst_ip_freq: high",
        "cluster_novel": "no",
        "cluster_reason": "Low density",
        "alt_hypothesis": "Possibly malicious activity",
        "attack_ref": "Low density attack"
      }
    },
    "R2": {
      "A": {
        "self_conf_before": 0.2,
        "peer_scores": 0.2,
        "critique": "The attacker used a combination of IP addresses with high frequency in the DNS domain name and a low frequency in the DDoS attack. The attacker also used a large number of packets with a low packet length. The attacker's behavior suggests that they are likely to be a new or emerging threat actor.",
        "revise_label": {
          "changed": true,
          "new_label": 0,
          "reason": "The attacker used a combination of IP addresses with high frequency in the DNS domain name and a low frequency in the DDoS attack. The attacker also used a large number of packets with a low packet length. The attacker's behavior suggests that they are likely to be a new or emerging threat actor."
        },
        "self_conf_after": 0.2,
        "clarifying_question": "What is the new label assigned to the attacker's behavior, and why is it different from the previous label?"
      },
      "B": {
        "self_conf_before": 0.2,
        "peer_scores": 0.2,
        "critique": "I agree with the tri-view label because the cluster is dense and close to the target",
        "changed": false,
        "new_label": 0,
        "reason": "I have not changed my label because I still believe that the cluster is a new or emerging threat actor",
        "self_conf_after": 0.2,
        "clarifying_question": "What is the significance of the low frequency of DNS domain name in the DDoS attack?"
      },
      "C": {
        "self_conf_before": 0.2,
        "peer_scores": [
          0.2,
          0.2
        ],
        "critique": "I agree with the peers that the cluster is dense and close to the target, suggesting a possible malicious activity. However, the rationale provided by the peers is less specific compared to our original response.",
        "changed": true,
        "new_label": 1,
        "reason": "The peers' rationale was more specific and provided additional details about the attacker's behavior, which supported our original suspicions.",
        "self_conf_after": 0.5,
        "clarifying_question": "Could the attacker be exploiting a known vulnerability in the DNS server that could be used to inject malicious code?"
      }
    },
    "R3": {
      "A": {},
      "B": {
        "need_more_info": false,
        "questions": []
      },
      "C": {
        "label": 0,
        "self_conf": 0.2,
        "rationale": "Low packet density on Sunday",
        "key_features": "dst_ip_freq: high",
        "cluster_novel": "no",
        "cluster_reason": "Low density",
        "alt_hypothesis": "Possibly malicious activity",
        "attack_ref": "Low density attack"
      }
    },
    "judge": {
      "final_label": 0,
      "confidence": 0.5,
      "winning_agent": "C",
      "reason": "Agent C's rationale of 'Low packet density on Sunday' is more specific and provides additional context compared to the other agents. While all agents identified a high frequency of IP addresses in the DNS domain name, Agent C's rationale about the low packet density on Sunday adds valuable information to the analysis."
    }
  }
}