{
  "sample_summary": {
    "sample_id": "3-0",
    "tri_view_label": 1,
    "slm_final_vote": 1,
    "confidence": 0.6,
    "referee_label": 1
  },
  "debate_dynamics": {
    "dominant_agent": "A",
    "least_agent": "B"
  },
  "_rounds": {
    "R1": {
      "A": {
        "label": 1,
        "self_conf": 0.2,
        "rationale": "The anomaly detected in the tri-view label is an anomaly with a size of 230 and a density of 3.382751762455565. The cluster ID is 24, and the time is Weekday (Friday).",
        "key_features": [
          "dst_ip_freq: high",
          "dns_domain_name_freq: low"
        ],
        "cluster_novel": "unknown",
        "cluster_reason": "unknown",
        "alt_hypothesis": "burst scan",
        "attack_ref": "DDoS"
      },
      "B": {
        "label": 1,
        "self_conf": 0.2,
        "rationale": "I agree with the tri-view label because the cluster ID is 24, which is a known anomaly cluster. The cluster size is 230, which is larger than the average cluster size of 20. The cluster density is 3.382751762455565, which is higher than the average cluster density of 2. The cluster distance is 0.21264676993975493, which is closer than the average cluster distance of 0.5. The cluster time is Friday, which is a weekday and not a weekend. The cluster features are: dst_ip_freq: -0.31836061698545466, dns_domain_name_freq: 1.404585951691209, duration: -0.191955026312487, max_packets_len: -1.027223483904778. The cluster is novel because it has a high density and a high distance from the average cluster. The cluster reason is low density and shifted center. The cluster alt hypothesis is false positive. The cluster attack ref is unknown."
      },
      "C": {
        "label": 1,
        "self_conf": 0.2,
        "rationale": "Low packet density on Friday",
        "key_features": "dst_ip_freq: high",
        "cluster_novel": "no",
        "cluster_reason": "Low density",
        "alt_hypothesis": "Possibly malicious activity",
        "attack_ref": "Low density attack"
      }
    },
    "R2": {
      "A": {
        "self_conf_before": 0.2,
        "peer_scores": 0.2,
        "critique": "The anomaly detected in the tri-view label is an anomaly with a size of 230 and a density of 3.382751762455565. The cluster ID is 24, and the time is Weekday (Friday).",
        "revise_label": {
          "changed": true,
          "new_label": 1,
          "reason": "Low packet density on Friday"
        },
        "self_conf_after": 0.2,
        "clarifying_question": "Respond with **exactly one valid JSON object using the above schema**"
      },
      "B": {
        "revise_label": {
          "changed": false,
          "new_label": null,
          "reason": ""
        }
      },
      "C": {
        "revise_label": {
          "changed": false,
          "new_label": null,
          "reason": ""
        }
      }
    },
    "R3": {
      "A": {},
      "B": {},
      "C": {
        "label": 1,
        "self_conf": 0.2,
        "rationale": "Low packet density on Friday",
        "key_features": "dst_ip_freq: high",
        "cluster_novel": "no",
        "cluster_reason": "Low density",
        "alt_hypothesis": "Possibly malicious activity",
        "attack_ref": "Low density attack"
      }
    },
    "judge": {
      "final_label": 1,
      "confidence": 0.6,
      "winning_agent": "C",
      "reason": "Agent C's label and rationale are consistent with the tri-view label, and Agent C's low self-confidence indicates a willingness to defer to the group. Agents A and B did not provide new information or compelling reasons to change the label."
    }
  }
}