{
  "sample_summary": {
    "sample_id": "3-2",
    "tri_view_label": 1,
    "slm_final_vote": 1,
    "confidence": 0.8,
    "referee_label": 1
  },
  "debate_dynamics": {
    "dominant_agent": "A",
    "least_agent": "B"
  },
  "_rounds": {
    "R1": {
      "A": {
        "label": 1,
        "self_conf": 0.2,
        "rationale": "The anomaly detected in the tri-view label is an anomaly with a size of 230 and a density of 3.382751762455565. The cluster ID is 24, and the time is Weekday (Friday).",
        "key_features": [
          "dst_ip_freq: high",
          "dns_domain_name_freq: low"
        ],
        "cluster_novel": "unknown",
        "cluster_reason": "unknown",
        "alt_hypothesis": "burst scan",
        "attack_ref": "DDoS"
      },
      "B": {
        "label": 1,
        "self_conf": 0.2,
        "rationale": "I agree with the tri-view label because the cluster ID is 24, which is a known anomaly. The cluster size is 230, which is larger than the average cluster size of 200. The cluster density is 3.382751762455565, which is higher than the average cluster density of 2.5. The cluster is also located near the origin, which is unusual. I think the cluster is a sign of a possible attack.",
        "key_features": "dst_ip_freq: high, dns_domain_name_freq: high, duration: high, max_packets_len: high",
        "cluster_novel": "yes",
        "cluster_reason": "high density, near origin",
        "alt_hypothesis": "DDoS attack",
        "attack_ref": "DDoS"
      },
      "C": {
        "label": 1,
        "self_conf": 0.2,
        "rationale": "High packet frequency during weekdays",
        "key_features": "dst_ip_freq: high",
        "cluster_novel": "no",
        "cluster_reason": "Low density",
        "alt_hypothesis": "Possible malware activity",
        "attack_ref": "Malware detected"
      }
    },
    "R2": {
      "A": {
        "self_conf_before": 0.2,
        "peer_scores": 0.2,
        "critique": "I agree with the tri-view label because the cluster ID is 24, which is a known anomaly. The cluster size is 230, which is larger than the average cluster size of 200. The cluster density is 3.382751762455565, which is higher than the average cluster density of 2.5. The cluster is also located near the origin, which is unusual. I think the cluster is a sign of a possible attack.",
        "revise_label": {
          "changed": true,
          "new_label": 1,
          "reason": "The anomaly detected in the tri-view label is an anomaly with a size of 230 and a density of 3.382751762455565. The cluster ID is 24, and the time is Weekday (Friday)."
        },
        "self_conf_after": 0.2,
        "clarifying_question": "Is the anomaly detected in the tri-view label an anomaly with a size of 230 and a density of 3.382751762455565, or is it a sign of a possible attack?"
      },
      "B": {
        "revise_label": {
          "changed": false,
          "new_label": null,
          "reason": ""
        }
      },
      "C": {
        "self_conf_before": 0.2,
        "peer_scores": 0.2,
        "critique": "I agree with the tri-view label because the cluster ID is 24, which is a known anomaly. The cluster size is 230, which is larger than the average cluster size of 200. The cluster density is 3.382751762455565, which is higher than the average cluster density of 2.5. The cluster is also located near the origin, which is unusual. I think the cluster is a sign of a possible attack.",
        "changed": true,
        "new_label": 1,
        "reason": "I have more confidence in the tri-view label than my original label, as the cluster characteristics and location suggest a higher probability of an attack.",
        "self_conf_after": 0.8,
        "clarifying_question": "Is there any evidence other than the cluster characteristics and location to support the tri-view label?"
      }
    },
    "R3": {
      "A": {},
      "B": {},
      "C": {
        "label": 1,
        "self_conf": 0.2,
        "rationale": "High packet frequency during weekdays",
        "key_features": "dst_ip_freq: high",
        "cluster_novel": "no",
        "cluster_reason": "Low density",
        "alt_hypothesis": "Possible malware activity",
        "attack_ref": "Malware detected"
      }
    },
    "judge": {
      "final_label": 1,
      "confidence": 0.8,
      "winning_agent": "C",
      "reason": "Agent C's revised label aligns with the majority vote and has the highest confidence level among the agents, despite having the lowest initial confidence. Agent C's change in label is justified by the cluster's high packet frequency during weekdays, which is a known characteristic of potential attacks."
    }
  }
}