{
  "sample_summary": {
    "sample_id": "3-3",
    "tri_view_label": 1,
    "slm_final_vote": 1,
    "confidence": 0.6,
    "referee_label": 1
  },
  "debate_dynamics": {
    "dominant_agent": "A",
    "least_agent": "C"
  },
  "_rounds": {
    "R1": {
      "A": {
        "label": 1,
        "self_conf": 0.2,
        "rationale": "The sample is far from the centroid and in a sparse cluster, indicating that it is an anomaly.",
        "key_features": [
          "dst_ip_freq: high",
          "dns_domain_name_freq: low"
        ],
        "cluster_novel": "unknown",
        "cluster_reason": "unusual size",
        "alt_hypothesis": "burst scan",
        "attack_ref": "DDoS"
      },
      "B": {
        "label": 1,
        "self_conf": 0.2,
        "rationale": "The cluster is far from the centroid and in a sparse cluster.",
        "key_features": "dst_ip_freq: high, dns_domain_name_freq: high, duration: high, max_packets_len: high",
        "cluster_novel": "yes",
        "cluster_reason": "sparse",
        "alt_hypothesis": "burst scan",
        "attack_ref": "DDoS"
      },
      "C": {
        "label": 1,
        "self_conf": 0.2,
        "rationale": "Low density of dst_ip_freq and dns_domain_name_freq",
        "key_features": "dst_ip_freq: high, dns_domain_name_freq: high",
        "cluster_novel": "no",
        "cluster_reason": "Low density of features",
        "alt_hypothesis": "Unknown",
        "attack_ref": "Low density of features"
      }
    },
    "R2": {
      "A": {
        "self_conf_before": 0.2,
        "peer_scores": 0.2,
        "critique": "The sample is far from the centroid and in a sparse cluster. Low density of dst_ip_freq and dns_domain_name_freq",
        "revise_label": {
          "changed": true,
          "new_label": 1,
          "reason": "The cluster is far from the centroid and in a sparse cluster."
        },
        "self_conf_after": 0.2,
        "clarifying_question": "What factors contributed to the cluster being far from the centroid and in a sparse cluster, as indicated by the label change?"
      },
      "B": {
        "self_conf_before": 0.2,
        "peer_scores": 0.2,
        "critique": "The cluster is far from the centroid and in a sparse cluster.",
        "changed": false,
        "new_label": 1,
        "reason": "The cluster is far from the centroid and in a sparse cluster.",
        "self_conf_after": 0.2,
        "clarifying_question": "What is the cluster's density?"
      },
      "C": {
        "self_conf_before": 0.2,
        "peer_scores": [
          0.2,
          0.2
        ],
        "critique": "The rationale suggests that the sample is an anomaly, but the confidence score is low.",
        "changed": true,
        "new_label": 1,
        "reason": "Low density of features",
        "self_conf_after": 0.4,
        "clarifying_question": "What other features or cluster characteristics could contribute to the low density of features?"
      }
    },
    "R3": {
      "A": {},
      "B": {
        "need_more_info": false,
        "questions": [
          "What factors contributed to the cluster being far from the centroid and in a sparse cluster, as indicated by the label change?",
          "What other features or cluster characteristics could contribute to the low density of features?"
        ]
      },
      "C": {
        "need_more_info": false,
        "questions": [
          "What factors contributed to the cluster being far from the centroid and in a sparse cluster, as indicated by the label change?"
        ]
      }
    },
    "judge": {
      "final_label": 1,
      "confidence": 0.6,
      "winning_agent": "C",
      "reason": "Agent C's revision of the label, based on the low density of features, aligns with the original rationale of all agents and has a higher self-confidence after peer review."
    }
  }
}