{
  "sample_summary": {
    "sample_id": "3-5",
    "tri_view_label": 1,
    "slm_final_vote": 1,
    "confidence": 0.5,
    "referee_label": null
  },
  "debate_dynamics": {
    "dominant_agent": "A",
    "least_agent": "B"
  },
  "_rounds": {
    "R1": {
      "A": {
        "label": 1,
        "self_conf": 0.2,
        "rationale": "The anomaly detected in the tri-view label is an anomaly with a tri-view label of 1 (anomaly) and confidence of 0.2. The cluster ID is 30, with a size of 1469, density of 3.619642177427858, and a distance of 0.28334770568340223. The time was Weekday (Friday).",
        "key_features": [
          "dst_ip_freq: high",
          "dns_domain_name_freq: -0.7119602307056717"
        ],
        "cluster_novel": "unknown",
        "cluster_reason": "unusual size",
        "alt_hypothesis": "false positive",
        "attack_ref": "unknown"
      },
      "B": {},
      "C": {
        "label": 1,
        "self_conf": 0.2,
        "rationale": "High packet frequency during weekdays",
        "key_features": "dst_ip_freq: high",
        "cluster_novel": "no",
        "cluster_reason": "Low density",
        "alt_hypothesis": "Possible malware activity",
        "attack_ref": "Malware detected"
      }
    },
    "R2": {
      "A": {
        "self_conf_before": 0.2,
        "peer_scores": 0.2,
        "critique": "The anomaly detected in the tri-view label is an anomaly with a tri-view label of 1 (anomaly) and confidence of 0.2. The cluster ID is 30, with a size of 1469, density of 3.619642177427858, and a distance of 0.28334770568340223. The time was Weekday (Friday).",
        "revise_label": {
          "changed": true,
          "new_label": 1,
          "reason": "High packet frequency during weekdays"
        },
        "self_conf_after": 0.2,
        "clarifying_question": "Why did the peer predictions change the label from 1 to 1?"
      },
      "B": {
        "revise_label": {
          "changed": false,
          "new_label": null,
          "reason": ""
        }
      },
      "C": {
        "self_conf_before": 0.2,
        "peer_scores": [
          0.2,
          null
        ],
        "critique": "The rationale suggests an anomaly, but the confidence score is low. Further analysis may be needed to confirm the anomaly.",
        "changed": false,
        "new_label": 1,
        "reason": "The low confidence score suggests that the anomaly may be an outlier, requiring further investigation.",
        "self_conf_after": 0.4,
        "clarifying_question": "What other factors could contribute to the high packet frequency during weekdays?"
      }
    },
    "R3": {
      "A": {},
      "B": {},
      "C": {}
    },
    "judge": {
      "_raw_output": "{\n  \"final_label\": 1,\n  \"confidence\": 0.4,\n  \"winning_agent\": \"C\",\n  \"reason\": \"Agent C's rationale of 'High packet frequency during weekdays' aligns with Agent A's initial label and key feature of 'dst_ip_freq: high'. Although Agent A's confidence is low, Agent C's reasoning and revised label with a slightly higher confidence add weight to the anomaly detection.\""
    }
  }
}