{
  "sample_summary": {
    "sample_id": "3-6",
    "tri_view_label": 1,
    "slm_final_vote": 1,
    "confidence": 0.5,
    "referee_label": null
  },
  "debate_dynamics": {
    "dominant_agent": "A",
    "least_agent": "B"
  },
  "_rounds": {
    "R1": {
      "A": {
        "label": 1,
        "self_conf": 0.2,
        "rationale": "The anomaly detected in the tri-view label is an anomaly with a tri-view label of 1 (anomaly) and confidence of 0.2. The cluster ID is 30, with a size of 1469, a density of 3.619642177427858, and a distance of 0.02688214874540959.",
        "key_features": [
          "dst_ip_freq: high"
        ],
        "cluster_novel": "no",
        "cluster_reason": "unknown",
        "alt_hypothesis": "burst scan",
        "attack_ref": "DDoS"
      },
      "B": {
        "label": 1,
        "self_conf": 0.2,
        "rationale": "I agree with the tri-view label because the cluster ID is 30, which is a known attack type.",
        "key_features": "dst_ip_freq: 0.962, dns_domain_name_freq: -0.711, duration: -0.192, max_packets_len: 0.693",
        "cluster_novel": "no",
        "cluster_reason": "low density",
        "alt_hypothesis": "burst scan",
        "attack_ref": "DDoS"
      },
      "C": {
        "label": 1,
        "self_conf": 0.2,
        "rationale": "High packet frequency during weekdays",
        "key_features": "dst_ip_freq: high",
        "cluster_novel": "no",
        "cluster_reason": "Low density",
        "alt_hypothesis": "Possible malware activity",
        "attack_ref": "Malware detected"
      }
    },
    "R2": {
      "A": {
        "self_conf_before": 0.2,
        "peer_scores": 0.2,
        "critique": "The anomaly detected in the tri-view label is an anomaly with a tri-view label of 1 (anomaly) and confidence of 0.2. The cluster ID is 30, with a size of 1469, a density of 3.619642177427858, and a distance of 0.02688214874540959. The alt_hypothesis is burst scan, and the attack_ref is DDoS.",
        "revise_label": {
          "changed": true,
          "new_label": 1,
          "reason": "The cluster ID is 30, with a size of 1469, a density of 3.619642177427858, and a distance of 0.02688214874540959. The alt_hypothesis is burst scan, and the attack_ref is DDoS."
        },
        "self_conf_after": 0.2,
        "clarifying_question": "What is the cluster ID of the anomaly detected in the tri-view label, and what is the density, size, and distance of the cluster?"
      },
      "B": {
        "revise_label": {
          "changed": false,
          "new_label": null,
          "reason": ""
        }
      },
      "C": {
        "self_conf_before": 0.2,
        "peer_scores": [
          0.2,
          0.2
        ],
        "critique": "I agree with the peers that the anomaly detected in the tri-view label is an anomaly with a tri-view label of 1 (anomaly) and confidence of 0.2. However, I have a different rationale.",
        "changed": true,
        "new_label": 1,
        "reason": "I have a higher confidence in the tri-view label due to the presence of multiple anomalies in the cluster. Additionally, the cluster density and distance are consistent with known attack patterns.",
        "self_conf_after": 0.8,
        "clarifying_question": "Is there any evidence other than the tri-view label to support the claim of malware activity?"
      }
    },
    "R3": {
      "A": {},
      "B": {},
      "C": {
        "label": 1,
        "self_conf": 0.8,
        "rationale": "High packet frequency during weekdays",
        "key_features": "dst_ip_freq: high",
        "cluster_novel": "no",
        "cluster_reason": "Low density",
        "alt_hypothesis": "Possible malware activity",
        "attack_ref": "Malware detected"
      }
    },
    "judge": {
      "_raw_output": "{\n  \"final_label\": 1,\n  \"confidence\": 0.8,\n  \"winning_agent\": \"C\",\n  \"reason\": \"Agent C's rationale of 'High packet frequency during weekdays' aligns with the anomaly's key feature of 'dst_ip_freq: high'. Additionally, Agent C's confidence level is the highest among the agents.\""
    }
  }
}