{
  "sample_summary": {
    "sample_id": "3-7",
    "tri_view_label": 1,
    "slm_final_vote": 1,
    "confidence": 0.8,
    "referee_label": 1
  },
  "debate_dynamics": {
    "dominant_agent": "A",
    "least_agent": "B"
  },
  "_rounds": {
    "R1": {
      "A": {
        "label": 1,
        "self_conf": 0.2,
        "rationale": "The anomaly detected in the tri-view label is an anomaly with a size of 1508 and a density of 3.643647513379285. The cluster ID is 92, and the time is Weekday (Friday).",
        "key_features": [
          "dst_ip_freq: high",
          "dns_domain_name_freq: -0.7119602307056717"
        ],
        "cluster_novel": "unknown",
        "cluster_reason": "unknown",
        "alt_hypothesis": "burst scan",
        "attack_ref": "DDoS"
      },
      "B": {},
      "C": {
        "label": 1,
        "self_conf": 0.2,
        "rationale": "High packet frequency during weekdays",
        "key_features": "dst_ip_freq: high",
        "cluster_novel": "no",
        "cluster_reason": "Low density",
        "alt_hypothesis": "Possible malware activity",
        "attack_ref": "Malware detected"
      }
    },
    "R2": {
      "A": {
        "self_conf_before": 0.2,
        "peer_scores": 0.2,
        "critique": "The anomaly detected in the tri-view label is an anomaly with a size of 1508 and a density of 3.643647513379285. The cluster ID is 92, and the time is Weekday (Friday).",
        "revise_label": {
          "changed": false,
          "new_label": 1,
          "reason": "High packet frequency during weekdays"
        },
        "self_conf_after": 0.2,
        "clarifying_question": "What is the reason for the peer predictions that the anomaly detected in the tri-view label is an anomaly with a size of 1508 and a density of 3.643647513379285. The cluster ID is 92, and the time is Weekday (Friday)."
      },
      "B": {
        "revise_label": {
          "changed": false,
          "new_label": null,
          "reason": ""
        }
      },
      "C": {
        "self_conf_before": 0.2,
        "peer_scores": [
          0.2,
          null
        ],
        "critique": "The rationale provided by the peers lacks sufficient context and does not provide a clear understanding of the anomaly. The cluster ID and time of day are also not relevant to the anomaly's characteristics.",
        "changed": false,
        "new_label": 1,
        "reason": "The cluster density and size are outside the normal range for this type of anomaly, suggesting a potential outlier that warrants further investigation.",
        "self_conf_after": 0.8,
        "clarifying_question": "Could the cluster density and size be influenced by factors other than the type of malware? Can we collect more information to better understand the anomaly's characteristics?"
      }
    },
    "R3": {
      "A": {},
      "B": {},
      "C": {}
    },
    "judge": {
      "final_label": 1,
      "confidence": 0.8,
      "winning_agent": "C",
      "reason": "Agent C provided a clear rationale for the anomaly being an outlier based on the cluster density and size, which is a relevant feature for anomaly detection. While Agent A and Agent B also identified anomalies, their rationales lacked sufficient context and clarity compared to Agent C."
    }
  }
}