{
  "sample_summary": {
    "sample_id": "3-8",
    "tri_view_label": 1,
    "slm_final_vote": 1,
    "confidence": 0.5,
    "referee_label": 1
  },
  "debate_dynamics": {
    "dominant_agent": "A",
    "least_agent": "B"
  },
  "_rounds": {
    "R1": {
      "A": {
        "label": 1,
        "self_conf": 0.2,
        "rationale": "The anomaly detected in the tri-view label is an anomaly with a tri-view label of 1 (anomaly) and confidence of 0.2. The cluster ID is 30, with a size of 1469, density of 3.619642177427858, and a distance of 0.4915569692627963.",
        "key_features": [
          "dst_ip_freq: high",
          "dns_domain_name_freq: -0.7119602307056717"
        ],
        "cluster_novel": "unknown",
        "cluster_reason": "unusual size",
        "alt_hypothesis": "false positive",
        "attack_ref": "unknown"
      },
      "B": {
        "label": 1,
        "self_conf": 0.2,
        "rationale": "I agree with the tri-view label because the cluster ID is 30, which is a known anomaly cluster. The cluster size is 1469, which is larger than the average cluster size of 3.619642177427858. The cluster density is 3.619642177427858, which is also larger than the average cluster density of 3.619642177427858. The cluster is also located at a distance of 0.4915569692627963 from the center of the network, which is larger than the average cluster distance of 0.4915569692627963. Therefore, I believe that this cluster is an anomaly.",
        "key_features": "dst_ip_freq: high, dns_domain_name_freq: low, duration: long, max_packets_len: large",
        "cluster_novel": "yes",
        "cluster_reason": "large size, high density, large distance from center",
        "alt_hypothesis": "burst scan",
        "attack_ref": "DDoS"
      },
      "C": {
        "label": 1,
        "self_conf": 0.2,
        "rationale": "High packet frequency during weekdays",
        "key_features": "dst_ip_freq: high",
        "cluster_novel": "no",
        "cluster_reason": "Low density",
        "alt_hypothesis": "Possible malware activity",
        "attack_ref": "Malware detected"
      }
    },
    "R2": {
      "A": {
        "self_conf_before": 0.2,
        "peer_scores": 0.2,
        "critique": "The anomaly detected in the tri-view label is an anomaly with a tri-view label of 1 (anomaly) and confidence of 0.2. The cluster ID is 30, with a size of 1469, density of 3.619642177427858, and a distance of 0.4915569692627963. The cluster is also located at a distance of 0.4915569692627963 from the center of the network, which is larger than the average cluster distance of 0.4915569692627963. Therefore, I believe that this cluster is an anomaly.",
        "key_features": [
          "dst_ip_freq: high",
          "dns_domain_name_freq: -0.7119602307056717"
        ],
        "cluster_novel": "unknown",
        "cluster_reason": "unusual size",
        "alt_hypothesis": "false positive",
        "attack_ref": "unknown",
        "self_conf_after": 0.2,
        "clarifying_question": "High packet frequency during weekdays"
      },
      "B": {
        "revise_label": {
          "changed": false,
          "new_label": null,
          "reason": ""
        }
      },
      "C": {
        "self_conf_before": 0.2,
        "peer_scores": [
          0.2,
          0.2
        ],
        "critique": "I agree with the peers that the cluster ID is 30 and the cluster size and density are both larger than the average values. However, the cluster distance is smaller than the average distance, which makes it less clear whether it is an anomaly or not.",
        "changed": false,
        "new_label": 1,
        "reason": "The cluster distance is closer to the average distance than the other cluster distance, which makes it less clear whether it is an anomaly or not.",
        "self_conf_after": 0.4,
        "clarifying_question": "Is the cluster distance a more reliable indicator of anomaly than the cluster size or density?"
      }
    },
    "R3": {
      "A": {},
      "B": {
        "need_more_info": false,
        "questions": [
          "High packet frequency during weekdays"
        ]
      },
      "C": {
        "label": 1,
        "self_conf": 0.2,
        "rationale": "High packet frequency during weekdays",
        "key_features": "dst_ip_freq: high",
        "cluster_novel": "no",
        "cluster_reason": "Low density",
        "alt_hypothesis": "Possible malware activity",
        "attack_ref": "Malware detected"
      }
    },
    "judge": {
      "final_label": 1,
      "confidence": 0.5,
      "winning_agent": "C",
      "reason": "Agent C's hypothesis of 'High packet frequency during weekdays' is a valid explanation for the anomaly, as it is supported by the key feature 'dst_ip_freq: high'. While Agents A and B also provide valid explanations, Agent C's hypothesis is more specific and directly relates to the given data. Therefore, Agent C's argument carries more weight in this debate."
    }
  }
}