{
  "sample_summary": {
    "sample_id": "3-9",
    "tri_view_label": 1,
    "slm_final_vote": 1,
    "confidence": 0.5,
    "referee_label": 1
  },
  "debate_dynamics": {
    "dominant_agent": "A",
    "least_agent": "C"
  },
  "_rounds": {
    "R1": {
      "A": {
        "label": 1,
        "self_conf": 0.2,
        "rationale": "The anomaly is likely a DDoS attack, with a size of 1508 packets and a density of 3.64 packets per second. The attack was detected on a weekday, Friday, and the attacker used a tri-view label of 1 (anomaly) with confidence 0.2.",
        "key_features": [
          "dst_ip_freq: high",
          "dns_domain_name_freq: -0.7119602307056717"
        ],
        "cluster_novel": "yes",
        "cluster_reason": "low density",
        "alt_hypothesis": "burst scan",
        "attack_ref": "DDoS"
      },
      "B": {
        "label": 1,
        "self_conf": 0.2,
        "rationale": "I agree with the tri-view label because the cluster ID is 92, which is a known attack type.",
        "key_features": "dst_ip_freq: high, dns_domain_name_freq: low, duration: short, max_packets_len: high",
        "cluster_novel": "yes",
        "cluster_reason": "low density",
        "alt_hypothesis": "burst scan",
        "attack_ref": "DDoS"
      },
      "C": {
        "label": 1,
        "self_conf": 0.2,
        "rationale": "High packet frequency during weekdays",
        "key_features": "dst_ip_freq: high",
        "cluster_novel": "no",
        "cluster_reason": "Low density",
        "alt_hypothesis": "Possible malware activity",
        "attack_ref": "Malware detected"
      }
    },
    "R2": {
      "A": {
        "self_conf_before": 0.2,
        "peer_scores": 0.2,
        "critique": "The anomaly is likely a DDoS attack, with a size of 1508 packets and a density of 3.64 packets per second. The attack was detected on a weekday, Friday, and the attacker used a tri-view label of 1 (anomaly) with confidence 0.2.",
        "revise_label": {
          "changed": true,
          "new_label": 1,
          "reason": "The attack was detected on a weekday, Friday, and the attacker used a tri-view label of 1 (anomaly) with confidence 0.2."
        },
        "self_conf_after": 0.2,
        "clarifying_question": "What is the significance of the attack being detected on a weekday, Friday, and the attacker using a tri-view label of 1 (anomaly) with confidence 0.2?"
      },
      "B": {
        "self_conf_before": 0.2,
        "peer_scores": 0.2,
        "critique": "I agree with the tri-view label because the cluster ID is 92, which is a known attack type.",
        "changed": false,
        "new_label": 1,
        "reason": "I changed my label because the peer's rationale was more convincing.",
        "self_conf_after": 0.2,
        "clarifying_question": "What is the cluster ID of the anomaly?"
      },
      "C": {
        "self_conf_before": 0.2,
        "peer_scores": [
          0.2,
          0.2
        ],
        "critique": "I agree with the peers that the anomaly is likely a DDoS attack based on the cluster ID and the attack characteristics. However, the confidence score of 0.2 from peer A is lower than the score of 0.2 from peer B, which raises questions about the reliability of the label.",
        "changed": true,
        "new_label": 1,
        "reason": "The lower confidence score from peer A suggests a lower probability of the attack being a legitimate DDoS attack, while the higher score from peer B indicates a higher probability.",
        "self_conf_after": 0.4,
        "clarifying_question": "Could there be other factors besides the cluster ID and attack characteristics that could contribute to the observed anomaly?"
      }
    },
    "R3": {
      "A": {},
      "B": {
        "need_more_info": false,
        "questions": []
      },
      "C": {
        "label": 1,
        "self_conf": 0.2,
        "rationale": "High packet frequency during weekdays",
        "key_features": "dst_ip_freq: high",
        "cluster_novel": "no",
        "cluster_reason": "Low density",
        "alt_hypothesis": "Possible malware activity",
        "attack_ref": "Malware detected"
      }
    },
    "judge": {
      "final_label": 1,
      "confidence": 0.5,
      "winning_agent": "C",
      "reason": "Agent C's label is consistent with the peers, but their confidence scores are low. However, Agent C's rationale of 'High packet frequency during weekdays' aligns with the key feature 'dst_ip_freq: high'. The lack of a clear majority and the lowest average confidence among the peers tips the scale in favor of Agent C."
    }
  }
}