{
  "sample_summary": {
    "sample_id": "30-4",
    "tri_view_label": 1,
    "slm_final_vote": 1,
    "confidence": 0.8,
    "referee_label": 1
  },
  "debate_dynamics": {
    "dominant_agent": "A",
    "least_agent": "C"
  },
  "_rounds": {
    "R1": {
      "A": {
        "label": 1,
        "self_conf": 0.2,
        "rationale": "The anomaly detected in the tri-view label is an anomaly with a size of 82 and a density of 2.017906222110378. The cluster ID is 208, and the time is Weekday (Sunday).",
        "key_features": [
          "dst_ip_freq: high",
          "dns_domain_name_freq: high"
        ],
        "cluster_novel": "unknown",
        "cluster_reason": "unknown",
        "alt_hypothesis": "burst scan",
        "attack_ref": "DDoS"
      },
      "B": {
        "label": 1,
        "self_conf": 0.2,
        "rationale": "I agree with the tri-view label because the cluster ID is 208, which is a known attack type.",
        "key_features": "dst_ip_freq: high, dns_domain_name_freq: low, duration: long, max_packets_len: high",
        "cluster_novel": "yes",
        "cluster_reason": "low density",
        "alt_hypothesis": "burst scan",
        "attack_ref": "DDoS"
      },
      "C": {
        "label": 1,
        "self_conf": 0.2,
        "rationale": "Low density of DNS domain names",
        "key_features": "dst_ip_freq: high",
        "cluster_novel": "no",
        "cluster_reason": "Low density of DNS domain names",
        "alt_hypothesis": "Unknown",
        "attack_ref": "Low density of DNS domain names"
      }
    },
    "R2": {
      "A": {
        "self_conf_before": 0.2,
        "peer_scores": 0.2,
        "critique": "I agree with the tri-view label because the cluster ID is 208, which is a known attack type.",
        "revise_label": {
          "changed": true,
          "new_label": 1,
          "reason": "Low density of DNS domain names"
        },
        "self_conf_after": 0.2,
        "clarifying_question": "Why did the peer reviewer change their label from 1 to 1?"
      },
      "B": {
        "self_conf_before": 0.2,
        "peer_scores": 0.2,
        "critique": "I agree with the tri-view label because the cluster ID is 208, which is a known attack type.",
        "changed": false,
        "new_label": 1,
        "reason": "I changed my label because the cluster ID is a known attack type.",
        "self_conf_after": 0.2,
        "clarifying_question": "What is the cluster ID of the known attack type?"
      },
      "C": {
        "self_conf_before": 0.2,
        "peer_scores": [
          0.2,
          0.2
        ],
        "critique": "I agree with the tri-view label because the cluster ID is 208, which is a known attack type.",
        "changed": true,
        "new_label": 1,
        "reason": "I changed the label to 1 because the cluster ID 208 is a known attack type, which aligns with the tri-view label.",
        "self_conf_after": 0.8,
        "clarifying_question": "Is the cluster ID the only factor that determines the label of an anomaly? If not, how can we determine the most relevant factors?"
      }
    },
    "R3": {
      "A": {
        "need_more_info": true,
        "questions": [
          {
            "label": "What is the cluster ID of the known attack type?",
            "type": "clarifying_question",
            "answer": "The cluster ID of the known attack type is 208."
          },
          {
            "label": "Is the cluster ID the only factor that determines the label of an anomaly? If not, how can we determine the most relevant factors?",
            "type": "question",
            "answer": "The cluster ID is not the only factor that determines the label of an anomaly. The tri-view label is determined by a combination of the cluster ID, the time, and the other relevant factors."
          }
        ]
      },
      "B": {
        "label": 1,
        "self_conf": 0.8,
        "rationale": "I agree with the tri-view label because the cluster ID is 208, which is a known attack type.",
        "key_features": "dst_ip_freq: high, dns_domain_name_freq: low, duration: long, max_packets_len: high",
        "cluster_novel": "yes",
        "cluster_reason": "low density",
        "alt_hypothesis": "burst scan",
        "attack_ref": "DDoS"
      },
      "C": {
        "label": 1,
        "self_conf": 0.2,
        "rationale": "Low density of DNS domain names",
        "key_features": "dst_ip_freq: high",
        "cluster_novel": "no",
        "cluster_reason": "Low density of DNS domain names",
        "alt_hypothesis": "Unknown",
        "attack_ref": "Low density of DNS domain names"
      }
    },
    "judge": {
      "final_label": 1,
      "confidence": 0.8,
      "winning_agent": "B",
      "reason": "Agent B's label is consistent with the tri-view label and has the highest confidence. The cluster ID being a known attack type provides strong evidence for the anomaly being a DDoS attack."
    }
  }
}