{
  "sample_summary": {
    "sample_id": "30-5",
    "tri_view_label": 0,
    "slm_final_vote": 0,
    "confidence": 0.5,
    "referee_label": 0
  },
  "debate_dynamics": {
    "dominant_agent": "A",
    "least_agent": "C"
  },
  "_rounds": {
    "R1": {
      "A": {
        "label": 0,
        "self_conf": 0.2,
        "rationale": "The attacker used a combination of IP addresses with high frequency in the DNS domain name and low frequency in the DDoS attack. The attacker also used a large number of packets with a low packet length. The attacker's size was not significant, but the density of the attack was high. The attacker's cluster ID was 268, indicating a high density of attacks in the past week. The attacker's time was a weekday, indicating a high density of attacks during the week. The attacker's time was also significant, indicating that the attacker was active during the weekend.",
        "key_features": [
          "dst_ip_freq: high",
          "dns_domain_name_freq: high"
        ],
        "cluster_novel": "no",
        "cluster_reason": "unknown",
        "alt_hypothesis": "unknown",
        "attack_ref": "unknown"
      },
      "B": {
        "label": 0,
        "self_conf": 0.2,
        "rationale": "I agree with the tri-view label because the cluster ID is 268, which is a known benign cluster.",
        "key_features": "dst_ip_freq: high, dns_domain_name_freq: low, duration: short, max_packets_len: high",
        "cluster_novel": "no",
        "cluster_reason": "low density",
        "alt_hypothesis": "burst scan",
        "attack_ref": "unknown"
      },
      "C": {
        "label": 0,
        "self_conf": 0.2,
        "rationale": "Low packet density on Sunday",
        "key_features": "dst_ip_freq: high",
        "cluster_novel": "no",
        "cluster_reason": "Low density",
        "alt_hypothesis": "Possibly malicious activity",
        "attack_ref": "Low density attack"
      }
    },
    "R2": {
      "A": {
        "self_conf_before": 0.2,
        "peer_scores": 0.2,
        "critique": "The attacker used a combination of IP addresses with high frequency in the DNS domain name and low frequency in the DDoS attack. The attacker also used a large number of packets with a low packet length. The attacker's size was not significant, but the density of the attack was high. The attacker's cluster ID was 268, indicating a high density of attacks in the past week. The attacker's time was a weekday, indicating a high density of attacks during the week. The attacker's time was also significant, indicating that the attacker was active during the weekend.",
        "revise_label": {
          "changed": true,
          "new_label": 0,
          "reason": "The attacker used a combination of IP addresses with high frequency in the DNS domain name and low frequency in the DDoS attack. The attacker also used a large number of packets with a low packet length. The attacker's size was not significant, but the density of the attack was high. The attacker's cluster ID was 268, indicating a high density of attacks in the past week. The attacker's time was a weekday, indicating a high density of attacks during the week. The attacker's time was also significant, indicating that the attacker was active during the weekend."
        },
        "self_conf_after": 0.2,
        "clarifying_question": "What is the significance of the attacker's cluster ID being 268, indicating a high density of attacks in the past week?"
      },
      "B": {
        "self_conf_before": 0.2,
        "peer_scores": 0.2,
        "critique": "I agree with the tri-view label because the cluster ID is    268, which is a known benign cluster.",
        "changed": false,
        "new_label": 0,
        "reason": "I changed my label because the peer's rationale was more convincing.",
        "self_conf_after": 0.2,
        "clarifying_question": "What is the significance of the cluster ID?"
      },
      "C": {
        "self_conf_before": 0.2,
        "peer_scores": [
          0.2,
          0.2
        ],
        "critique": "The rationale does not fully support the label of malicious activity. The mention of the cluster ID and the time of day suggest a legitimate attack, but the lack of specific details about the attack behavior makes it difficult to determine the attacker's intent.",
        "changed": false,
        "new_label": 1,
        "reason": "The lack of specific details about the attack behavior makes it difficult to determine the attacker's intent.",
        "self_conf_after": 0.4,
        "clarifying_question": "Could the attacker have used a botnet to generate the IP addresses and packet lengths seen in the attack?"
      }
    },
    "R3": {
      "A": {},
      "B": {},
      "C": {
        "label": 0,
        "self_conf": 0.2,
        "rationale": "Low packet density on Sunday",
        "key_features": "dst_ip_freq: high",
        "cluster_novel": "no",
        "cluster_reason": "Low density",
        "alt_hypothesis": "Possibly malicious activity",
        "attack_ref": "Low density attack"
      }
    },
    "judge": {
      "final_label": 0,
      "confidence": 0.5,
      "winning_agent": "C",
      "reason": "Agent C's rationale of 'Low packet density on Sunday' aligns with the observation of 'high dst_ip_freq' and is a plausible explanation for the anomalous behavior. While Agents A and B provide valuable insights, their rationales do not clearly support a definitive label of malicious activity."
    }
  }
}