{
  "sample_summary": {
    "sample_id": "30-6",
    "tri_view_label": 1,
    "slm_final_vote": 1,
    "confidence": 0.5,
    "referee_label": 1
  },
  "debate_dynamics": {
    "dominant_agent": "A",
    "least_agent": "B"
  },
  "_rounds": {
    "R1": {
      "A": {
        "label": 1,
        "self_conf": 0.2,
        "rationale": "The anomaly detected in the tri-view label is an anomaly with a size of 87 and a density of 5.549391013421956. The cluster ID is 232, and the time is Weekday (Sunday).",
        "key_features": [
          "dst_ip_freq: high",
          "dns_domain_name_freq: low"
        ],
        "cluster_novel": "unknown",
        "cluster_reason": "unknown",
        "alt_hypothesis": "burst scan",
        "attack_ref": "DDoS"
      },
      "B": {
        "label": 1,
        "self_conf": 0.2,
        "rationale": "I agree with the tri-view label because the cluster ID is 232, which is a known attack type (DDoS) and the cluster size is 87, which is relatively small.",
        "key_features": "dst_ip_freq: high, dns_domain_name_freq: high, duration: high, max_packets_len: high",
        "cluster_novel": "yes",
        "cluster_reason": "low density",
        "alt_hypothesis": "burst scan",
        "attack_ref": "DDoS"
      },
      "C": {
        "label": 1,
        "self_conf": 0.2,
        "rationale": "High packet frequency during weekends",
        "key_features": "dst_ip_freq: high",
        "cluster_novel": "no",
        "cluster_reason": "Low density",
        "alt_hypothesis": "Possible malware activity",
        "attack_ref": "Malware"
      }
    },
    "R2": {
      "A": {
        "self_conf_before": 0.2,
        "peer_scores": 0.2,
        "critique": "I agree with the tri-view label because the cluster ID is 232, which is a known attack type (DDoS) and the cluster size is 87, which is relatively small.",
        "revise_label": {
          "changed": true,
          "new_label": 1,
          "reason": "High packet frequency during weekends"
        },
        "self_conf_after": 0.2,
        "clarifying_question": "What is the reason for the peer's change in labeling the anomaly as DDoS?"
      },
      "B": {
        "revise_label": {
          "changed": false,
          "new_label": null,
          "reason": ""
        }
      },
      "C": {
        "self_conf_before": 0.2,
        "peer_scores": [
          0.2,
          0.2
        ],
        "critique": "I agree with the peers that the anomaly detected in the tri-view label is an anomaly with a size of 87 and a density of 5.549391013421956. The cluster ID is 232, and the time is Weekday (Sunday). However, my rationale is different. I believe that the anomaly may be a false positive due to the low density and the fact that the cluster is isolated.",
        "changed": false,
        "new_label": 1,
        "reason": "I have a lower confidence in the tri-view label due to the low density and the isolated cluster. Therefore, I believe that the anomaly may be a false positive.",
        "self_conf_after": 0.4,
        "clarifying_question": "Is there any other information or context that could contribute to the low density and the isolated cluster?"
      }
    },
    "R3": {
      "A": {
        "need_more_info": true,
        "questions": [
          {
            "label": "What is the reason for the peer's change in labeling the anomaly as DDoS?",
            "self_conf": 0.4,
            "rationale": "The peer's change in labeling the anomaly as DDoS is due to their revise label, which suggests that the peer believes the anomaly is a false positive due to the low density and the isolated cluster. The peer's change in labeling the anomaly as DDoS is not supported by the evidence provided in the Round-1 JSON."
          }
        ]
      },
      "B": {
        "need_more_info": false,
        "questions": [
          "What is the reason for the peer'S change in labeling the anomaly as DDoS?",
          "Is there any other information or context that could contribute to the low density and the isolated cluster?"
        ]
      },
      "C": {
        "label": 1,
        "self_conf": 0.2,
        "rationale": "High packet frequency during weekends",
        "key_features": "dst_ip_freq: high",
        "cluster_novel": "no",
        "cluster_reason": "Low density",
        "alt_hypothesis": "Possible malware activity",
        "attack_ref": "Malware"
      }
    },
    "judge": {
      "final_label": 1,
      "confidence": 0.5,
      "winning_agent": "A",
      "reason": "Agent A's rationale of 'High packet frequency during weekends' aligns with the tri-view label of DDoS attack and has a clear justification. While Agents B and C also agree with the tri-view label, their rationales are not as clear or definitive as Agent A's."
    }
  }
}