{
  "sample_summary": {
    "sample_id": "30-7",
    "tri_view_label": 0,
    "slm_final_vote": 1,
    "confidence": 0.8,
    "referee_label": 1
  },
  "debate_dynamics": {
    "dominant_agent": "B",
    "least_agent": "A"
  },
  "_rounds": {
    "R1": {
      "A": {},
      "B": {},
      "C": {
        "label": 0,
        "self_conf": 0.2,
        "rationale": "Low packet density on Sunday",
        "key_features": "dst_ip_freq: high",
        "cluster_novel": "no",
        "cluster_reason": "Low density",
        "alt_hypothesis": "Possibly malicious activity",
        "attack_ref": "Low density attack"
      }
    },
    "R2": {
      "A": {
        "self_conf_before": 0.0,
        "peer_scores": 0.0,
        "critique": "Low packet density on Sunday",
        "revise_label": {
          "changed": false,
          "new_label": 0,
          "reason": "Low packet density on Sunday"
        },
        "self_conf_after": 0.0,
        "clarifying_question": "Why did the peer reviewer change their label for this case?"
      },
      "B": {
        "self_conf_before": 0.5,
        "peer_scores": 0.2,
        "critique": "Peer 1's rationale is unclear. Can you elaborate?",
        "changed": false,
        "new_label": 1,
        "reason": "Peer 1's rationale is unclear. Can you elaborate?",
        "self_conf_after": 0.4,
        "clarifying_question": "What is the expected packet density on Sunday?"
      },
      "C": {
        "self_conf_before": 0.2,
        "peer_scores": [
          0,
          0
        ],
        "critique": "Low density attack on Sunday, possibly malicious activity based on low packet density on other days.",
        "changed": true,
        "new_label": 1,
        "reason": "The low density on Sunday suggests a possible malicious attack, but the lack of data on other days makes it uncertain.",
        "self_conf_after": 0.8,
        "clarifying_question": "Is the low density on Sunday a consistent indicator of malicious activity?"
      }
    },
    "R3": {
      "A": {},
      "B": {},
      "C": {}
    },
    "judge": {
      "final_label": 1,
      "confidence": 0.8,
      "winning_agent": "C",
      "reason": "Agent C's rationale provides a clear justification for the anomalous label based on the low packet density on Sunday, but the lack of data on other days makes it uncertain, which is why the confidence is set to 0.8."
    }
  }
}