{
  "sample_summary": {
    "sample_id": "30-8",
    "tri_view_label": 0,
    "slm_final_vote": 0,
    "confidence": 0.5,
    "referee_label": null
  },
  "debate_dynamics": {
    "dominant_agent": "A",
    "least_agent": "B"
  },
  "_rounds": {
    "R1": {
      "A": {
        "label": 0,
        "self_conf": 0.2,
        "rationale": "The attacker used a combination of IP addresses with high frequency in the DNS domain name and low frequency in the DDoS attack. The attacker also used a high duration and a low packet length. The attacker's size was medium, with a density of 2.2187686462607545, indicating a high probability of being a benign anomaly.",
        "key_features": [
          "dns_domain_name_freq: high",
          "dst_ip_freq: high"
        ],
        "cluster_novel": "yes",
        "cluster_reason": "low density",
        "alt_hypothesis": "burst scan",
        "attack_ref": "DDoS"
      },
      "B": {
        "label": 0,
        "self_conf": 0.2,
        "rationale": "I agree with the tri-view label because the cluster ID is 68, which is a known benign cluster.",
        "key_features": "dst_ip_freq: high, dns_domain_name_freq: low, duration: long, max_packets_len: high",
        "cluster_novel": "no",
        "cluster_reason": "low density",
        "alt_hypothesis": "burst scan",
        "attack_ref": "unknown"
      },
      "C": {
        "label": 0,
        "self_conf": 0.2,
        "rationale": "Low packet density on Sunday",
        "key_features": "dst_ip_freq: high",
        "cluster_novel": "no",
        "cluster_reason": "Low density",
        "alt_hypothesis": "Possibly malicious activity",
        "attack_ref": "Low density attack"
      }
    },
    "R2": {
      "A": {
        "self_conf_before": 0.2,
        "peer_scores": 0.2,
        "critique": "The attacker used a combination of IP addresses with high frequency in the DNS domain name and low frequency in the DDoS attack. The attacker also used a high duration and a low packet length. The attacker's size was medium, with a density of 2.2187686462607545, indicating a high probability of being a benign anomaly.",
        "revise_label": {
          "changed": true,
          "new_label": 0,
          "reason": "Low packet density on Sunday"
        },
        "self_conf_after": 0.2,
        "clarifying_question": "What is the new label assigned to the label of 0 after the peer predictions?"
      },
      "B": {
        "revise_label": {
          "changed": false,
          "new_label": null,
          "reason": ""
        }
      },
      "C": {
        "self_conf_before": 0.2,
        "peer_scores": [
          0.2,
          0.2
        ],
        "critique": "I agree with the peers that the cluster ID is 68, which is a known benign cluster. However, my original rationale suggested that the attack might be malicious based on the low packet density and high duration of the attack. Additionally, the attacker's size was medium, which is outside the range of typical bot sizes. This inconsistency suggests that further analysis may be necessary.",
        "changed": true,
        "new_label": 1,
        "reason": "The discrepancies between my original rationale and the peers' predictions suggest that further analysis may be necessary to determine the true nature of the attack.",
        "self_conf_after": 0.4,
        "clarifying_question": "Could the discrepancies be due to the limited sample size or the presence of other anomalies not captured in the data?"
      }
    },
    "R3": {
      "A": {},
      "B": {},
      "C": {
        "label": 0,
        "self_conf": 0.2,
        "rationale": "Low packet density on Sunday",
        "key_features": "dst_ip_freq: high",
        "cluster_novel": "no",
        "cluster_reason": "Low density",
        "alt_hypothesis": "Possibly malicious activity",
        "attack_ref": "Low density attack"
      }
    },
    "judge": {
      "_raw_output": "{\n  \"final_label\": 0,\n  \"confidence\": 0.3,\n  \"winning_agent\": \"C\",\n  \"reason\": \"Although all agents identified a potential anomaly with a label of 0, Agent C's rationale of 'Low packet density on Sunday' is the most specific and aligns with the data provided. However, the confidence is low due to the inconsistencies and uncertainties in the agents' predictions.\""
    }
  }
}