{
  "sample_summary": {
    "sample_id": "30-9",
    "tri_view_label": 1,
    "slm_final_vote": 1,
    "confidence": 0.8,
    "referee_label": 1
  },
  "debate_dynamics": {
    "dominant_agent": "A",
    "least_agent": "A"
  },
  "_rounds": {
    "R1": {
      "A": {
        "label": 1,
        "self_conf": 0.2,
        "rationale": "The anomaly detected in the tri-view label is an anomaly with a size of 201 and a density of 3.718585827803204. The cluster ID is 71, and the time is Weekday (Sunday).",
        "key_features": [
          "dst_ip_freq: high",
          "dns_domain_name_freq: low"
        ],
        "cluster_novel": "unknown",
        "cluster_reason": "unknown",
        "alt_hypothesis": "burst scan",
        "attack_ref": "DDoS"
      },
      "B": {
        "label": 1,
        "self_conf": 0.2,
        "rationale": "I agree with the tri-view label because the cluster ID is 71, which is a known attack type (DDoS) and the cluster size is 201, which is larger than the average cluster size of 3.718585827803204. The cluster density is also higher than the average density of 3.718585827803204, and the cluster is located in the same time zone as the tri-view label (Sunday).",
        "key_features": "dst_ip_freq: -0.318360616985454, dns_domain_name_freq: 1.404585951691209, duration: -0.1919551096975986, max_packets_len: -0.7403716212088873",
        "cluster_novel": "no",
        "cluster_reason": "The cluster is located in the same time zone as the tri-view label (Sunday), which is a known pattern for DDoS attacks. The cluster size and density are also higher than the average for this time zone, which is a known pattern for DDoS attacks.",
        "alt_hypothesis": "The cluster is likely a DDoS attack because of its size, density, and location in the same time zone as the tri-view label.",
        "attack_ref": "DDoS"
      },
      "C": {
        "label": 1,
        "self_conf": 0.2,
        "rationale": "Low density of dst_ip_freq and dns_domain_name_freq",
        "key_features": "dst_ip_freq: high, dns_domain_name_freq: low",
        "cluster_novel": "no",
        "cluster_reason": "Low density of both features suggests a potential attack",
        "alt_hypothesis": "Possible DNS cache poisoning attack",
        "attack_ref": "DNS cache poisoning"
      }
    },
    "R2": {
      "A": {
        "revise_label": {
          "changed": false,
          "new_label": null,
          "reason": ""
        }
      },
      "B": {
        "revise_label": {
          "changed": false,
          "new_label": null,
          "reason": ""
        }
      },
      "C": {
        "self_conf_before": 0.2,
        "peer_scores": [
          0.2,
          0.2
        ],
        "critique": "I agree with the tri-view label because the cluster ID is 71, which is a known attack type (DDoS) and the cluster size is 201, which is larger than the average cluster size of 3.718585827803204. The cluster density is also higher than the average density of 3.718585827803204, and the cluster is located in the same time zone as the tri-view label (Sunday).",
        "changed": true,
        "new_label": 1,
        "reason": "I believe the observed anomalies in the tri-view label and cluster suggest a potential DNS cache poisoning attack, which aligns with the cluster characteristics and time zone of the attack.",
        "self_conf_after": 0.8,
        "clarifying_question": "Could the observed anomalies be caused by other factors, such as DNS cache invalidation or legitimate traffic patterns?"
      }
    },
    "R3": {
      "A": {
        "label": 1,
        "self_conf": 0.8,
        "rationale": "The anomaly detected in the tri-view label is an anomaly with a size of 201 and a density of 3.718585827803204. The cluster ID is 71, and the time is Weekday (Sunday).",
        "key_features": [
          "dst_ip_freq: high",
          "dns_domain_name_freq: low"
        ],
        "cluster_novel": "unknown",
        "cluster_reason": "unknown",
        "alt_hypothesis": "burst scan",
        "attack_ref": "DDoS",
        "revise_label": {
          "changed": false,
          "new_label": null,
          "reason": ""
        }
      },
      "B": {},
      "C": {
        "label": 1,
        "self_conf": 0.2,
        "rationale": "Low density of dst_ip_freq and dns_domain_name_freq",
        "key_features": "dst_ip_freq: high, dns_domain_name_freq: low",
        "cluster_novel": "no",
        "cluster_reason": "Low density of both features suggests a potential attack",
        "alt_hypothesis": "Possible DNS cache poisoning attack",
        "attack_ref": "DNS cache poisoning"
      }
    },
    "judge": {
      "final_label": 1,
      "confidence": 0.8,
      "winning_agent": "C",
      "reason": "Agent C's hypothesis of a possible DNS cache poisoning attack aligns with the observed anomalies in the tri-view label and the low density of dst_ip_freq and dns_domain_name_freq. Although Agents A and B also suggest DDoS attacks, Agent C's hypothesis is more specific and provides a clearer justification for the anomaly."
    }
  }
}