{
  "sample_summary": {
    "sample_id": "31-0",
    "tri_view_label": 1,
    "slm_final_vote": 1,
    "confidence": 0.8,
    "referee_label": 1
  },
  "debate_dynamics": {
    "dominant_agent": "A",
    "least_agent": "B"
  },
  "_rounds": {
    "R1": {
      "A": {
        "label": 1,
        "self_conf": 0.2,
        "rationale": "The anomaly detected in the tri-view label is an anomaly with a size of 1103 and a density of 5.544207541499426. The cluster ID is 94, and the time is Weekday (Sunday).",
        "key_features": [
          "dst_ip_freq: high",
          "dns_domain_name_freq: -0.7119602307056717"
        ],
        "cluster_novel": "unknown",
        "cluster_reason": "unknown",
        "alt_hypothesis": "burst scan",
        "attack_ref": "DDoS"
      },
      "B": {
        "label": 1,
        "self_conf": 0.2,
        "rationale": "I agree with the tri-view label because the cluster ID is 94 and the cluster size is 1103, which is larger than the average cluster size of 5.544207541499426. Also, the cluster density is 5.544207541499426, which is higher than the average cluster density of 5.544207541499426. The cluster is also located in the same time zone as the tri-view label, which is Sunday. Therefore, I think the cluster is an anomaly.",
        "key_features": "dst_ip_freq: 0.9627162748000327, dns_domain_name_freq: -0.711960230705671, duration: -0.19224265274501, max_packets_len: 0.6938876922705691",
        "cluster_novel": "yes",
        "cluster_reason": "high density",
        "alt_hypothesis": "burst scan",
        "attack_ref": "DDoS"
      },
      "C": {
        "label": 1,
        "self_conf": 0.2,
        "rationale": "High packet frequency during weekends",
        "key_features": "dst_ip_freq: high",
        "cluster_novel": "no",
        "cluster_reason": "Low density",
        "alt_hypothesis": "Possible malware activity",
        "attack_ref": "Malware scanning"
      }
    },
    "R2": {
      "A": {
        "self_conf_before": 0.2,
        "peer_scores": 0.2,
        "critique": "The anomaly detected in the tri-view label is an anomaly with a size of 1103 and a density of 5.544207541499426. The cluster ID is 94, and the time is Weekday (Sunday).",
        "revise_label": {
          "changed": true,
          "new_label": 1,
          "reason": "High packet frequency during weekends"
        },
        "self_conf_after": 0.2,
        "clarifying_question": "Is the cluster detected in the tri-view label an anomaly or not?"
      },
      "B": {
        "revise_label": {
          "changed": false,
          "new_label": null,
          "reason": ""
        }
      },
      "C": {
        "self_conf_before": 0.2,
        "peer_scores": 0.2,
        "critique": "I agree with the tri-view label because the cluster ID is 94 and the cluster size is 1103, which is larger than the average cluster size of 5.544207541499426. Also, the cluster density is 5.544207541499426, which is higher than the average cluster density of 5.544207541499426. The cluster is also located in the same time zone as the tri-view label, which is Sunday.",
        "changed": false,
        "new_label": 1,
        "reason": "I believe the cluster is an anomaly based on the criteria used in the tri-view label.",
        "self_conf_after": 0.8,
        "clarifying_question": "Could the cluster be an outlier due to the high density, or is there another factor contributing to the anomaly?"
      }
    },
    "R3": {
      "A": {},
      "B": {
        "need_more_info": false,
        "questions": [
          "Could the cluster be an outlier due to the high density, or is there another factor contributing to the anomaly?"
        ]
      },
      "C": {
        "label": 1,
        "self_conf": 0.2,
        "rationale": "High packet frequency during weekends",
        "key_features": "dst_ip_freq: high",
        "cluster_novel": "no",
        "cluster_reason": "Low density",
        "alt_hypothesis": "Possible malware activity",
        "attack_ref": "Malware scanning"
      }
    },
    "judge": {
      "final_label": 1,
      "confidence": 0.8,
      "winning_agent": "C",
      "reason": "Agent C's confidence increased significantly in Round 2, and they provided a clear rationale based on the tri-view label's criteria. While Agents A and B also identified the anomaly, their confidence remained low and did not provide additional justification beyond the tri-view label."
    }
  }
}