{
  "sample_summary": {
    "sample_id": "31-1",
    "tri_view_label": 1,
    "slm_final_vote": 1,
    "confidence": 0.6,
    "referee_label": 1
  },
  "debate_dynamics": {
    "dominant_agent": "A",
    "least_agent": "A"
  },
  "_rounds": {
    "R1": {
      "A": {
        "label": 1,
        "self_conf": 0.2,
        "rationale": "The anomaly detected in this view is likely due to a high number of packets with the destination IP address 192.168.127.12. The feature 'dst_ip_freq' indicates that this IP address is frequently used in malicious traffic.",
        "key_features": [
          "dst_ip_freq: high"
        ],
        "cluster_novel": "unknown",
        "cluster_reason": "unknown",
        "alt_hypothesis": "burst scan",
        "attack_ref": "DDoS"
      },
      "B": {
        "label": 1,
        "self_conf": 0.2,
        "rationale": "I agree with the tri-view label because the cluster ID is 195, which is a known attack type (DDoS), and the cluster size is 1123, which is larger than the average cluster size of 5.3370857630087505. The cluster density is 5.3370857630087505, which is also higher than the average cluster density of 5.3370857630087505. The cluster is also located near the source IP address, which is 0.9627162748000327, which is a high-frequency IP address. These features indicate that the cluster is likely a DDoS attack, and I agree with the tri-view label.",
        "key_features": "dst_ip_freq: high, dns_domain_name_freq: low, duration: long, max_packets_len: high",
        "cluster_novel": "yes",
        "cluster_reason": "high density, large size, high frequency",
        "alt_hypothesis": "burst scan",
        "attack_ref": "DDoS"
      },
      "C": {
        "label": 1,
        "self_conf": 0.2,
        "rationale": "High packet frequency during weekends",
        "key_features": "dst_ip_freq: high",
        "cluster_novel": "no",
        "cluster_reason": "Low density",
        "alt_hypothesis": "Possible malware activity",
        "attack_ref": "Malware scanning"
      }
    },
    "R2": {
      "A": {
        "revise_label": {
          "changed": false,
          "new_label": null,
          "reason": ""
        }
      },
      "B": {
        "revise_label": {
          "changed": false,
          "new_label": null,
          "reason": ""
        }
      },
      "C": {
        "self_conf_before": 0.2,
        "peer_scores": [
          0.2,
          0.2
        ],
        "critique": "I agree with the peers that the cluster ID and density suggest a DDoS attack. However, the rationale provided by the agent A is more specific and provides additional details about the observed anomalies, such as the high packet frequency and the destination IP address. This additional information may be more valuable in understanding the attack mechanism, even if the overall label and confidence remain the same.",
        "changed": false,
        "new_label": 1,
        "reason": "Additional details provided by the agent A support the tri-view label, and the cluster characteristics suggest a DDoS attack.",
        "self_conf_after": 0.4,
        "clarifying_question": "Could the agent A provide more specific insights or evidence to support their label?"
      }
    },
    "R3": {
      "A": {},
      "B": {},
      "C": {
        "label": 1,
        "self_conf": 0.2,
        "rationale": "High packet frequency during weekends",
        "key_features": "dst_ip_freq: high",
        "cluster_novel": "no",
        "cluster_reason": "Low density",
        "alt_hypothesis": "Possible malware activity",
        "attack_ref": "Malware scanning"
      }
    },
    "judge": {
      "final_label": 1,
      "confidence": 0.6,
      "winning_agent": "B",
      "reason": "Agent B's rationale provides a more comprehensive explanation, including the high density, large size, and high frequency of the cluster, which aligns with the known characteristics of DDoS attacks. Agent A's rationale is also relevant but less detailed."
    }
  }
}