{
  "sample_summary": {
    "sample_id": "31-3",
    "tri_view_label": 1,
    "slm_final_vote": 1,
    "confidence": 0.8,
    "referee_label": 1
  },
  "debate_dynamics": {
    "dominant_agent": "A",
    "least_agent": "B"
  },
  "_rounds": {
    "R1": {
      "A": {
        "label": 1,
        "self_conf": 0.2,
        "rationale": "The anomaly detected in the tri-view label is an anomaly with a size of 1122 and a density of 5.532178636932586. The cluster ID is 82, and the time is Weekday (Sunday).",
        "key_features": [
          "dst_ip_freq: high",
          "dns_domain_name_freq: -0.7119602307056717"
        ],
        "cluster_novel": "unknown",
        "cluster_reason": "unknown",
        "alt_hypothesis": "burst scan",
        "attack_ref": "DDoS"
      },
      "B": {
        "label": 1,
        "self_conf": 0.2,
        "rationale": "I agree with the tri-view label because the cluster ID is 82, which is a known attack type.",
        "key_features": "dst_ip_freq: 0.962, dns_domain_name_freq: -0.711, duration: -0.192, max_packets_len: 0.693",
        "cluster_novel": "yes",
        "cluster_reason": "low density",
        "alt_hypothesis": "burst scan",
        "attack_ref": "DDoS"
      },
      "C": {
        "label": 1,
        "self_conf": 0.2,
        "rationale": "High packet frequency during weekends",
        "key_features": "dst_ip_freq: high",
        "cluster_novel": "no",
        "cluster_reason": "Low density",
        "alt_hypothesis": "Possible malware activity",
        "attack_ref": "Malware scanning"
      }
    },
    "R2": {
      "A": {
        "self_conf_before": 0.2,
        "peer_scores": 0.2,
        "critique": "The anomaly detected in the tri-view label is an anomaly with a size of 1122 and a density of 5.532178636932586. The cluster ID is 82, and the time is Weekday (Sunday).",
        "revise_label": {
          "changed": true,
          "new_label": 1,
          "reason": "The peer predictions suggest that the anomaly detected in the tri-view label is an anomaly with a size of 1122 and a density of 5.532178636932586. The cluster ID is 82, and the time is Weekday (Sunday)."
        },
        "self_conf_after": 0.2,
        "clarifying_question": "What are the peer predictions suggesting for the anomaly detected in the tri-view label, and how does this differ from the original label?"
      },
      "B": {
        "revise_label": {
          "changed": false,
          "new_label": null,
          "reason": ""
        }
      },
      "C": {
        "self_conf_before": 0.2,
        "peer_scores": [
          0.2,
          0.2
        ],
        "critique": "I agree with the peers that the anomaly detected in the tri-view label is an anomaly with a size of 1122 and a density of 5.532178636932586. The cluster ID is 82, and the time is Weekday (Sunday). However, my rationale is different. I believe that the anomaly may be a false positive due to the low density and the fact that it occurs on a Sunday, which is typically a less active time for malware attacks.",
        "changed": false,
        "new_label": 1,
        "reason": "I believe that the anomaly may be a false positive due to the low density and the fact that it occurs on a Sunday, which is typically a less active time for malware attacks.",
        "self_conf_after": 0.8,
        "clarifying_question": "Is there any evidence other than the low density and Sunday time that could support the claim that this anomaly is a false positive?"
      }
    },
    "R3": {
      "A": {},
      "B": {},
      "C": {
        "label": 1,
        "self_conf": 0.2,
        "rationale": "High packet frequency during weekends",
        "key_features": "dst_ip_freq: high",
        "cluster_novel": "no",
        "cluster_reason": "Low density",
        "alt_hypothesis": "Possible malware activity",
        "attack_ref": "Malware scanning"
      }
    },
    "judge": {
      "final_label": 1,
      "confidence": 0.8,
      "winning_agent": "C",
      "reason": "Agent C's rationale of high packet frequency during weekends aligns with the given data, and although all agents agree on the label, Agent C's justification is unique and provides an additional perspective."
    }
  }
}