{
  "sample_summary": {
    "sample_id": "31-4",
    "tri_view_label": 1,
    "slm_final_vote": 1,
    "confidence": 0.6,
    "referee_label": 1
  },
  "debate_dynamics": {
    "dominant_agent": "B",
    "least_agent": "A"
  },
  "_rounds": {
    "R1": {
      "A": {
        "label": 1,
        "self_conf": 0.2,
        "rationale": "The anomaly detected in the tri-view label is an anomaly with a tri-view label of 1 (anomaly) and confidence of 0.2. The cluster ID is 195, with a size of 1123, density of 5.3370857630087505, and a distance of 0.0853923123006764.",
        "key_features": [
          "dst_ip_freq: high"
        ],
        "cluster_novel": "unknown",
        "cluster_reason": "unknown",
        "alt_hypothesis": "burst scan",
        "attack_ref": "DDoS"
      },
      "B": {
        "label": 1,
        "self_conf": 0.2,
        "rationale": "I agree with the tri-view label because the cluster ID is 195, which is a known anomaly cluster. The cluster size is 1123, which is larger than the average cluster size of 5.3370857630087505. The cluster density is 5.3370857630087505, which is also higher than the average cluster density of 5.3370857630087505. The cluster is also located in a high-density area, which increases the likelihood of anomalies. The cluster is also located on a Sunday, which is a weekend and may have more anomalies due to increased network traffic. Therefore, I agree with the tri-view label and the cluster ID is an anomaly.",
        "key_features": "dst_ip_freq: high, dns_domain_name_freq: low, duration: long, max_packets_len: high",
        "cluster_novel": "yes",
        "cluster_reason": "high density, high traffic",
        "alt_hypothesis": "burst scan",
        "attack_ref": "DDoS"
      },
      "C": {
        "label": 1,
        "self_conf": 0.2,
        "rationale": "High packet frequency during weekends",
        "key_features": "dst_ip_freq: high",
        "cluster_novel": "no",
        "cluster_reason": "Low density",
        "alt_hypothesis": "Possible malware activity",
        "attack_ref": "Malware scanning"
      }
    },
    "R2": {
      "A": {
        "revise_label": {
          "changed": false,
          "new_label": null,
          "reason": ""
        }
      },
      "B": {
        "self_conf_before": 0.2,
        "peer_scores": 0.2,
        "critique": "I agree with the tri-view label because the cluster ID is 195, which is a known anomaly cluster. The cluster size is 1123, which is larger than the average cluster size of 5.3370857630087505. The cluster density is 5.3370857630087505, which is also higher than the average cluster density of 5.3370857630087505. The cluster is also located in a high-density area, which increases the likelihood of anomalies. The cluster is also located on a Sunday, which is a weekend and may have more anomalies due to increased network traffic. Therefore, I agree with the tri-view label and the cluster ID is an anomaly.",
        "changed": true,
        "new_label": 1,
        "reason": "I changed my label because the cluster ID is an anomaly and the cluster size and density are higher than the average. The cluster is also located in a high-density area and on a weekend, which increases the likelihood of anomalies.",
        "self_conf_after": 0.2,
        "clarifying_question": "What is the cluster ID of the anomaly?"
      },
      "C": {
        "self_conf_before": 0.2,
        "peer_scores": [
          0.2,
          0.2
        ],
        "critique": "I agree with the peers that the cluster ID is an anomaly, but I have a different rationale. My rationale focuses on the high density and location of the cluster, which may be more relevant for anomaly detection.",
        "changed": false,
        "new_label": 1,
        "reason": "I have a higher confidence in the tri-view label due to the presence of multiple anomalies in the cluster. Additionally, the cluster location and density are more significant factors for my analysis compared to the peers' focus on the tri-view label.",
        "self_conf_after": 0.4,
        "clarifying_question": "How can we further understand the impact of the cluster location and density on anomaly detection?"
      }
    },
    "R3": {
      "A": {},
      "B": {},
      "C": {
        "label": 1,
        "self_conf": 0.2,
        "rationale": "High packet frequency during weekends",
        "key_features": "dst_ip_freq: high",
        "cluster_novel": "no",
        "cluster_reason": "Low density",
        "alt_hypothesis": "Possible malware activity",
        "attack_ref": "Malware scanning"
      }
    },
    "judge": {
      "final_label": 1,
      "confidence": 0.6,
      "winning_agent": "B",
      "reason": "Agent B's rationale provides a more comprehensive justification for the anomaly being an anomaly, as they consider the cluster size, density, location, and day of the week. While Agent C also agrees with the anomaly label, their rationale focuses only on the high packet frequency during weekends and does not provide as much detail as Agent B's justification."
    }
  }
}