{
  "sample_summary": {
    "sample_id": "31-6",
    "tri_view_label": 1,
    "slm_final_vote": 1,
    "confidence": 0.4,
    "referee_label": 1
  },
  "debate_dynamics": {
    "dominant_agent": "A",
    "least_agent": "B"
  },
  "_rounds": {
    "R1": {
      "A": {
        "label": 1,
        "self_conf": 0.2,
        "rationale": "The anomaly detected in the tri-view label is an anomaly with a size of 1122 and a density of 5.532178636932586. The cluster ID is 82, and the time is Weekday (Sunday).",
        "key_features": [
          "dst_ip_freq: high",
          "dns_domain_name_freq: -0.7119602307056717"
        ],
        "cluster_novel": "unknown",
        "cluster_reason": "unknown",
        "alt_hypothesis": "burst scan",
        "attack_ref": "DDoS"
      },
      "B": {
        "label": 1,
        "self_conf": 0.2,
        "rationale": "I agree with the tri-view label because the cluster ID is 82, which is a known attack type.",
        "key_features": "dst_ip_freq: 0.962, dns_domain_name_freq: -0.711, duration: -0.192, max_packets_len: 0.693",
        "cluster_novel": "no",
        "cluster_reason": "low density",
        "alt_hypothesis": "false positive",
        "attack_ref": "DDoS"
      },
      "C": {
        "label": 1,
        "self_conf": 0.2,
        "rationale": "High packet frequency during weekends",
        "key_features": "dst_ip_freq: high",
        "cluster_novel": "no",
        "cluster_reason": "Low density",
        "alt_hypothesis": "Possible malware activity",
        "attack_ref": "Malware detected"
      }
    },
    "R2": {
      "A": {
        "self_conf_before": 0.2,
        "peer_scores": 0.2,
        "critique": "The anomaly detected in the tri-view label is an anomaly with a size of 1122 and a density of 5.532178636932586. The cluster ID is 82, and the time is Weekday (Sunday).",
        "revise_label": {
          "changed": true,
          "new_label": 1,
          "reason": "The peer predictions suggest that the anomaly detected in the tri-view label is an anomaly with a size of 1122 and a density of 5.532178636932586. The cluster ID is 82, and the time is Weekday (Sunday)."
        },
        "self_conf_after": 0.2,
        "clarifying_question": "What are the peer predictions suggesting for the anomaly detected in the tri-view label, and how does this differ from the original label?"
      },
      "B": {
        "revise_label": {
          "changed": false,
          "new_label": null,
          "reason": ""
        }
      },
      "C": {
        "self_conf_before": 0.2,
        "peer_scores": [
          0.2,
          0.2
        ],
        "critique": "My rationale seems to be aligned with the peers' predictions, but I need more context to fully understand the situation.",
        "changed": true,
        "new_label": 1,
        "reason": "The presence of an anomaly with specific characteristics (cluster ID 82, time Sunday) suggests a possible malware attack, which aligns with the tri-view label.",
        "self_conf_after": 0.4,
        "clarifying_question": "Could there be other factors contributing to this anomaly besides malware? Perhaps the packet distribution is skewed due to a specific application running on the cluster."
      }
    },
    "R3": {
      "A": {},
      "B": {},
      "C": {
        "label": 1,
        "self_conf": 0.2,
        "rationale": "High packet frequency during weekends",
        "key_features": "dst_ip_freq: high",
        "cluster_novel": "no",
        "cluster_reason": "Low density",
        "alt_hypothesis": "Possible malware activity",
        "attack_ref": "Malware detected"
      }
    },
    "judge": {
      "final_label": 1,
      "confidence": 0.4,
      "winning_agent": "C",
      "reason": "Agent C's hypothesis of possible malware activity aligns with the tri-view label, and the consensus among agents in Round 2 supports this label. However, the confidence is relatively low due to the limited information provided."
    }
  }
}