{
  "sample_summary": {
    "sample_id": "31-7",
    "tri_view_label": 1,
    "slm_final_vote": 1,
    "confidence": 0.6,
    "referee_label": 1
  },
  "debate_dynamics": {
    "dominant_agent": "A",
    "least_agent": "C"
  },
  "_rounds": {
    "R1": {
      "A": {
        "label": 1,
        "self_conf": 0.2,
        "rationale": "The anomaly detected in the tri-view label is an anomaly with a size of 89 and a density of 5.099106723216707. The cluster ID is 110, and the time is Weekday (Sunday).",
        "key_features": [
          "dst_ip_freq: high",
          "dns_domain_name_freq: 1.4045859516912094"
        ],
        "cluster_novel": "unknown",
        "cluster_reason": "unknown",
        "alt_hypothesis": "burst scan",
        "attack_ref": "DDoS"
      },
      "B": {
        "label": 1,
        "self_conf": 0.2,
        "rationale": "I agree with the tri-view label because the cluster ID is 110, which is a known attack type.",
        "key_features": "dst_ip_freq: high, dns_domain_name_freq: high, duration: high, max_packets_len: high",
        "cluster_novel": "yes",
        "cluster_reason": "low density",
        "alt_hypothesis": "burst scan",
        "attack_ref": "DDoS"
      },
      "C": {
        "label": 1,
        "self_conf": 0.2,
        "rationale": "High packet frequency during weekends",
        "key_features": "dst_ip_freq: high",
        "cluster_novel": "no",
        "cluster_reason": "Low density",
        "alt_hypothesis": "Possible malware activity",
        "attack_ref": "Malware"
      }
    },
    "R2": {
      "A": {
        "self_conf_before": 0.2,
        "peer_scores": 0.2,
        "critique": "I agree with the tri-view label because the cluster ID is 110, which is a known attack type.",
        "revise_label": {
          "changed": false,
          "new_label": 1,
          "reason": "High packet frequency during weekends"
        },
        "self_conf_after": 0.2,
        "clarifying_question": "What is the reason for the peer's change in label?"
      },
      "B": {
        "self_conf_before": 0.2,
        "peer_scores": 0.2,
        "critique": "I agree with the tri-view label because the cluster ID is 110, which is a known attack type.",
        "changed": false,
        "new_label": 1,
        "reason": "I changed my label because the cluster ID is 110, which is a known attack type.",
        "self_conf_after": 0.2,
        "clarifying_question": "What is the cluster ID?"
      },
      "C": {
        "self_conf_before": 0.2,
        "peer_scores": [
          0.2,
          0.2
        ],
        "critique": "My rationale seems to be aligned with the peers, but I need more context to fully understand the situation.",
        "changed": true,
        "new_label": 1,
        "reason": "I believe the observed anomaly might be related to a malware attack based on the cluster ID and the unusual packet frequency during weekends.",
        "self_conf_after": 0.4,
        "clarifying_question": "Could the observed anomalies be caused by a combination of factors, including malware and legitimate network activity?"
      }
    },
    "R3": {
      "A": {
        "need_more_info": true,
        "questions": [
          {
            "label": "What is the cluster ID?",
            "self_conf": 0.4,
            "rationale": "My rationale seems to be aligned with the peers, but I need more context to fully understand the situation.",
            "clarifying_question": "What is the cluster ID?"
          },
          {
            "label": "Could the observed anomalies be caused by a combination of factors, including malware and legitimate network activity?",
            "self_conf": 0.2,
            "rationale": "I agree with the tri-view label because the cluster ID is 110, which is a known attack type.",
            "clarifying_question": "Could the observed anomalies be caused by a combination of factors, including malware and legitimate network activity?"
          }
        ]
      },
      "B": {
        "need_more_info": false,
        "questions": [
          "What is the reason for the peer'S change in label?",
          "Could the observed anomalies be caused by a combination of factors, including malware and legitimate network activity?"
        ]
      },
      "C": {
        "need_more_info": false,
        "questions": [
          "What is the reason for the peer's change in label?"
        ]
      }
    },
    "judge": {
      "final_label": 1,
      "confidence": 0.6,
      "winning_agent": "C",
      "reason": "Agent C's revised label and reasoning align with the tri-view label, and they have a higher self-confidence after the debate. The cluster ID being a known attack type, as stated by Agent B, supports Agent C's hypothesis of possible malware activity."
    }
  }
}