{
  "sample_summary": {
    "sample_id": "31-8",
    "tri_view_label": 1,
    "slm_final_vote": 1,
    "confidence": 0.8,
    "referee_label": 1
  },
  "debate_dynamics": {
    "dominant_agent": "A",
    "least_agent": "C"
  },
  "_rounds": {
    "R1": {
      "A": {
        "label": 1,
        "self_conf": 0.2,
        "rationale": "The anomaly detected in this view is likely due to a high density of packets with a low packet size (1123 bytes) and a low packet count (1123). This is consistent with a DDoS attack.",
        "key_features": [
          "dst_ip_freq: high",
          "dns_domain_name_freq: -0.7119602307056717"
        ],
        "cluster_novel": "unknown",
        "cluster_reason": "unknown",
        "alt_hypothesis": "burst scan",
        "attack_ref": "DDoS"
      },
      "B": {
        "label": 1,
        "self_conf": 0.2,
        "rationale": "I agree with the tri-view label because the cluster ID is 195, which is a known attack type (DDoS) and the cluster size is large (1123) and the density is high (5.3370857630087505) and the distance is low (0.17169958598744797).",
        "key_features": "dst_ip_freq: 0.962, dns_domain_name_freq: -0.711, duration: -0.192, max_packets_len: 0.693",
        "cluster_novel": "no",
        "cluster_reason": "low density",
        "alt_hypothesis": "burst scan",
        "attack_ref": "DDoS"
      },
      "C": {
        "label": 1,
        "self_conf": 0.2,
        "rationale": "High packet frequency during weekends",
        "key_features": "dst_ip_freq: high",
        "cluster_novel": "no",
        "cluster_reason": "Low density",
        "alt_hypothesis": "Possible malware activity",
        "attack_ref": "Malware scanning"
      }
    },
    "R2": {
      "A": {
        "self_conf_before": 0.2,
        "peer_scores": 0.2,
        "critique": "Revise label: DDoS",
        "revise_label": {
          "changed": true,
          "new_label": 1,
          "reason": "High packet frequency during weekends"
        },
        "self_conf_after": 0.2,
        "clarifying_question": "What is the significance of the high packet frequency during weekends in the context of the anomaly detected in this view, and how does it relate to the label of DDoS?"
      },
      "B": {
        "self_conf_before": 0.2,
        "peer_scores": 0.2,
        "critique": "I agree with the tri-view label because the cluster ID is 195, which is a known attack type (DDoS) and the cluster size is large (1123) and the density is high (5.3370857630087505) and the distance is low (0.17169958598744797).",
        "changed": true,
        "new_label": 1,
        "reason": "I changed my label because the cluster ID is a known attack type and the cluster size and density are high.",
        "self_conf_after": 0.5,
        "clarifying_question": "What is the cluster ID of the attack?"
      },
      "C": {
        "self_conf_before": 0.2,
        "peer_scores": [
          0.2,
          0.2
        ],
        "critique": "I agree with the peers that the anomaly detected in this view is likely due to a DDoS attack based on the cluster ID and the high density and low count of packets. However, I have a different rationale.",
        "changed": true,
        "new_label": 1,
        "reason": "I have observed a high density of small packets with low size and low count, which is consistent with a DDoS attack. Additionally, the cluster ID and the density are both high, which are typical characteristics of DDoS attacks.",
        "self_conf_after": 0.8,
        "clarifying_question": "Could the packet size distribution be further analyzed to gain more insights into the attack type?"
      }
    },
    "R3": {
      "A": {},
      "B": {},
      "C": {
        "label": 1,
        "self_conf": 0.8,
        "rationale": "I have observed a high density of small packets with low size and low count, which is consistent with a DDoS attack. Additionally, the cluster ID and the density are both high, which are typical characteristics of DDoS attacks.",
        "key_features": "dst_ip_freq: high",
        "cluster_novel": "no",
        "cluster_reason": "Low density",
        "alt_hypothesis": "Possible malware activity",
        "attack_ref": "Malware scanning"
      }
    },
    "judge": {
      "final_label": 1,
      "confidence": 0.8,
      "winning_agent": "C",
      "reason": "Agent C's rationale is most compelling as they provide an explanation for the high density of small packets and the high cluster ID, which are consistent with a DDoS attack. Additionally, their self-confidence is the highest among the agents."
    }
  }
}