{
  "sample_summary": {
    "sample_id": "32-1",
    "tri_view_label": 1,
    "slm_final_vote": 1,
    "confidence": 0.8,
    "referee_label": 1
  },
  "debate_dynamics": {
    "dominant_agent": "A",
    "least_agent": "C"
  },
  "_rounds": {
    "R1": {
      "A": {},
      "B": {
        "label": 1,
        "self_conf": 0.2,
        "rationale": "I agree with the tri-view label because the cluster ID is 195, which is a known attack type.",
        "key_features": "dst_ip_freq: 0.962, dns_domain_name_freq: -0.711, duration: -0.192, max_packets_len: 0.693",
        "cluster_novel": "no",
        "cluster_reason": "low density",
        "alt_hypothesis": "burst scan",
        "attack_ref": "DDoS"
      },
      "C": {
        "label": 1,
        "self_conf": 0.2,
        "rationale": "High packet frequency during weekends",
        "key_features": "dst_ip_freq: high",
        "cluster_novel": "no",
        "cluster_reason": "Low packet density on weekends",
        "alt_hypothesis": "Possible bot activity on weekends",
        "attack_ref": "Weekend bot activity"
      }
    },
    "R2": {
      "A": {
        "self_conf_before": 0.2,
        "peer_scores": 0.2,
        "critique": "I agree with the tri-view label because the cluster ID is 195, which is a known attack type.",
        "revise_label": {
          "changed": true,
          "new_label": 1,
          "reason": "High packet frequency during weekends"
        },
        "self_conf_after": 0.2,
        "clarifying_question": "Why do you agree with the tri-view label despite the cluster ID being 195, which is a known attack type?"
      },
      "B": {
        "self_conf_before": 0.2,
        "peer_scores": 0.2,
        "critique": "I agree with the tri-view label because the cluster ID is 195, which is a known attack type.",
        "changed": false,
        "new_label": 1,
        "reason": "I changed my label because of the cluster ID.",
        "self_conf_after": 0.2,
        "clarifying_question": "What is the cluster ID?"
      },
      "C": {
        "self_conf_before": 0.2,
        "peer_scores": [
          0.2,
          0.8
        ],
        "critique": "I agree with the tri-view label because the cluster ID is 195, which is a known attack type.",
        "changed": true,
        "new_label": 1,
        "reason": "I changed the label to 1 based on the new evidence of bot activity on weekends.",
        "self_conf_after": 0.8,
        "clarifying_question": "Is there any evidence besides the cluster ID to support the tri-view label of 1?"
      }
    },
    "R3": {
      "A": {},
      "B": {},
      "C": {}
    },
    "judge": {
      "final_label": 1,
      "confidence": 0.8,
      "winning_agent": "C",
      "reason": "Agent C provided the strongest justification for the tri-view label of 1, with evidence of high packet frequency during weekends and a revised confidence of 0.8."
    }
  }
}