{
  "sample_summary": {
    "sample_id": "32-4",
    "tri_view_label": 1,
    "slm_final_vote": 1,
    "confidence": 0.8,
    "referee_label": 1
  },
  "debate_dynamics": {
    "dominant_agent": "A",
    "least_agent": "A"
  },
  "_rounds": {
    "R1": {
      "A": {
        "label": 1,
        "self_conf": 0.2,
        "rationale": "The anomaly detected in the tri-view label is an anomaly with a tri-view label of 1 (anomaly) and confidence of 0.2. The cluster ID is 195, with a size of 1012, a density of 5.3952368334892755, and a distance of 0.3017201176341336.",
        "key_features": [
          "dst_ip_freq: high",
          "dns_domain_name_freq: -0.7119602307056717"
        ],
        "cluster_novel": "unknown",
        "cluster_reason": "unusual size",
        "alt_hypothesis": "false positive",
        "attack_ref": "DDoS"
      },
      "B": {
        "label": 1,
        "self_conf": 0.2,
        "rationale": "I agree with the tri-view label because the cluster ID is 195, which is a known attack type (DDoS) and the cluster size is 1012, which is larger than the average cluster size of 5.3952368334892755. The cluster density is also higher than the average density of 5.39523633, which indicates a high probability of an attack. The cluster is also located near the source IP address, which suggests a possible attack from that direction. The cluster duration is also longer than the average duration of 0.192, which indicates a prolonged attack. The cluster max_packets_len is also higher than the average max_packets_len of 0.693, which indicates a high volume of packets. Therefore, I agree with the tri-view label and the cluster label is 1.",
        "key_features": "dst_ip_freq: high, dns_domain_name_freq: low, duration: long, max_packets_len: high",
        "cluster_novel": "yes",
        "cluster_reason": "high density, long duration, high volume",
        "alt_hypothesis": "DDoS attack",
        "attack_ref": "DDoS"
      },
      "C": {
        "label": 1,
        "self_conf": 0.2,
        "rationale": "High packet frequency during weekends",
        "key_features": "dst_ip_freq: high",
        "cluster_novel": "no",
        "cluster_reason": "Low density",
        "alt_hypothesis": "Possible malware activity",
        "attack_ref": "Malware scanning"
      }
    },
    "R2": {
      "A": {
        "revise_label": {
          "changed": false,
          "new_label": null,
          "reason": ""
        }
      },
      "B": {
        "revise_label": {
          "changed": false,
          "new_label": null,
          "reason": ""
        }
      },
      "C": {
        "self_conf_before": 0.2,
        "peer_scores": [
          0.2,
          0.2
        ],
        "critique": "I agree with the tri-view label and the cluster label is 1.",
        "changed": false,
        "new_label": 1,
        "reason": "The cluster label is 1 based on the tri-view label and the cluster characteristics suggest an attack, which aligns with my original rationale.",
        "self_conf_after": 0.8,
        "clarifying_question": "Could the observed anomalies be caused by legitimate factors, such as network fluctuations or legitimate malware activity?"
      }
    },
    "R3": {
      "A": {
        "label": 1,
        "self_conf": 0.8,
        "rationale": "The anomaly detected in the tri-view label is an anomaly with a tri-view label of 1 (anomaly) and confidence of 0.8. The cluster ID is 195, with a size of 1012, a density of 5.3952368334892755, and a distance of 0.3017201176341336.",
        "key_features": [
          "dst_ip_freq: high",
          "dns_domain_name_freq: -0.7119602307056717"
        ],
        "cluster_novel": "unknown",
        "cluster_reason": "unusual size",
        "alt_hypothesis": "false positive",
        "attack_ref": "DDoS",
        "revise_label": {
          "changed": false,
          "new_label": null,
          "reason": ""
        }
      },
      "B": {},
      "C": {
        "label": 1,
        "self_conf": 0.2,
        "rationale": "High packet frequency during weekends",
        "key_features": "dst_ip_freq: high",
        "cluster_novel": "no",
        "cluster_reason": "Low density",
        "alt_hypothesis": "Possible malware activity",
        "attack_ref": "Malware scanning"
      }
    },
    "judge": {
      "final_label": 1,
      "confidence": 0.8,
      "winning_agent": "A",
      "reason": "Agent A's confidence level is the highest among the agents, and their rationale aligns with the tri-view label and the cluster characteristics, indicating an attack. Agent B's rationale also supports the attack hypothesis, but Agent A's confidence level is higher."
    }
  }
}