{
  "sample_summary": {
    "sample_id": "32-5",
    "tri_view_label": 1,
    "slm_final_vote": 1,
    "confidence": 0.4,
    "referee_label": 1
  },
  "debate_dynamics": {
    "dominant_agent": "A",
    "least_agent": "C"
  },
  "_rounds": {
    "R1": {
      "A": {
        "label": 1,
        "self_conf": 0.2,
        "rationale": "Anomaly detected due to high number of packets with destination IP address 192.168.127.12 and low packet size (0.6938876922705691).",
        "key_features": [
          "dst_ip_freq: high",
          "dns_domain_name_freq: low"
        ],
        "cluster_novel": "unknown",
        "cluster_reason": "unknown",
        "alt_hypothesis": "burst scan",
        "attack_ref": "DDoS"
      },
      "B": {
        "label": 1,
        "self_conf": 0.2,
        "rationale": "The sample is far from the cluster centroid and in a sparse cluster.",
        "key_features": "dst_ip_freq: -3.0958036641743654, dns_domain_name_freq: 1.4045859516912094, duration: -0.1921405082401957, max_packets_len: 0.6938876922705691",
        "cluster_novel": "yes",
        "cluster_reason": "sample is far from the cluster centroid and in a sparse cluster",
        "alt_hypothesis": "burst scan",
        "attack_ref": "DDoS"
      },
      "C": {
        "label": 1,
        "self_conf": 0.2,
        "rationale": "Low density of dst_ip_freq and dns_domain_name_freq suggest a potential outlier",
        "key_features": "dst_ip_freq: high, dns_domain_name_freq: high",
        "cluster_novel": "no",
        "cluster_reason": "Low density of features suggests an outlier",
        "alt_hypothesis": "Possible malicious activity based on outlier behavior",
        "attack_ref": "Anomaly detected in dst_ip_freq and dns_domain_name_freq"
      }
    },
    "R2": {
      "A": {
        "self_conf_before": 0.2,
        "peer_scores": 0.2,
        "critique": "The sample is far from the cluster centroid and in a sparse cluster. Low density of dst_ip_freq and dns_domain_name_freq suggest a potential outlier.",
        "revise_label": {
          "changed": true,
          "new_label": 1,
          "reason": "Low density of dst_ip_freq and dns_domain_name_freq suggest a potential outlier"
        },
        "self_conf_after": 0.2,
        "clarifying_question": "What factors contributed to the low density of dst_ip_freq and dns_domain_name_freq in the sample, and how does this suggest a potential outlier?"
      },
      "B": {
        "self_conf_before": 0.2,
        "peer_scores": 0.2,
        "critique": "The sample is far from the cluster centroid and in a sparse cluster.",
        "changed": false,
        "new_label": 1,
        "reason": "The sample is far from the cluster centroid and in a sparse cluster.",
        "self_conf_after": 0.2,
        "clarifying_question": "What is the cluster centroid?"
      },
      "C": {
        "self_conf_before": 0.2,
        "peer_scores": [
          0.2,
          0.2
        ],
        "critique": "The rationale suggests an outlier, but the supporting details are not clear. More context is needed to determine the actual anomaly type.",
        "changed": true,
        "new_label": 1,
        "reason": "The sample exhibits characteristics of an outlier based on the high density of dst_ip_freq and dns_domain_name_freq, but the rationale lacks specific details to confirm the outlier type.",
        "self_conf_after": 0.4,
        "clarifying_question": "Could the outlier be caused by a legitimate but rare event, such as a botnet activity? Further analysis is needed to determine the actual anomaly type."
      }
    },
    "R3": {
      "A": {
        "need_more_info": true,
        "questions": [
          {
            "label": "What factors contributed to the low density of dst_ip_freq and dns_domain_name_freq in the sample, and how does this suggest a potential outlier?",
            "self_conf": 0.2,
            "rationale": "The sample is far from the cluster centroid and in a sparse cluster. Low density of dst_ip_freq and dns_domain_name_freq suggest a potential outlier.",
            "key_features": [
              "dst_ip_freq: high",
              "dns_domain_name_freq: low"
            ],
            "cluster_novel": "unknown",
            "cluster_reason": "unknown",
            "alt_hypothesis": "burst scan",
            "attack_ref": "DDoS"
          }
        ],
        "clarifying_question": "What factors contributed to the low density of dst_ip_freq and dns_domain_name_freq in the sample, and how does this suggest a potential outlier?"
      },
      "B": {},
      "C": {
        "label": 1,
        "self_conf": 0.4,
        "rationale": "The sample exhibits characteristics of an outlier based on the high density of dst_ip_freq and dns_domain_name_freq, but the rationale lacks specific details to confirm the outlier type.",
        "key_features": "dst_ip_freq: high, dns_domain_name_freq: high",
        "cluster_novel": "no",
        "cluster_reason": "Low density of features suggests an outlier",
        "alt_hypothesis": "Possible malicious activity based on outlier behavior",
        "attack_ref": "Anomaly detected in dst_ip_freq and dns_domain_name_freq"
      }
    },
    "judge": {
      "final_label": 1,
      "confidence": 0.4,
      "winning_agent": "C",
      "reason": "Agent C's rationale suggests that the high density of dst_ip_freq and dns_domain_name_freq in the sample indicates an outlier. While Agent A and Agent B also identified anomalous behavior, their rationales did not provide sufficient details to confirm the outlier type."
    }
  }
}