{
  "sample_summary": {
    "sample_id": "32-8",
    "tri_view_label": 1,
    "slm_final_vote": 1,
    "confidence": 0.6,
    "referee_label": 1
  },
  "debate_dynamics": {
    "dominant_agent": "A",
    "least_agent": "B"
  },
  "_rounds": {
    "R1": {
      "A": {
        "label": 1,
        "self_conf": 0.2,
        "rationale": "The anomaly detected in the tri-view label is an anomaly with a size of 1004 and a density of 5.471036195199673. The cluster ID is 94, and the time is Weekday (Sunday).",
        "key_features": [
          "dst_ip_freq: high",
          "dns_domain_name_freq: -0.7119602307056717"
        ],
        "cluster_novel": "unknown",
        "cluster_reason": "unknown",
        "alt_hypothesis": "burst scan",
        "attack_ref": "DDoS"
      },
      "B": {
        "label": 1,
        "self_conf": 0.2,
        "rationale": "I agree with the tri-view label because the cluster ID is 94, which is a known attack type (DDoS) and the cluster size is 1004, which is larger than the average cluster size of 5.4. The cluster density is 5.4, which is also higher than the average cluster density of 5.4. The cluster is also located in a high-traffic area, which increases the likelihood of an attack. The cluster duration is -0.192, which is shorter than the average cluster duration of -0.2. The cluster max_packets_len is 0.693, which is also shorter than the average cluster max_packets_len of 0.693. All these features indicate that the cluster is anomalous and likely to be an attack."
      },
      "C": {
        "label": 1,
        "self_conf": 0.2,
        "rationale": "High packet frequency during weekends",
        "key_features": "dst_ip_freq: high",
        "cluster_novel": "no",
        "cluster_reason": "Low density",
        "alt_hypothesis": "Possible malware activity",
        "attack_ref": "Malware scanning"
      }
    },
    "R2": {
      "A": {
        "self_conf_before": 0.2,
        "peer_scores": 0.2,
        "critique": "The cluster ID is 94, and the time is Weekday (Sunday). The cluster is also located in a high-traffic area, which increases the likelihood of an attack. All these features indicate that the cluster is anomalous and likely to be an attack.",
        "revise_label": {
          "changed": true,
          "new_label": 1,
          "reason": "The cluster ID is 94, and the time is Weekday (Sunday)."
        },
        "self_conf_after": 0.2,
        "clarifying_question": "Is the cluster ID 94 and the time Weekday (Sunday) a valid reason for changing the label to 1?"
      },
      "B": {
        "revise_label": {
          "changed": false,
          "new_label": null,
          "reason": ""
        }
      },
      "C": {
        "revise_label": {
          "changed": false,
          "new_label": null,
          "reason": ""
        }
      }
    },
    "R3": {
      "A": {},
      "B": {},
      "C": {
        "need_more_info": true,
        "questions": [
          "Is the cluster ID 94 and the time Weekday (Sunday) a valid reason for changing the label to 1?"
        ]
      }
    },
    "judge": {
      "final_label": 1,
      "confidence": 0.6,
      "winning_agent": "A",
      "reason": "The cluster ID 94 and the time being a Weekday (Sunday) are consistent with known attack patterns, specifically DDoS attacks."
    }
  }
}