{
  "sample_summary": {
    "sample_id": "32-9",
    "tri_view_label": 1,
    "slm_final_vote": 1,
    "confidence": 0.6,
    "referee_label": 1
  },
  "debate_dynamics": {
    "dominant_agent": "A",
    "least_agent": "C"
  },
  "_rounds": {
    "R1": {
      "A": {
        "label": 1,
        "self_conf": 0.2,
        "rationale": "Cluster ID: 109 \u2192 size: 15, density: 1.0836899059819398, dist: 1.131995816131322",
        "key_features": [
          "dns_domain_name_freq: 1.4045859516912094"
        ],
        "cluster_novel": "yes",
        "cluster_reason": "sample is far from cluster center",
        "alt_hypothesis": "burst scan",
        "attack_ref": "DDoS"
      },
      "B": {
        "label": 1,
        "self_conf": 0.2,
        "rationale": "I agree with the tri-view label because the sample is far from the cluster center.",
        "key_features": "dst_ip_freq: high, dns_domain_name_freq: high, duration: high, max_packets_len: high",
        "cluster_novel": "yes",
        "cluster_reason": "sample is far from cluster center",
        "alt_hypothesis": "burst scan",
        "attack_ref": "DDoS"
      },
      "C": {
        "label": 1,
        "self_conf": 0.2,
        "rationale": "Low density of dst_ip_freq and dns_domain_name_freq",
        "key_features": "dst_ip_freq: high, dns_domain_name_freq: high",
        "cluster_novel": "no",
        "cluster_reason": "Low density of both features",
        "alt_hypothesis": "Unknown",
        "attack_ref": "Low density of dst_ip_freq and dns_domain_name_freq"
      }
    },
    "R2": {
      "A": {
        "self_conf_before": 0.2,
        "peer_scores": 0.2,
        "critique": "Cluster ID: 109 \u2192 size: 15, density: 1.0836899059819398, dist: 1.131995816131322, alt_hypothesis: burst scan, attack_ref: DDoS",
        "revise_label": {
          "changed": true,
          "new_label": 1,
          "reason": "Low density of dst_ip_freq and dns_domain_name_freq"
        },
        "self_conf_after": 0.2,
        "clarifying_question": "Why did the peer revise your label to 1?"
      },
      "B": {
        "self_conf_before": 0.2,
        "peer_scores": 0.2,
        "critique": "I agree with the tri-view label because the sample is far from the cluster center.",
        "changed": false,
        "new_label": 1,
        "reason": "I changed my label because the sample is far from the cluster center.",
        "self_conf_after": 0.2,
        "clarifying_question": "What is the cluster center?"
      },
      "C": {
        "self_conf_before": 0.2,
        "peer_scores": [
          0.2,
          0.2
        ],
        "critique": "Cluster ID: 109 \u2192 size: 15, density: 1.0836899059819398, dist: 1.131995816131322",
        "changed": true,
        "new_label": 1,
        "reason": "I agree with the tri-view label because the sample is far from the cluster center.",
        "self_conf_after": 0.2,
        "clarifying_question": "What is the significance of the cluster ID and size in this sample?"
      }
    },
    "R3": {
      "A": {},
      "B": {},
      "C": {
        "label": 1,
        "self_conf": 0.2,
        "rationale": "Low density of dst_ip_freq and dns_domain_name_freq",
        "key_features": "dst_ip_freq: high, dns_domain_name_freq: high",
        "cluster_novel": "no",
        "cluster_reason": "Low density of both features",
        "alt_hypothesis": "Unknown",
        "attack_ref": "Low density of dst_ip_freq and dns_domain_name_freq"
      }
    },
    "judge": {
      "final_label": 1,
      "confidence": 0.6,
      "winning_agent": "C",
      "reason": "All agents agree on the label being 1, but Agent C provides a clear rationale for their decision based on the low density of dst_ip_freq and dns_domain_name_freq. This justification aligns with the given data and is a consistent factor across all agents."
    }
  }
}