{
  "sample_summary": {
    "sample_id": "33-0",
    "tri_view_label": 1,
    "slm_final_vote": 1,
    "confidence": 0.8,
    "referee_label": 1
  },
  "debate_dynamics": {
    "dominant_agent": "A",
    "least_agent": "B"
  },
  "_rounds": {
    "R1": {
      "A": {
        "label": 1,
        "self_conf": 0.2,
        "rationale": "The anomaly has a tri-view label of 1 (anomaly) and a confidence of 0.2. The cluster ID is 94, with a size of 819, a density of 5.475860893127449, and a distance of 0.3292787874029342.",
        "key_features": [
          "dst_ip_freq: high"
        ],
        "cluster_novel": "unknown",
        "cluster_reason": "unknown",
        "alt_hypothesis": "burst scan",
        "attack_ref": "DDoS"
      },
      "B": {
        "label": 1,
        "self_conf": 0.2,
        "rationale": "I agree with the tri-view label because the cluster ID is 94, which is a known anomaly cluster. The cluster size is 819, which is larger than the average cluster size of 5.475, and the density is 5.475, which is higher than the average density of 5.475. The cluster is also located in a different time zone, which could indicate a shift in the center of the cluster. The cluster is also associated with a known attack type, which could explain the anomaly. Therefore, I agree with the tri-view label and the cluster label.",
        "key_features": "dst_ip_freq: 0.962, dns_domain_name_freq: -0.711, duration: -0.192, max_packets_len: 0.693",
        "cluster_novel": "yes",
        "cluster_reason": "shifted center",
        "alt_hypothesis": "burst scan",
        "attack_ref": "DDoS"
      },
      "C": {
        "label": 1,
        "self_conf": 0.2,
        "rationale": "High packet frequency during weekends",
        "key_features": "dst_ip_freq: high",
        "cluster_novel": "no",
        "cluster_reason": "Low density",
        "alt_hypothesis": "Possible malware activity",
        "attack_ref": "Malware scanning"
      }
    },
    "R2": {
      "A": {
        "self_conf_before": 0.2,
        "peer_scores": 0.2,
        "critique": "The anomaly has a tri-view label of 1 (anomaly) and a confidence of 0.2. The cluster ID is 94, with a size of 819, a density of 5.475860893127449, and a distance of 0.3292787874029342. The cluster has a known attack type, which could explain the anomaly. The alt hypothesis is 'burst scan', and the attack reason is 'DDoS'. The label is '1' and the reason is 'high packet frequency during weekends'. The revise label is {'changed': true, 'new_label': 1, 'reason': 'burst scan'}. The self-confidence after the peer predictions is 0.2. The clarifying question is 'What is the cluster ID, size, density, and distance of the anomaly cluster, and what is the known attack type associated with it?'",
        "self_conf_after": 0.2,
        "clarifying_question": "What is the cluster ID, size, density, and distance of the anomaly cluster, and what is the known attack type associated with it?"
      },
      "B": {
        "revise_label": {
          "changed": false,
          "new_label": null,
          "reason": ""
        }
      },
      "C": {
        "self_conf_before": 0.2,
        "peer_scores": 0.2,
        "critique": "I agree with the tri-view label because the cluster ID is 94, which is a known anomaly cluster. The cluster size is 819, which is larger than the average cluster size of 5.475, and the density is 5.475, which is higher than the average density of 5.475. The cluster is also located in a different time zone, which could indicate a shift in the center of the cluster. The cluster is also associated with a known attack type, which could explain the anomaly. Therefore, I agree with the tri-view label and the cluster label.",
        "changed": true,
        "new_label": 1,
        "reason": "I agree with the tri-view label and the cluster label because the cluster characteristics and the attack type suggest a possible malware activity.",
        "self_conf_after": 0.8,
        "clarifying_question": "Could the cluster characteristics and the attack type be influenced by other factors, such as the network infrastructure or the presence of other anomalies?"
      }
    },
    "R3": {
      "A": {},
      "B": {
        "need_more_info": false,
        "questions": [
          "Could the cluster characteristics and the attack type be influenced by other factors, such as the network infrastructure or the presence of other anomalies?"
        ]
      },
      "C": {
        "label": 1,
        "self_conf": 0.2,
        "rationale": "High packet frequency during weekends",
        "key_features": "dst_ip_freq: high",
        "cluster_novel": "no",
        "cluster_reason": "Low density",
        "alt_hypothesis": "Possible malware activity",
        "attack_ref": "Malware scanning"
      }
    },
    "judge": {
      "final_label": 1,
      "confidence": 0.8,
      "winning_agent": "C",
      "reason": "Agent C's revised label and reasoning are based on the cluster characteristics and the known attack type, which aligns with the tri-view label and provides a clear justification for the anomaly being an anomaly."
    }
  }
}