{
  "sample_summary": {
    "sample_id": "33-2",
    "tri_view_label": 1,
    "slm_final_vote": 1,
    "confidence": 0.4,
    "referee_label": 1
  },
  "debate_dynamics": {
    "dominant_agent": "A",
    "least_agent": "B"
  },
  "_rounds": {
    "R1": {
      "A": {
        "label": 1,
        "self_conf": 0.2,
        "rationale": "The anomaly has a tri-view label of 1 (anomaly) and a confidence of 0.2. The cluster ID is 82, with a size of 839, a density of 5.766665428117556, and a distance of 0.16681778451131976.",
        "key_features": [
          "dst_ip_freq: high",
          "dns_domain_name_freq: -0.7119602307056717"
        ],
        "cluster_novel": "unknown",
        "cluster_reason": "unknown",
        "alt_hypothesis": "burst scan",
        "attack_ref": "DDoS"
      },
      "B": {
        "label": 1,
        "self_conf": 0.2,
        "rationale": "I agree with the tri-view label because the cluster ID is 82, which is a known attack type.",
        "key_features": "dst_ip_freq: 0.962, dns_domain_name_freq: -0.711, duration: -0.192, max_packets_len: 0.693",
        "cluster_novel": "no",
        "cluster_reason": "low density",
        "alt_hypothesis": "burst scan",
        "attack_ref": "DDoS"
      },
      "C": {
        "label": 1,
        "self_conf": 0.2,
        "rationale": "High packet frequency during weekends",
        "key_features": "dst_ip_freq: high",
        "cluster_novel": "no",
        "cluster_reason": "Low density",
        "alt_hypothesis": "Possible malware activity",
        "attack_ref": "Malware"
      }
    },
    "R2": {
      "A": {
        "self_conf_before": 0.2,
        "peer_scores": 0.2,
        "critique": "I agree with the tri-view label because the cluster ID is 82, which is a known attack type.",
        "revise_label": {
          "changed": false,
          "new_label": 1,
          "reason": "High packet frequency during weekends"
        },
        "self_conf_after": 0.2,
        "clarifying_question": "What is the reason for the peer's change in label?"
      },
      "B": {
        "revise_label": {
          "changed": false,
          "new_label": null,
          "reason": ""
        }
      },
      "C": {
        "self_conf_before": 0.2,
        "peer_scores": [
          0.2,
          0.2
        ],
        "critique": "I agree with the peers that the cluster ID 82 is an attack type, but I have a higher confidence (0.2) based on the additional information about the packet frequency and tri-view label.",
        "changed": true,
        "new_label": 1,
        "reason": "Additional information suggests a higher confidence in the cluster being an attack type.",
        "self_conf_after": 0.4,
        "clarifying_question": "Is there any other information or features that could contribute to the high confidence?"
      }
    },
    "R3": {
      "A": {},
      "B": {},
      "C": {
        "need_more_info": false,
        "questions": [
          "What is the reason for the peer's change in label?"
        ]
      }
    },
    "judge": {
      "final_label": 1,
      "confidence": 0.4,
      "winning_agent": "C",
      "reason": "Agent C provided a clear justification for their change in label based on additional information, increasing their confidence and contributing to a majority vote for label 1."
    }
  }
}