{
  "sample_summary": {
    "sample_id": "33-5",
    "tri_view_label": 1,
    "slm_final_vote": 1,
    "confidence": 0.8,
    "referee_label": 1
  },
  "debate_dynamics": {
    "dominant_agent": "B",
    "least_agent": "A"
  },
  "_rounds": {
    "R1": {
      "A": {},
      "B": {},
      "C": {
        "label": 1,
        "self_conf": 0.2,
        "rationale": "Low density of dst_ip_freq and dns_domain_name_freq",
        "key_features": "dst_ip_freq: high, dns_domain_name_freq: low",
        "cluster_novel": "no",
        "cluster_reason": "Low density of both features suggests a potential attack",
        "alt_hypothesis": "Possible DNS cache poisoning attack",
        "attack_ref": "DNS cache poisoning"
      }
    },
    "R2": {
      "A": {
        "self_conf_before": 0.0,
        "peer_scores": 0.0,
        "critique": "Low density of dst_ip_freq and dns_domain_name_freq",
        "revise_label": {
          "changed": false,
          "new_label": 0,
          "reason": ""
        },
        "self_conf_after": 0.0,
        "clarifying_question": ""
      },
      "B": {
        "self_conf_before": 0.5,
        "peer_scores": 0.2,
        "critique": "Peer A's rationale is not helpful.",
        "changed": false,
        "new_label": 1,
        "reason": "Peer A's rationale is not helpful.",
        "self_conf_after": 0.5,
        "clarifying_question": "What is the significance of the low density of dst_ip_freq and dns_domain_name_freq?"
      },
      "C": {
        "self_conf_before": 0.2,
        "peer_scores": [
          0,
          0
        ],
        "critique": "The rationale suggests a potential DNS cache poisoning attack, which could be exploited to gain unauthorized access to the system.",
        "changed": true,
        "new_label": 1,
        "reason": "The low density of both dst_ip_freq and dns_domain_name_freq suggests a potential DNS cache poisoning attack, which could be exploited to gain unauthorized access to the system.",
        "self_conf_after": 0.8,
        "clarifying_question": "Is the low density of both features a typical value for the system? How can we confirm the absence of other potential attack patterns?"
      }
    },
    "R3": {
      "A": {},
      "B": {},
      "C": {}
    },
    "judge": {
      "final_label": 1,
      "confidence": 0.8,
      "winning_agent": "C",
      "reason": "Agent C provided a clear rationale for the anomaly being a potential DNS cache poisoning attack based on the low density of both dst_ip_freq and dns_domain_name_freq. This explanation was not challenged or refuted by the other agents."
    }
  }
}