{
  "sample_summary": {
    "sample_id": "33-6",
    "tri_view_label": 1,
    "slm_final_vote": 1,
    "confidence": 0.6,
    "referee_label": 1
  },
  "debate_dynamics": {
    "dominant_agent": "A",
    "least_agent": "B"
  },
  "_rounds": {
    "R1": {
      "A": {
        "label": 1,
        "self_conf": 0.2,
        "rationale": "The anomaly detected in the tri-view label is an anomaly with a size of 819 and a density of 5.475860893127449. The cluster ID is 94, and the time is Weekday (Sunday).",
        "key_features": [
          "dst_ip_freq: high",
          "dns_domain_name_freq: -0.7119602307056717"
        ],
        "cluster_novel": "unknown",
        "cluster_reason": "unknown",
        "alt_hypothesis": "burst scan",
        "attack_ref": "DDoS"
      },
      "B": {
        "label": 1,
        "self_conf": 0.2,
        "rationale": "I agree with the tri-view label because the cluster ID is 94, which is a known anomaly cluster. The cluster size is 819, which is larger than the average cluster size of 5. The cluster density is 5.475, which is higher than the average cluster density of 4. The cluster is also located in the same time zone as the tri-view label, which is Sunday. Therefore, I think the cluster is an anomaly.",
        "key_features": "dst_ip_freq: 0.962, dns_domain_name_freq: -0.711, duration: -0.192, max_packets_len: 0.693",
        "cluster_novel": "yes",
        "cluster_reason": "larger than average cluster size",
        "alt_hypothesis": "burst scan",
        "attack_ref": "DDoS"
      },
      "C": {
        "label": 1,
        "self_conf": 0.2,
        "rationale": "High packet frequency during weekends",
        "key_features": "dst_ip_freq: high",
        "cluster_novel": "no",
        "cluster_reason": "Low density",
        "alt_hypothesis": "Possible malware activity",
        "attack_ref": "Malware scanning"
      }
    },
    "R2": {
      "A": {
        "self_conf_before": 0.2,
        "peer_scores": 0.2,
        "critique": "I agree with the tri-view label because the cluster ID is 94, which is a known anomaly cluster. The cluster size is 819, which is larger than the average cluster size of 5. The cluster density is 5.475, which is higher than the average cluster density of 4. The cluster is also located in the same time zone as the tri-view label, which is Sunday. Therefore, I think the cluster is an anomaly.",
        "revise_label": {
          "changed": true,
          "new_label": 1,
          "reason": "High packet frequency during weekends"
        },
        "self_conf_after": 0.2,
        "clarifying_question": "Why do you think the cluster is an anomaly?"
      },
      "B": {
        "revise_label": {
          "changed": false,
          "new_label": null,
          "reason": ""
        }
      },
      "C": {
        "self_conf_before": 0.2,
        "peer_scores": 0.2,
        "critique": "I agree with the tri-view label because the cluster ID is 94, which is a known anomaly cluster. The cluster size is 819, which is larger than the average cluster size of 5. The cluster density is 5.475, which is higher than the average cluster density of 4. The cluster is also located in the same time zone as the tri-view label, which is Sunday. Therefore, I think the cluster is an anomaly.",
        "changed": false,
        "new_label": 1,
        "reason": "I agree with the tri-view label because the cluster characteristics match the criteria for an anomaly cluster.",
        "self_conf_after": 0.2,
        "clarifying_question": "Could the cluster be caused by a legitimate outlier or an issue with the tri-view label?"
      }
    },
    "R3": {
      "A": {},
      "B": {
        "need_more_info": false,
        "questions": [
          "Why do you think the cluster is an anomaly?",
          "Could the cluster be caused by a legitimate outlier or an issue with the tri-view label?"
        ]
      },
      "C": {
        "label": 1,
        "self_conf": 0.2,
        "rationale": "High packet frequency during weekends",
        "key_features": "dst_ip_freq: high",
        "cluster_novel": "no",
        "cluster_reason": "Low density",
        "alt_hypothesis": "Possible malware activity",
        "attack_ref": "Malware scanning"
      }
    },
    "judge": {
      "final_label": 1,
      "confidence": 0.6,
      "winning_agent": "A",
      "reason": "Agent A's rationale is consistent with the tri-view label and provides specific reasons for the anomaly detection, including high packet frequency during weekends and a known anomaly cluster with a larger than average size and density."
    }
  }
}