{
  "sample_summary": {
    "sample_id": "33-7",
    "tri_view_label": 1,
    "slm_final_vote": 1,
    "confidence": 0.5,
    "referee_label": null
  },
  "debate_dynamics": {
    "dominant_agent": "A",
    "least_agent": "A"
  },
  "_rounds": {
    "R1": {
      "A": {
        "label": 1,
        "self_conf": 0.2,
        "rationale": "The anomaly detected in this view is likely due to a high number of packets with a specific destination IP address (dst_ip_freq: 0.9627162748000327). The feature 'dst_ip_freq' indicates that the destination IP address is frequently used in the network traffic. The feature 'dns_domain_name_freq' indicates that the domain name is frequently used in the network traffic. The feature 'duration' indicates that the network traffic is relatively short. The feature 'max_packets_len' indicates that the network traffic is relatively large. The cluster ID is 94, and the cluster's size is 819, with a density of 5.475860893127449. The cluster's time is Weekday (Sunday).",
        "key_features": [
          "dst_ip_freq: high",
          "dns_domain_name_freq: -0.7119602307056717",
          "duration: -0.19224265274501",
          "max_packets_len: 0.6938876922705691"
        ],
        "cluster_novel": "unknown",
        "cluster_reason": "unusual size",
        "alt_hypothesis": "false positive",
        "attack_ref": "DDoS"
      },
      "B": {
        "label": 1,
        "self_conf": 0.2,
        "rationale": "I agree with the tri-view label because the cluster ID is 94, which is a known attack type (DDoS) and the cluster size is 819, which is larger than the average cluster size of 5.475. The cluster density is also higher than the average density of 5.475, which indicates a higher likelihood of an attack. The cluster is also located near the source IP address, which is a sign of a local attack. The cluster duration is also longer than the average duration of 0.192, which suggests a prolonged attack. The cluster max_packets_len is also higher than the average max_packets_len of 0.693, which indicates a higher volume of packets. Therefore, I agree with the tri-view label and the cluster reason of a DDoS attack.",
        "key_features": "dst_ip_freq: high, dns_domain_name_freq: low, duration: long, max_packets_len: high",
        "cluster_novel": "yes",
        "cluster_reason": "high density, long duration, high max_packets_len",
        "alt_hypothesis": "local attack",
        "attack_ref": "DDoS"
      },
      "C": {
        "label": 1,
        "self_conf": 0.2,
        "rationale": "High packet frequency during weekends",
        "key_features": "dst_ip_freq: high",
        "cluster_novel": "no",
        "cluster_reason": "Low density",
        "alt_hypothesis": "Possible malware activity",
        "attack_ref": "Malware scanning"
      }
    },
    "R2": {
      "A": {
        "revise_label": {
          "changed": false,
          "new_label": null,
          "reason": ""
        }
      },
      "B": {
        "revise_label": {
          "changed": false,
          "new_label": null,
          "reason": ""
        }
      },
      "C": {
        "self_conf_before": 0.2,
        "peer_scores": [
          0.2,
          0.2
        ],
        "critique": "I agree with the tri-view label because the cluster ID is 94, which is a known attack type (DDoS) and the cluster size is 819, which is larger than the average cluster size of 5.475. The cluster density is also higher than the average density of 5.475, which indicates a higher likelihood of an attack. The cluster is also located near the source IP address, which is a sign of a local attack. The cluster duration is also longer than the average duration of 0.192, which suggests a prolonged attack. The cluster max_packets_len is also higher than the average max_packets_len of 0.693, which indicates a higher volume of packets.",
        "changed": true,
        "new_label": 1,
        "reason": "I agree with the tri-view label and the cluster reason of a DDoS attack.",
        "self_conf_after": 0.4,
        "clarifying_question": "Is there any evidence other than the cluster ID and size to support the tri-view label? For example, are there any specific anomalies in the packet characteristics or network behavior besides the high destination IP address?"
      }
    },
    "R3": {
      "A": {},
      "B": {},
      "C": {
        "label": 1,
        "self_conf": 0.2,
        "rationale": "High packet frequency during weekends",
        "key_features": "dst_ip_freq: high",
        "cluster_novel": "no",
        "cluster_reason": "Low density",
        "alt_hypothesis": "Possible malware activity",
        "attack_ref": "Malware scanning"
      }
    },
    "judge": {
      "_raw_output": "{\n  \"final_label\": 1,\n  \"confidence\": 0.6,\n  \"winning_agent\": \"B\",\n  \"reason\": \"Agent B's rationale provides a more comprehensive justification for the tri-view label, as they not only agree with the label but also provide evidence of the cluster's unusual size, higher density, longer duration, and higher volume of packets. These factors collectively increase the confidence in the tri-view label of a DDoS attack.\""
    }
  }
}