{
  "sample_summary": {
    "sample_id": "33-9",
    "tri_view_label": 1,
    "slm_final_vote": 1,
    "confidence": 0.5,
    "referee_label": null
  },
  "debate_dynamics": {
    "dominant_agent": "A",
    "least_agent": "C"
  },
  "_rounds": {
    "R1": {
      "A": {
        "label": 1,
        "self_conf": 0.2,
        "rationale": "Anomaly detected due to high number of packets with low packet size (0.6938876922705691) and low density (0.41982793077736247).",
        "key_features": [
          "dst_ip_freq: -3.10459098105673",
          "dns_domain_name_freq: 1.4045859516912094"
        ],
        "cluster_novel": "no",
        "cluster_reason": "unknown",
        "alt_hypothesis": "burst scan",
        "attack_ref": "DDoS"
      },
      "B": {
        "label": 1,
        "self_conf": 0.2,
        "rationale": "The sample is far from the cluster centroid and in a sparse cluster.",
        "key_features": "dst_ip_freq: high, dns_domain_name_freq: high, duration: high, max_packets_len: high",
        "cluster_novel": "yes",
        "cluster_reason": "sample is far from cluster centroid and in a sparse cluster",
        "alt_hypothesis": "burst scan",
        "attack_ref": "unknown"
      },
      "C": {
        "label": 1,
        "self_conf": 0.2,
        "rationale": "Low density of dst_ip_freq and dns_domain_name_freq",
        "key_features": "dst_ip_freq: high, dns_domain_name_freq: high",
        "cluster_novel": "no",
        "cluster_reason": "Low density of features",
        "alt_hypothesis": "Unknown",
        "attack_ref": "Low density of features"
      }
    },
    "R2": {
      "A": {
        "self_conf_before": 0.2,
        "peer_scores": 0.2,
        "critique": "Anomaly detected due to high number of packets with low packet size (0.6938876922705691) and low density (0.41982793077736247).",
        "revise_label": {
          "changed": true,
          "new_label": 1,
          "reason": "Burst scan"
        },
        "self_conf_after": 0.2,
        "clarifying_question": "What is the reason for the anomaly detected, and how does it relate to the cluster's characteristics?"
      },
      "B": {
        "self_conf_before": 0.2,
        "peer_scores": 0.2,
        "critique": "The sample is far from the cluster centroid and in a sparse cluster.",
        "changed": false,
        "new_label": 1,
        "reason": "The sample is far from the cluster centroid and in a sparse cluster.",
        "self_conf_after": 0.2,
        "clarifying_question": "What is the cluster centroid?"
      },
      "C": {
        "self_conf_before": 0.2,
        "peer_scores": [
          0.2,
          0.2
        ],
        "critique": "Anomaly detected due to high number of packets with low packet size (0.6938876922705691) and low density (0.41982793077736247). The sample is far from the cluster centroid and in a sparse cluster.",
        "changed": true,
        "new_label": 1,
        "reason": "Anomaly detected due to high number of packets with low packet size and low density. The sample is far from the cluster centroid and in a sparse cluster.",
        "self_conf_after": 0.4,
        "clarifying_question": "Could the observed anomalies be caused by other factors besides the cluster centroid?"
      }
    },
    "R3": {
      "A": {},
      "B": {},
      "C": {
        "label": 1,
        "self_conf": 0.4,
        "rationale": "Anomaly detected due to high number of packets with low packet size and low density. The sample is far from the cluster centroid and in a sparse cluster.",
        "key_features": "dst_ip_freq: high, dns_domain_name_freq: high",
        "cluster_novel": "no",
        "cluster_reason": "Low density of features",
        "alt_hypothesis": "Unknown",
        "attack_ref": "Low density of features"
      }
    },
    "judge": {
      "_raw_output": "{\n  \"final_label\": 1,\n  \"confidence\": 0.6,\n  \"winning_agent\": \"C\",\n  \"reason\": \"All agents identified an anomaly with a label of 1. Agent C had the highest confidence level and provided a clear rationale that the anomaly was due to the high number of packets with low packet size and low density, as well as the sample being far from the cluster centroid and in a sparse cluster. Therefore, Agent C is the winning agent.\""
    }
  }
}