{
  "sample_summary": {
    "sample_id": "34-1",
    "tri_view_label": 1,
    "slm_final_vote": 1,
    "confidence": 0.6,
    "referee_label": 1
  },
  "debate_dynamics": {
    "dominant_agent": "A",
    "least_agent": "C"
  },
  "_rounds": {
    "R1": {
      "A": {
        "label": 1,
        "self_conf": 0.2,
        "rationale": "The anomaly detected in the tri-view label is likely an anomaly, with a size of 209 and a density of 5.949382814399888. The cluster ID is 232, and the time is Weekday (Sunday).",
        "key_features": [
          "dst_ip_freq: high",
          "dns_domain_name_freq: low"
        ],
        "cluster_novel": "unknown",
        "cluster_reason": "unknown",
        "alt_hypothesis": "burst scan",
        "attack_ref": "DDoS"
      },
      "B": {
        "label": 1,
        "self_conf": 0.2,
        "rationale": "I agree with the tri-view label because the cluster ID is 232, which is a known anomaly.",
        "key_features": "dst_ip_freq: high, dns_domain_name_freq: high, duration: high, max_packets_len: high",
        "cluster_novel": "yes",
        "cluster_reason": "high density",
        "alt_hypothesis": "false positive",
        "attack_ref": "DDoS"
      },
      "C": {
        "label": 1,
        "self_conf": 0.2,
        "rationale": "Low density of dst_ip_freq and dns_domain_name_freq",
        "key_features": "dst_ip_freq: high, dns_domain_name_freq: low",
        "cluster_novel": "no",
        "cluster_reason": "Low density of both features suggests an outlier",
        "alt_hypothesis": "Possible malicious activity",
        "attack_ref": "Low density of dst_ip_freq and dns_domain_name_freq suggests a potential attack"
      }
    },
    "R2": {
      "A": {
        "self_conf_before": 0.2,
        "peer_scores": 0.2,
        "critique": "I agree with the tri-view label because the cluster ID is 232, which is a known anomaly.",
        "revise_label": {
          "changed": true,
          "new_label": 1,
          "reason": "Low density of dst_ip_freq and dns_domain_name_freq"
        },
        "self_conf_after": 0.2,
        "clarifying_question": "What is the density of dst_ip_freq and dns_domain_name_freq in the cluster ID 232, and why is it low?"
      },
      "B": {
        "self_conf_before": 0.2,
        "peer_scores": 0.2,
        "critique": "I agree with the tri-view label because the cluster ID is    232, which is a known anomaly.",
        "changed": true,
        "new_label": 1,
        "reason": "I changed my label because the cluster ID is    232, which is a known anomaly.",
        "self_conf_after": 0.2,
        "clarifying_question": "What is the cluster ID of the anomaly?"
      },
      "C": {
        "self_conf_before": 0.2,
        "peer_scores": [
          0.2,
          0.2
        ],
        "critique": "I agree with the tri-view label because the cluster ID is 232, which is a known anomaly.",
        "changed": true,
        "new_label": 1,
        "reason": "I believe the low density of both dst_ip_freq and dns_domain_name_freq suggests an outlier that warrants further investigation.",
        "self_conf_after": 0.4,
        "clarifying_question": "Could the outlier be caused by a legitimate factor, such as a temporary spike in the data?"
      }
    },
    "R3": {
      "A": {
        "need_more_info": true,
        "questions": [
          {
            "label": "What is the cluster ID of the anomaly?",
            "self_conf": 0.4,
            "rationale": "The anomaly detected in the tri-view label is likely an anomaly, with a size of 209 and a density of 5.949382814399888. The cluster ID is 232, and the time is Weekday (Sunday).",
            "key_features": [
              "dst_ip_freq: high",
              "dns_domain_name_freq: low"
            ],
            "cluster_novel": "unknown",
            "cluster_reason": "unknown",
            "alt_hypothesis": "burst scan",
            "attack_ref": "DDoS"
          }
        ],
        "clarifying_question": "What is the density of dst_ip_freq and dns_domain_name_freq in the cluster ID 232, and why is it low?"
      },
      "B": {
        "label": 1,
        "self_conf": 0.4,
        "rationale": "I agree with the tri-view label because the cluster ID is    232, which is a known anomaly.",
        "key_features": "dst_ip_freq: high, dns_domain_name_freq: high, duration: high, max_packets_len: high",
        "cluster_novel": "yes",
        "cluster_reason": "high density",
        "alt_hypothesis": "false positive",
        "attack_ref": "DDoS"
      },
      "C": {
        "label": 1,
        "self_conf": 0.2,
        "rationale": "Low density of dst_ip_freq and dns_domain_name_freq suggests an outlier",
        "key_features": "dst_ip_freq: high, dns_domain_name_freq: low",
        "cluster_novel": "no",
        "cluster_reason": "Low density of both features suggests an outlier",
        "alt_hypothesis": "Possible malicious activity",
        "attack_ref": "Low density of dst_ip_freq and dns_domain_name_freq suggests a potential attack"
      }
    },
    "judge": {
      "final_label": 1,
      "confidence": 0.6,
      "winning_agent": "A",
      "reason": "Agent A's justification is based on the known anomaly with cluster ID 232, and they ask for clarification on the low density of dst_ip_freq and dns_domain_name_freq to further investigate the anomaly."
    }
  }
}