{
  "sample_summary": {
    "sample_id": "34-3",
    "tri_view_label": 1,
    "slm_final_vote": 1,
    "confidence": 0.8,
    "referee_label": 1
  },
  "debate_dynamics": {
    "dominant_agent": "B",
    "least_agent": "A"
  },
  "_rounds": {
    "R1": {
      "A": {
        "label": 1,
        "self_conf": 0.2,
        "rationale": "The anomaly detected in this view is likely due to a high number of packets with the destination IP address 192.168.127.12. The feature 'dst_ip_freq' indicates that this IP address is frequently used in malicious traffic.",
        "key_features": [
          "dst_ip_freq: high"
        ],
        "cluster_novel": "unknown",
        "cluster_reason": "unknown",
        "alt_hypothesis": "burst scan",
        "attack_ref": "DDoS"
      },
      "B": {
        "label": 1,
        "self_conf": 0.2,
        "rationale": "I agree with the tri-view label because the cluster ID is 195, which is a known attack type.",
        "key_features": "dst_ip_freq: 0.962, dns_domain_name_freq: -0.711, duration: -0.192, max_packets_len: 0.693",
        "cluster_novel": "yes",
        "cluster_reason": "low density",
        "alt_hypothesis": "burst scan",
        "attack_ref": "DDoS"
      },
      "C": {
        "label": 1,
        "self_conf": 0.2,
        "rationale": "High packet frequency during weekends",
        "key_features": "dst_ip_freq: high",
        "cluster_novel": "no",
        "cluster_reason": "Low density",
        "alt_hypothesis": "Possible malware activity",
        "attack_ref": "Malware scanning"
      }
    },
    "R2": {
      "A": {
        "revise_label": {
          "changed": false,
          "new_label": null,
          "reason": ""
        }
      },
      "B": {
        "self_conf_before": 0.2,
        "peer_scores": 0.2,
        "critique": "I agree with the tri-view label because the cluster ID is 195, which is a known attack type.",
        "changed": false,
        "new_label": 1,
        "reason": "I have decided to keep my label as 1 because the cluster ID is a known attack type.",
        "self_conf_after": 0.2,
        "clarifying_question": "What is the significance of the cluster ID 195 in this context?"
      },
      "C": {
        "self_conf_before": 0.2,
        "peer_scores": [
          0.2,
          0.2
        ],
        "critique": "I agree with the peers that the anomaly detected in this view is likely due to a high number of packets with the destination IP address 192.168.127.12. The feature 'dst_ip_freq' indicates that this IP address is frequently used in malicious traffic.",
        "changed": true,
        "new_label": 1,
        "reason": "I changed the label to 1 based on the peers' suggestions, as the feature 'dst_ip_freq' suggests a possible malware attack based on the high number of packets from that IP address.",
        "self_conf_after": 0.8,
        "clarifying_question": "Could the high number of packets be due to legitimate traffic, such as legitimate web traffic or scheduled network activity? How can we further investigate the source of this traffic?"
      }
    },
    "R3": {
      "A": {
        "label": 1,
        "self_conf": 0.2,
        "rationale": "The anomaly detected in this view is likely due to a high number of packets with the destination IP address 192.168.127.12. The feature 'dst_ip_freq' indicates that this IP address is frequently used in malicious traffic. The cluster ID 195 is a known attack type. The cluster_novel and cluster_reason are both unknown. The alt_hypothesis is 'burst scan'. The attack_ref is 'DDoS'. The revise_label is {'changed': false, 'new_label': null, 'reason': ''}.",
        "key_features": [
          "dst_ip_freq: high"
        ],
        "cluster_novel": "unknown",
        "cluster_reason": "unknown",
        "alt_hypothesis": "burst scan",
        "attack_ref": "DDoS",
        "revise_label": {
          "changed": false,
          "new_label": null,
          "reason": ""
        }
      },
      "B": {},
      "C": {
        "label": 1,
        "self_conf": 0.2,
        "rationale": "High packet frequency during weekends",
        "key_features": "dst_ip_freq: high",
        "cluster_novel": "no",
        "cluster_reason": "Low density",
        "alt_hypothesis": "Possible malware activity",
        "attack_ref": "Malware scanning"
      }
    },
    "judge": {
      "final_label": 1,
      "confidence": 0.8,
      "winning_agent": "C",
      "reason": "Agent C's label was changed based on the peers' suggestions and the high number of packets from the IP address 192.168.127.12, which is a known indicator of malicious traffic. The cluster ID being a known attack type (Agent B) further supports this conclusion."
    }
  }
}