{
  "sample_summary": {
    "sample_id": "34-7",
    "tri_view_label": 1,
    "slm_final_vote": 1,
    "confidence": 0.9,
    "referee_label": 1
  },
  "debate_dynamics": {
    "dominant_agent": "A",
    "least_agent": "B"
  },
  "_rounds": {
    "R1": {
      "A": {},
      "B": {
        "label": 1,
        "self_conf": 0.2,
        "rationale": "I agree with the tri-view label because the cluster ID is 82, which is a known anomaly cluster. The cluster has a high density and is located on a Sunday, which is a suspicious day for attacks. The cluster also has a high duration and a high max_packets_len, which are typical features of a DDoS attack. The cluster also has a high dst_ip_freq and a low dns_domain_name_freq, which are typical features of a DNS tunneling attack. Therefore, I think the cluster is an anomaly and I agree with the tri-view label.",
        "key_features": "dst_ip_freq: high, duration: high, max_packets_len: high",
        "cluster_novel": "yes",
        "cluster_reason": "high density, suspicious day",
        "alt_hypothesis": "DDoS attack",
        "attack_ref": "DDoS"
      },
      "C": {
        "label": 1,
        "self_conf": 0.2,
        "rationale": "High packet frequency during weekends",
        "key_features": "dst_ip_freq: high",
        "cluster_novel": "no",
        "cluster_reason": "Low density",
        "alt_hypothesis": "Possible malware activity",
        "attack_ref": "Malware scanning"
      }
    },
    "R2": {
      "A": {
        "self_conf_before": 0.2,
        "peer_scores": 0.2,
        "critique": "I agree with the tri-view label because the cluster ID is 82, which is a known anomaly cluster. The cluster has a high density and is located on a Sunday, which is a suspicious day for attacks. The cluster also has a high duration and a high max_packets_len, which are typical features of a DDoS attack. The cluster also has a high dst_ip_freq and a low dns_domain_name_freq, which are typical features of a DNS tunneling attack. Therefore, I think the cluster is an anomaly and I agree with the tri-view label.",
        "revise_label": {
          "changed": true,
          "new_label": 1,
          "reason": "High packet frequency during weekends"
        },
        "self_conf_after": 0.2,
        "clarifying_question": "What are the features of a DDoS attack that make the cluster a suspicious anomaly, as mentioned in the peer responses?"
      },
      "B": {
        "revise_label": {
          "changed": false,
          "new_label": null,
          "reason": ""
        }
      },
      "C": {
        "self_conf_before": 0.2,
        "peer_scores": [
          0.2,
          0.8
        ],
        "critique": "I agree with the tri-view label because the cluster ID is 82, which is a known anomaly cluster. The cluster has a high density and is located on a Sunday, which is a suspicious day for attacks. The cluster also has a high duration and a high max_packets_len, which are typical features of a DDoS attack. The cluster also has a high dst_ip_freq and a low dns_domain_name_freq, which are typical features of a DNS tunneling attack. Therefore, I think the cluster is an anomaly and I agree with the tri-view label.",
        "changed": true,
        "new_label": 1,
        "reason": "I have more confidence in the tri-view label due to the additional evidence from the cluster's characteristics.",
        "self_conf_after": 0.8,
        "clarifying_question": "Is there any other evidence besides the cluster ID and the attack patterns that suggests malware activity?"
      }
    },
    "R3": {
      "A": {},
      "B": {},
      "C": {}
    },
    "judge": {
      "final_label": 1,
      "confidence": 0.9,
      "winning_agent": "C",
      "reason": "Agent C's revised label and confidence level were influenced by the peer responses, and they provide a clear justification for the anomaly label based on the high packet frequency during weekends and the known anomaly cluster ID. Agent B's rationale also supports the anomaly label, but Agent C's response is more comprehensive and convincing."
    }
  }
}