{
  "sample_summary": {
    "sample_id": "34-8",
    "tri_view_label": 1,
    "slm_final_vote": 1,
    "confidence": 0.5,
    "referee_label": null
  },
  "debate_dynamics": {
    "dominant_agent": "A",
    "least_agent": "C"
  },
  "_rounds": {
    "R1": {
      "A": {
        "label": 1,
        "self_conf": 0.2,
        "rationale": "The anomaly detected in this view is likely due to a high density of packets with a low packet size (430 packets, 5.776296731401579 bytes) and a low packet size distribution (0.023140210110548124).",
        "key_features": [
          "dst_ip_freq: high",
          "dns_domain_name_freq: -0.7119602307056717"
        ],
        "cluster_novel": "unknown",
        "cluster_reason": "unknown",
        "alt_hypothesis": "burst scan",
        "attack_ref": "DDoS"
      },
      "B": {
        "label": 1,
        "self_conf": 0.2,
        "rationale": "I agree with the tri-view label because the cluster ID is 82, which is a known anomaly cluster. The cluster size is 430, which is larger than the average cluster size of 300. The cluster density is 5.776296731401579, which is higher than the average cluster density of 4.5. The cluster is also located in a high-traffic area, which increases the likelihood of anomalies. The cluster is also very close to the source IP, which could indicate a local attack. The cluster has a high duration of 0.19224265274501, which could indicate a long-running attack. The cluster has a high max_packets_len of 0.6938876922705691, which could indicate a large amount of data being transmitted. All of these features suggest that the cluster is an anomaly and should be investigated further.",
        "key_features": "dst_ip_freq: high, dns_domain_name_freq: low, duration: long, max_packets_len: high",
        "cluster_novel": "yes",
        "cluster_reason": "high density, high duration, high max_packets_len",
        "alt_hypothesis": "local attack",
        "attack_ref": "DDoS"
      },
      "C": {
        "label": 1,
        "self_conf": 0.2,
        "rationale": "High packet frequency during weekends",
        "key_features": "dst_ip_freq: high",
        "cluster_novel": "no",
        "cluster_reason": "Low density",
        "alt_hypothesis": "Possible malware activity",
        "attack_ref": "Malware scanning"
      }
    },
    "R2": {
      "A": {
        "self_conf_before": 0.2,
        "peer_scores": 0.2,
        "critique": "The anomaly detected in this view is likely due to a high density of packets with a low packet size (430 packets, 5.776296731401579 bytes) and a low packet size distribution (0.023140210110548124).",
        "revise_label": {
          "changed": true,
          "new_label": 1,
          "reason": "The peer responses suggest that the cluster is an anomaly and should be investigated further. The cluster density is 5.776296731401579, which is higher than the average cluster density of 4.5. The cluster is also very close to the source IP, which could indicate a local attack. The cluster has a high duration of 0.19224265274501, which could indicate a long-running attack. The cluster has a high max_packets_len of 0.6938876922705691, which could indicate a large amount of data being transmitted. All of these features suggest that the cluster is an anomaly and should be investigated further."
        },
        "self_conf_after": 0.2,
        "clarifying_question": "How does the peer response suggest that the cluster is an anomaly, and what evidence does it provide for this conclusion?"
      },
      "B": {
        "self_conf_before": 0.2,
        "peer_scores": 0.2,
        "critique": "I agree with the tri-view label because the cluster ID is 82, which is a known anomaly cluster. The cluster size is 430, which is larger than the average cluster size of 300. The cluster density is 5.776296731401579, which is higher than the average cluster density of 4.5. The cluster is also located in a high-traffic area, which increases the likelihood of anomalies. The cluster is also very close to the source IP, which could indicate a local attack. The cluster has a high duration of 0.19224265274501, which could indicate a long-running attack. The cluster has a high max_packets_len of 0.6938876922705691, which could indicate a large amount of data being transmitted. All of these features suggest that the cluster is an anomaly and should be investigated further.",
        "changed": false,
        "new_label": 1,
        "reason": "The cluster is an anomaly and should be investigated further.",
        "self_conf_after": 0.2,
        "clarifying_question": "What is the source IP of the cluster?"
      },
      "C": {
        "self_conf_before": 0.2,
        "peer_scores": [
          0.2,
          0.2
        ],
        "critique": "I agree with the peers that the cluster is an anomaly and should be investigated further. The cluster exhibits several characteristics that are indicative of an attack, including the high density of packets, low packet size distribution, and high cluster duration. Additionally, the cluster is located in a high-traffic area and is close to the source IP, which could indicate a local attack. However, the original label and confidence remain the same, as the peers' analysis does not provide any evidence to contradict the original assessment. Therefore, I keep the label as 1 and update my confidence score to 0.8."
      }
    },
    "R3": {
      "A": {},
      "B": {
        "label": 1,
        "self_conf": 0.8,
        "questions": [],
        "key_features": "dst_ip_freq: high, dns_domain_name_freq: low, duration: long, max_packets_len: high",
        "cluster_novel": "yes",
        "cluster_reason": "high density, high duration, high max_packets_len",
        "alt_hypothesis": "local attack",
        "attack_ref": "DDoS"
      },
      "C": {
        "label": 1,
        "self_conf": 0.2,
        "rationale": "High packet frequency during weekends",
        "key_features": "dst_ip_freq: high",
        "cluster_novel": "no",
        "cluster_reason": "Low density",
        "alt_hypothesis": "Possible malware activity",
        "attack_ref": "Malware scanning"
      }
    },
    "judge": {
      "_raw_output": "{\n  \"final_label\": 1,\n  \"confidence\": 0.8,\n  \"winning_agent\": \"B\",\n  \"reason\": \"Agent B's analysis provides the most comprehensive justification for the anomaly being an anomaly, with clear evidence of high density, long duration, and high max_packets_len. These features are consistent with a DDoS attack.\""
    }
  }
}