{
  "sample_summary": {
    "sample_id": "34-9",
    "tri_view_label": 1,
    "slm_final_vote": 1,
    "confidence": 0.6,
    "referee_label": 1
  },
  "debate_dynamics": {
    "dominant_agent": "A",
    "least_agent": "B"
  },
  "_rounds": {
    "R1": {
      "A": {
        "label": 1,
        "self_conf": 0.2,
        "rationale": "The anomaly detected in the tri-view label is likely an anomaly, with a size of 209 and a density of 5.949382814399888. The cluster ID is 232, and the time is Weekday (Sunday).",
        "key_features": [
          "dst_ip_freq: high",
          "dns_domain_name_freq: 1.4045859516912094"
        ],
        "cluster_novel": "unknown",
        "cluster_reason": "unknown",
        "alt_hypothesis": "burst scan",
        "attack_ref": "DDoS"
      },
      "B": {
        "label": 1,
        "self_conf": 0.2,
        "rationale": "I agree with the tri-view label because the cluster ID is 232, and the cluster size is 209, which is larger than the average cluster size of 5.9. Also, the cluster density is 5.9, which is higher than the average cluster density of 5.9. The cluster is also relatively close to the source, with a distance of 0.145, which is higher than the average cluster distance of 0.145. Therefore, I think this is an anomaly.",
        "key_features": "dst_ip_freq: high, dns_domain_name_freq: high, duration: high, max_packets_len: high",
        "cluster_novel": "yes",
        "cluster_reason": "high density, close to source",
        "alt_hypothesis": "DDoS attack",
        "attack_ref": "DDoS"
      },
      "C": {
        "label": 1,
        "self_conf": 0.2,
        "rationale": "High packet frequency during weekends",
        "key_features": "dst_ip_freq: high",
        "cluster_novel": "no",
        "cluster_reason": "Low density",
        "alt_hypothesis": "Possible malware activity",
        "attack_ref": "Malware scanning"
      }
    },
    "R2": {
      "A": {
        "self_conf_before": 0.2,
        "peer_scores": 0.2,
        "critique": "The anomaly detected in the tri-view label is likely an anomaly, with a size of 209 and a density of 5.949382814399888. The cluster ID is 232, and the time is Weekday (Sunday).",
        "revise_label": {
          "changed": true,
          "new_label": 1,
          "reason": "The cluster ID is 232, and the time is Weekday (Sunday)."
        },
        "self_conf_after": 0.2,
        "clarifying_question": "Is the cluster ID 232 and the time Weekday (Sunday) a valid reason for changing the label?"
      },
      "B": {
        "revise_label": {
          "changed": false,
          "new_label": null,
          "reason": ""
        }
      },
      "C": {
        "self_conf_before": 0.2,
        "peer_scores": 0.2,
        "critique": "I agree with the tri-view label because the cluster ID is 232, and the cluster size is 209, which is larger than the average cluster size of 5.9. Also, the cluster density is 5.9, which is higher than the average cluster density of 5.9. The cluster is also relatively close to the source, with a distance of 0.145, which is higher than the average cluster distance of 0.145. Therefore, I think this is an anomaly.",
        "changed": true,
        "new_label": 1,
        "reason": "I agree with the tri-view label because the cluster characteristics and location suggest an anomaly.",
        "self_conf_after": 0.4,
        "clarifying_question": "Could the observed anomalies be caused by a combination of factors, such as malware scanning and legitimate network activity? How can we determine the relative importance of each factor?"
      }
    },
    "R3": {
      "A": {},
      "B": {
        "need_more_info": false,
        "questions": []
      },
      "C": {
        "label": 1,
        "self_conf": 0.2,
        "rationale": "High packet frequency during weekends",
        "key_features": "dst_ip_freq: high",
        "cluster_novel": "no",
        "cluster_reason": "Low density",
        "alt_hypothesis": "Possible malware activity",
        "attack_ref": "Malware scanning"
      }
    },
    "judge": {
      "final_label": 1,
      "confidence": 0.6,
      "winning_agent": "C",
      "reason": "Agent C's reasoning is based on the observation of high packet frequency during weekends, which is a known characteristic of malware activity. While other agents also identified anomalous behavior, their reasoning did not specifically address this observation. Therefore, Agent C's argument is more compelling."
    }
  }
}