{
  "sample_summary": {
    "sample_id": "35-5",
    "tri_view_label": 1,
    "slm_final_vote": 1,
    "confidence": 0.6,
    "referee_label": 1
  },
  "debate_dynamics": {
    "dominant_agent": "A",
    "least_agent": "C"
  },
  "_rounds": {
    "R1": {
      "A": {
        "label": 1,
        "self_conf": 0.2,
        "rationale": "The anomaly detected in this view is likely due to a high number of packets with a specific destination IP address (dst_ip_freq: 0.9627162748000327). The feature 'dst_ip_freq' indicates that the destination IP address is frequently used in the network, which is a common indicator of malicious activity.",
        "key_features": [
          "dst_ip_freq: high"
        ],
        "cluster_novel": "unknown",
        "cluster_reason": "unknown",
        "alt_hypothesis": "burst scan",
        "attack_ref": "DDoS"
      },
      "B": {
        "label": 1,
        "self_conf": 0.2,
        "rationale": "I agree with the tri-view label because the cluster ID is 82, which is a known attack type.",
        "key_features": "dst_ip_freq: 0.962, dns_domain_name_freq: -0.711, duration: -0.192, max_packets_len: 0.693",
        "cluster_novel": "no",
        "cluster_reason": "low density",
        "alt_hypothesis": "burst scan",
        "attack_ref": "DDoS"
      },
      "C": {
        "label": 1,
        "self_conf": 0.2,
        "rationale": "High packet frequency during weekends",
        "key_features": "dst_ip_freq: high",
        "cluster_novel": "no",
        "cluster_reason": "Low density",
        "alt_hypothesis": "Possible malware activity",
        "attack_ref": "Malware detected"
      }
    },
    "R2": {
      "A": {
        "self_conf_before": 0.2,
        "peer_scores": 0.2,
        "critique": "The anomaly detected in this view is likely due to a high number of packets with a specific destination IP address (dst_ip_freq: 0.9627162748000327). The feature 'dst_ip_freq' indicates that the destination IP address is frequently used in the network, which is a common indicator of malicious activity.",
        "revise_label": {
          "changed": true,
          "new_label": 1,
          "reason": "The peer response suggests that the label should be changed to 'burst scan'"
        },
        "self_conf_after": 0.2,
        "clarifying_question": "Why do you think the label should be changed to 'burst scan'?"
      },
      "B": {
        "self_conf_before": 0.2,
        "peer_scores": 0.2,
        "critique": "I agree with the tri-view label because the cluster ID is 82, which is a known attack type.",
        "changed": false,
        "new_label": 1,
        "reason": "I have changed my label to 1 because the cluster ID is 82, which is a known attack type.",
        "self_conf_after": 0.2,
        "clarifying_question": "What is the significance of the cluster ID being 82?"
      },
      "C": {
        "self_conf_before": 0.2,
        "peer_scores": [
          0.2,
          0.2
        ],
        "critique": "I agree with the peers that the anomaly detected in this view is likely due to a high number of packets with a specific destination IP address (dst_ip_freq: 0.9627162748000327). The feature 'dst_ip_freq' indicates that the destination IP address is frequently used in the network, which is a common indicator of malicious activity.",
        "changed": true,
        "new_label": 1,
        "reason": "The high destination IP address suggests a potential attack, which aligns with the tri-view label.",
        "self_conf_after": 0.4,
        "clarifying_question": "Could the high destination IP address be associated with a specific malware family or attack pattern?"
      }
    },
    "R3": {
      "A": {},
      "B": {},
      "C": {
        "label": 1,
        "self_conf": 0.4,
        "rationale": "High packet frequency during weekends",
        "key_features": "dst_ip_freq: high",
        "cluster_novel": "no",
        "cluster_reason": "Low density",
        "alt_hypothesis": "Possible malware activity",
        "attack_ref": "Malware detected"
      }
    },
    "judge": {
      "final_label": 1,
      "confidence": 0.6,
      "winning_agent": "C",
      "reason": "Agent C's hypothesis of high packet frequency during weekends aligns with the observation of a high destination IP frequency, which is a common indicator of malicious activity. The consensus among agents supports this label."
    }
  }
}