{
  "sample_summary": {
    "sample_id": "35-6",
    "tri_view_label": 1,
    "slm_final_vote": 1,
    "confidence": 0.6,
    "referee_label": 1
  },
  "debate_dynamics": {
    "dominant_agent": "A",
    "least_agent": "B"
  },
  "_rounds": {
    "R1": {
      "A": {
        "label": 1,
        "self_conf": 0.2,
        "rationale": "The anomaly detected in the tri-view label is an anomaly with a size of 136 and a density of 6.169382266878291. The cluster ID is 82, and the time is Weekday (Sunday).",
        "key_features": [
          "dst_ip_freq: high",
          "dns_domain_name_freq: -0.7119602307056717"
        ],
        "cluster_novel": "unknown",
        "cluster_reason": "unknown",
        "alt_hypothesis": "burst scan",
        "attack_ref": "DDoS"
      },
      "B": {
        "label": 1,
        "self_conf": 0.2,
        "rationale": "I agree with the tri-view label because the cluster ID is 82, which is a known anomaly cluster. The cluster has a high density and is located in a suspicious location. The time is also a factor, as it is a weekday and not a weekend, which is usually associated with more normal network activity.",
        "key_features": "dst_ip_freq: high, dns_domain_name_freq: low, duration: long, max_packets_len: high",
        "cluster_novel": "yes",
        "cluster_reason": "high density, suspicious location",
        "alt_hypothesis": "DDoS attack",
        "attack_ref": "DDoS"
      },
      "C": {
        "label": 1,
        "self_conf": 0.2,
        "rationale": "High packet frequency during weekends",
        "key_features": "dst_ip_freq: high",
        "cluster_novel": "no",
        "cluster_reason": "Low density",
        "alt_hypothesis": "Possible malware activity",
        "attack_ref": "Malware scanning"
      }
    },
    "R2": {
      "A": {
        "self_conf_before": 0.2,
        "peer_scores": 0.2,
        "critique": "I agree with the tri-view label because the cluster ID is 82, which is a known anomaly cluster. The cluster has a high density and is located in a suspicious location. The time is also a factor, as it is a weekday and not a weekend, which is usually associated with more normal network activity.",
        "revise_label": {
          "changed": true,
          "new_label": 1,
          "reason": "High packet frequency during weekends"
        },
        "self_conf_after": 0.2,
        "clarifying_question": "What factors contribute to the high packet frequency during weekends, as identified by the peer responses?"
      },
      "B": {
        "revise_label": {
          "changed": false,
          "new_label": null,
          "reason": ""
        }
      },
      "C": {
        "self_conf_before": 0.2,
        "peer_scores": [
          0.2,
          0.2
        ],
        "critique": "I agree with the tri-view label because the cluster ID is 82, which is a known anomaly cluster. The cluster has a high density and is located in a suspicious location. The time is also a factor, as it is a weekday and not a weekend, which is usually associated with more normal network activity.",
        "changed": true,
        "new_label": 1,
        "reason": "I changed the label to 1 because the new label has a higher confidence score and is located in a more suspicious location.",
        "self_conf_after": 0.5,
        "clarifying_question": "Is there any evidence other than the cluster ID and density to support the tri-view label?"
      }
    },
    "R3": {
      "A": {
        "need_more_info": true,
        "questions": [
          {
            "label": "What factors contribute to the high packet frequency during weekends, as identified by the peer responses?",
            "self_conf": 0.5,
            "rationale": "The cluster ID is 82, which is a known anomaly cluster. The cluster has a high density and is located in a suspicious location. The time is also a factor, as it is a weekday and not a weekend, which is usually associated with more normal network activity.",
            "key_features": [
              "dst_ip_freq: high",
              "dns_domain_name_freq: -0.7119602307056717"
            ],
            "cluster_novel": "unknown",
            "cluster_reason": "unknown",
            "alt_hypothesis": "burst scan",
            "attack_ref": "DDoS"
          }
        ]
      },
      "B": {},
      "C": {
        "label": 1,
        "self_conf": 0.2,
        "rationale": "High packet frequency during weekends",
        "key_features": "dst_ip_freq: high",
        "cluster_novel": "no",
        "cluster_reason": "Low density",
        "alt_hypothesis": "Possible malware activity",
        "attack_ref": "Malware scanning"
      }
    },
    "judge": {
      "final_label": 1,
      "confidence": 0.6,
      "winning_agent": "A",
      "reason": "Agent A's revised label is based on the consensus of the tri-view label and the peer responses, which all identify the cluster ID 82 as an anomaly cluster with high density and suspicious location. Agent C's label is not supported by the consensus and has a lower confidence score."
    }
  }
}