{
  "sample_summary": {
    "sample_id": "35-7",
    "tri_view_label": 1,
    "slm_final_vote": 1,
    "confidence": 0.8,
    "referee_label": 1
  },
  "debate_dynamics": {
    "dominant_agent": "A",
    "least_agent": "A"
  },
  "_rounds": {
    "R1": {
      "A": {
        "label": 1,
        "self_conf": 0.2,
        "rationale": "The anomaly detected in this view is likely due to a high number of packets with a specific destination IP address (dst_ip_freq: 0.9627162748000327). The anomaly is also likely to be caused by a low density (dns_domain_name_freq: -0.7119602307056717) and a high packet size (duration: -0.19224265274501). The anomaly is likely to be caused by a malicious IP address (max_packets_len: 0.6938876922705691).",
        "key_features": [
          "dst_ip_freq: high",
          "dns_domain_name_freq: low"
        ],
        "cluster_novel": "unknown",
        "cluster_reason": "unknown",
        "alt_hypothesis": "burst scan",
        "attack_ref": "DDoS"
      },
      "B": {
        "label": 1,
        "self_conf": 0.2,
        "rationale": "I agree with the tri-view label because the cluster ID is 94, which is a known anomaly cluster. The cluster size is 117, which is larger than the average cluster size of 5. The cluster density is 5.15160211277359, which is also larger than the average cluster density of 5. The cluster is also located in a dense area, which increases the likelihood of anomalies. The cluster is also located on a Sunday, which is a weekend and may have more anomalies. Therefore, I agree with the tri-view label and the cluster label.",
        "key_features": "dst_ip_freq: 0.962, dns_domain_name_freq: -0.711, duration: -0.192, max_packets_len: 0.693",
        "cluster_novel": "yes",
        "cluster_reason": "larger size and density",
        "alt_hypothesis": "false positive",
        "attack_ref": "DDoS"
      },
      "C": {
        "label": 1,
        "self_conf": 0.2,
        "rationale": "High packet frequency during weekends",
        "key_features": "dst_ip_freq: high",
        "cluster_novel": "no",
        "cluster_reason": "Low density",
        "alt_hypothesis": "Possible malware activity",
        "attack_ref": "Malware detected"
      }
    },
    "R2": {
      "A": {
        "revise_label": {
          "changed": false,
          "new_label": null,
          "reason": ""
        }
      },
      "B": {
        "revise_label": {
          "changed": false,
          "new_label": null,
          "reason": ""
        }
      },
      "C": {
        "revise_label": {
          "changed": false,
          "new_label": null,
          "reason": ""
        }
      }
    },
    "R3": {
      "A": {},
      "B": {},
      "C": {
        "need_more_info": true,
        "questions": [
          "What is the average packet size on weekdays?"
        ]
      }
    },
    "judge": {
      "final_label": 1,
      "confidence": 0.8,
      "winning_agent": "A",
      "reason": "Agents A and B both identified the anomaly with the same label, and their key features align. Agent C's hypothesis is plausible but lacks sufficient evidence. The high packet frequency during weekends could be a contributing factor, but it is not the sole cause of the anomaly as indicated by Agents A and B."
    }
  }
}