{
  "sample_summary": {
    "sample_id": "35-8",
    "tri_view_label": 1,
    "slm_final_vote": 1,
    "confidence": 0.4,
    "referee_label": 1
  },
  "debate_dynamics": {
    "dominant_agent": "A",
    "least_agent": "C"
  },
  "_rounds": {
    "R1": {
      "A": {
        "label": 1,
        "self_conf": 0.2,
        "rationale": "The anomaly detected in the tri-view label is an anomaly with a tri-view label of 1 (anomaly) and confidence of 0.2. The cluster ID is 195, with a size of 107, a density of 5.509163995020393, and a distance of 0.1076676739088011.",
        "key_features": [
          "dst_ip_freq: high"
        ],
        "cluster_novel": "unknown",
        "cluster_reason": "unknown",
        "alt_hypothesis": "burst scan",
        "attack_ref": "DDoS"
      },
      "B": {
        "label": 1,
        "self_conf": 0.2,
        "rationale": "I agree with the tri-view label because the cluster ID is 195, which is a known anomaly.",
        "key_features": "dst_ip_freq: 0.962, dns_domain_name_freq: -0.711, duration: -0.192, max_packets_len: 0.693",
        "cluster_novel": "no",
        "cluster_reason": "low density",
        "alt_hypothesis": "false positive",
        "attack_ref": "DDoS"
      },
      "C": {
        "label": 1,
        "self_conf": 0.2,
        "rationale": "High packet frequency during weekends",
        "key_features": "dst_ip_freq: high",
        "cluster_novel": "no",
        "cluster_reason": "Low density",
        "alt_hypothesis": "Possible malware activity",
        "attack_ref": "Malware"
      }
    },
    "R2": {
      "A": {
        "self_conf_before": 0.2,
        "peer_scores": 0.2,
        "critique": "The anomaly detected in the tri-view label is an anomaly with a tri-view label of 1 (anomaly) and confidence of 0.2. The cluster ID is 195, with a size of 107, a density of 5.509163995020393, and a distance of 0.1076676739088011.",
        "revise_label": {
          "changed": true,
          "new_label": 1,
          "reason": "The cluster ID is 195, with a size of 107, a density of 5.509163995020393, and a distance of 0.1076676739088011. The anomaly detected in the tri-view label is an anomaly with a tri-view label of 1 (anomaly) and confidence of 0.2. The cluster ID is 195, with a size of 107, a density of 5.509163995020393, and a distance of 0.1076676739088011."
        },
        "self_conf_after": 0.2,
        "clarifying_question": "What is the new label for the cluster ID 195 with a size of 107, a density of 5.509163995020393, and a distance of 0.1076676739088011?"
      },
      "B": {
        "self_conf_before": 0.2,
        "peer_scores": 0.2,
        "critique": "I agree with the tri-view label because the cluster ID is 195, which is a known anomaly.",
        "changed": false,
        "new_label": 1,
        "reason": "I have changed my label to 1 because the cluster ID is 195, which is a known anomaly.",
        "self_conf_after": 0.2,
        "clarifying_question": "What is the cluster ID of the anomaly?"
      },
      "C": {
        "self_conf_before": 0.2,
        "peer_scores": [
          0.2,
          0.2
        ],
        "critique": "My rationale agrees with the peers, but the confidence score is lower than expected. I would like to investigate further to understand the reason for the discrepancy.",
        "changed": true,
        "new_label": 1,
        "reason": "I have identified a lower-than-expected confidence score, which warrants further investigation to understand the cause.",
        "self_conf_after": 0.4,
        "clarifying_question": "Could there be an issue with the tri-view label or the cluster density? Investigating these factors could help explain the lower confidence score."
      }
    },
    "R3": {
      "A": {},
      "B": {
        "label": 1,
        "self_conf": 0.4,
        "questions": [
          "What is the reason for the lower confidence score?",
          "Could there be an issue with the tri-view label or the cluster density?"
        ],
        "cluster_novel": "no",
        "cluster_reason": "low density",
        "alt_hypothesis": "false positive",
        "attack_ref": "DDoS"
      },
      "C": {
        "label": 1,
        "self_conf": 0.2,
        "rationale": "High packet frequency during weekends",
        "key_features": "dst_ip_freq: high",
        "cluster_novel": "no",
        "cluster_reason": "Low density",
        "alt_hypothesis": "Possible malware activity",
        "attack_ref": "Malware"
      }
    },
    "judge": {
      "final_label": 1,
      "confidence": 0.4,
      "winning_agent": "B",
      "reason": "Agent B's label agrees with the tri-view label and has the highest confidence score among the agents."
    }
  }
}