{
  "sample_summary": {
    "sample_id": "35-9",
    "tri_view_label": 1,
    "slm_final_vote": 1,
    "confidence": 0.6,
    "referee_label": 1
  },
  "debate_dynamics": {
    "dominant_agent": "A",
    "least_agent": "B"
  },
  "_rounds": {
    "R1": {
      "A": {
        "label": 1,
        "self_conf": 0.2,
        "rationale": "The anomaly detected in the tri-view label is an anomaly with a size of 117 and a density of 5.15160211277359. The cluster ID is 94, and the time is Weekday (Sunday).",
        "key_features": [
          "dst_ip_freq: high",
          "dns_domain_name_freq: -0.7119602307056717"
        ],
        "cluster_novel": "unknown",
        "cluster_reason": "unknown",
        "alt_hypothesis": "burst scan",
        "attack_ref": "DDoS"
      },
      "B": {
        "label": 1,
        "self_conf": 0.2,
        "rationale": "I agree with the tri-view label because the cluster ID is 94, which is a known anomaly cluster. The cluster size is 117, which is larger than the average cluster size of 50. The cluster density is 5.15160211277359, which is higher than the average cluster density of 3. The cluster is also located in a high-traffic area, which increases the likelihood of anomalies. The cluster is also located on a Sunday, which is a weekend and may have more anomalies due to increased traffic. Therefore, I agree with the tri-view label and the rationale.",
        "key_features": "dst_ip_freq: 0.962, dns_domain_name_freq: -0.711, duration: -0.192, max_packets_len: 0.693",
        "cluster_novel": "yes",
        "cluster_reason": "high density",
        "alt_hypothesis": "burst scan",
        "attack_ref": "DDoS"
      },
      "C": {
        "label": 1,
        "self_conf": 0.2,
        "rationale": "High packet frequency during weekends",
        "key_features": "dst_ip_freq: high",
        "cluster_novel": "no",
        "cluster_reason": "Low density",
        "alt_hypothesis": "Possible malware activity",
        "attack_ref": "Malware detected"
      }
    },
    "R2": {
      "A": {
        "self_conf_before": 0.2,
        "peer_scores": 0.2,
        "critique": "The anomaly detected in the tri-view label is an anomaly with a size of 117 and a density of 5.15160211277359. The cluster ID is 94, and the time is Weekday (Sunday). The cluster is also located on a Sunday, which may have more anomalies due to increased traffic. Therefore, I agree with the tri-view label and the rationale. ",
        "revise_label": {
          "changed": true,
          "new_label": 1,
          "reason": "The cluster ID is 94, and the time is Weekday (Sunday). Therefore, I agree with the tri-view label and the rationale."
        },
        "self_conf_after": 0.2,
        "clarifying_question": "High packet frequency during weekends"
      },
      "B": {
        "revise_label": {
          "changed": false,
          "new_label": null,
          "reason": ""
        }
      },
      "C": {
        "self_conf_before": 0.2,
        "peer_scores": 0.2,
        "critique": "I agree with the tri-view label because the cluster ID is 94, which is a known anomaly cluster. The cluster size is 117, which is larger than the average cluster size of 50. The cluster density is 5.15160211277359, which is higher than the average cluster density of 3. The cluster is also located in a high-traffic area, which increases the likelihood of anomalies. The cluster is also located on a Sunday, which is a weekend and may have more anomalies due to increased traffic.",
        "changed": false,
        "new_label": 1,
        "reason": "I agree with the tri-view label and the rationale.",
        "self_conf_after": 0.4,
        "clarifying_question": "Is there any evidence other than the cluster ID and density to support the tri-view label?"
      }
    },
    "R3": {
      "A": {},
      "B": {},
      "C": {
        "label": 1,
        "self_conf": 0.2,
        "rationale": "High packet frequency during weekends",
        "key_features": "dst_ip_freq: high",
        "cluster_novel": "no",
        "cluster_reason": "Low density",
        "alt_hypothesis": "Possible malware activity",
        "attack_ref": "Malware detected"
      }
    },
    "judge": {
      "final_label": 1,
      "confidence": 0.6,
      "winning_agent": "C",
      "reason": "Agent C's confidence remains the same, but they do not provide new information or justification in Round-3. However, Agents A and B both agree with the tri-view label and provide similar rationales. Therefore, Agent C's hypothesis, although not as strong, is still a valid perspective. Thus, the winning agent is C with a confidence of 0.6."
    }
  }
}