{
  "sample_summary": {
    "sample_id": "36-2",
    "tri_view_label": 1,
    "slm_final_vote": 1,
    "confidence": 0.4,
    "referee_label": 1
  },
  "debate_dynamics": {
    "dominant_agent": "A",
    "least_agent": "C"
  },
  "_rounds": {
    "R1": {
      "A": {
        "label": 1,
        "self_conf": 0.2,
        "rationale": "Anomaly detected due to high number of packets with destination IP address 192.168.127.12 and DNS domain name frequency of 1.4045859516912094.",
        "key_features": [
          "dst_ip_freq: high",
          "dns_domain_name_freq: 1.4045859516912094"
        ],
        "cluster_novel": "no",
        "cluster_reason": "unknown",
        "alt_hypothesis": "burst scan",
        "attack_ref": "DDoS"
      },
      "B": {
        "label": 1,
        "self_conf": 0.2,
        "rationale": "The sample is far from the cluster centroid and in a sparse cluster.",
        "key_features": "dst_ip_freq: high, dns_domain_name_freq: high, duration: high, max_packets_len: high",
        "cluster_novel": "yes",
        "cluster_reason": "sample is far from cluster centroid and in a sparse cluster",
        "alt_hypothesis": "burst scan",
        "attack_ref": "DDoS"
      },
      "C": {
        "label": 1,
        "self_conf": 0.2,
        "rationale": "Low density of dst_ip_freq and dns_domain_name_freq suggest a potential outlier",
        "key_features": "dst_ip_freq: high, dns_domain_name_freq: high",
        "cluster_novel": "no",
        "cluster_reason": "Low density of features suggests an outlier",
        "alt_hypothesis": "Possible malicious activity based on high density of dst_ip_freq",
        "attack_ref": "Malware activity"
      }
    },
    "R2": {
      "A": {
        "self_conf_before": 0.2,
        "peer_scores": 0.2,
        "critique": "Anomaly detected due to high number of packets with destination IP address 192.168.127.12 and DNS domain name frequency of 1.4045859516912094. The sample is far from the cluster centroid and in a sparse cluster.",
        "revise_label": {
          "changed": true,
          "new_label": 1,
          "reason": "Low density of dst_ip_freq and dns_domain_name_freq suggest a potential outlier"
        },
        "self_conf_after": 0.2,
        "clarifying_question": "What is the potential outlier in this sample based on the peer responses?"
      },
      "B": {
        "self_conf_before": 0.2,
        "peer_scores": 0.2,
        "critique": "The sample is far from the cluster centroid and in a sparse cluster.",
        "changed": false,
        "new_label": 1,
        "reason": "The sample is far from the cluster centroid and in a sparse cluster.",
        "self_conf_after": 0.2,
        "clarifying_question": "What is the cluster centroid?"
      },
      "C": {
        "self_conf_before": 0.2,
        "peer_scores": [
          0.2,
          0.2
        ],
        "critique": "Anomaly detected due to high number of packets with destination IP address 192.168.127.12 and DNS domain name frequency of 1.4045859516912094.",
        "changed": true,
        "new_label": 1,
        "reason": "High number of packets with destination IP address 192.168.127.12 and DNS domain name frequency of 1.4045859516912094 suggest a potential outlier.",
        "self_conf_after": 0.4,
        "clarifying_question": "Could the outlier be caused by a legitimate but rare event, such as a botnet activity?"
      }
    },
    "R3": {
      "A": {
        "need_more_info": true,
        "questions": [
          {
            "label": "What is the cluster centroid?",
            "self_conf": 0.4,
            "rationale": "Anomaly detected due to high number of packets with destination IP address 192.168.127.12 and DNS domain name frequency of 1.4045859516912094.",
            "key_features": [
              "dst_ip_freq: high",
              "dns_domain_name_freq: 1.4045859516912094"
            ],
            "cluster_novel": "no",
            "cluster_reason": "unknown",
            "alt_hypothesis": "burst scan",
            "attack_ref": "DDoS"
          }
        ],
        "self_conf_after": 0.2,
        "clarifying_question": "What is the potential outlier in this sample based on the peer responses?"
      },
      "B": {},
      "C": {
        "label": 1,
        "self_conf": 0.2,
        "rationale": "Low density of dst_ip_freq and dns_domain_name_freq suggest a potential outlier",
        "key_features": "dst_ip_freq: high, dns_domain_name_freq: high",
        "cluster_novel": "no",
        "cluster_reason": "Low density of features suggests an outlier",
        "alt_hypothesis": "Possible malicious activity based on high density of dst_ip_freq",
        "attack_ref": "Malware activity"
      }
    },
    "judge": {
      "final_label": 1,
      "confidence": 0.4,
      "winning_agent": "C",
      "reason": "Agents A and B did not provide sufficient information to change their initial labels or confidences. Agent C's rationale, based on the low density of dst_ip_freq and dns_domain_name_freq, is a valid justification for considering the sample as a potential outlier."
    }
  }
}