{
  "sample_summary": {
    "sample_id": "36-3",
    "tri_view_label": 1,
    "slm_final_vote": 1,
    "confidence": 0.6,
    "referee_label": 1
  },
  "debate_dynamics": {
    "dominant_agent": "A",
    "least_agent": "C"
  },
  "_rounds": {
    "R1": {
      "A": {
        "label": 1,
        "self_conf": 0.2,
        "rationale": "Anomaly detected due to high number of packets with destination IP address 192.168.127.12 and DNS domain name frequency of 1.4.",
        "key_features": [
          "dst_ip_freq: high",
          "dns_domain_name_freq: 1.4"
        ],
        "cluster_novel": "unknown",
        "cluster_reason": "unknown",
        "alt_hypothesis": "burst scan",
        "attack_ref": "DDoS"
      },
      "B": {
        "label": 1,
        "self_conf": 0.2,
        "rationale": "The sample is far from the cluster centroid and in a sparse cluster.",
        "key_features": "dst_ip_freq: high, dns_domain_name_freq: high, duration: high, max_packets_len: high",
        "cluster_novel": "yes",
        "cluster_reason": "sparse cluster",
        "alt_hypothesis": "burst scan",
        "attack_ref": "DDoS"
      },
      "C": {
        "label": 1,
        "self_conf": 0.2,
        "rationale": "Low density of dst_ip_freq and dns_domain_name_freq",
        "key_features": "dst_ip_freq: high, dns_domain_name_freq: high",
        "cluster_novel": "no",
        "cluster_reason": "Low density of features",
        "alt_hypothesis": "Unknown",
        "attack_ref": "Low density of features"
      }
    },
    "R2": {
      "A": {
        "self_conf_before": 0.2,
        "peer_scores": 0.2,
        "critique": "The sample is far from the cluster centroid and in a sparse cluster.",
        "revise_label": {
          "changed": true,
          "new_label": 1,
          "reason": "The sample is far from the cluster centroid and in a sparse cluster."
        },
        "self_conf_after": 0.2,
        "clarifying_question": "Why is the sample far from the cluster centroid and in a sparse cluster?"
      },
      "B": {
        "self_conf_before": 0.2,
        "peer_scores": 0.2,
        "critique": "The sample is far from the cluster centroid and in a sparse cluster.",
        "changed": false,
        "new_label": 1,
        "reason": "The sample is far from the cluster centroid and in a sparse cluster.",
        "self_conf_after": 0.2,
        "clarifying_question": "What is the cluster centroid?"
      },
      "C": {
        "self_conf_before": 0.2,
        "peer_scores": [
          0.2,
          0.2
        ],
        "critique": "Anomaly detected due to high number of packets with destination IP address 192.168.127.12 and DNS domain name frequency of 1.4.",
        "changed": true,
        "new_label": 1,
        "reason": "The sample is far from the cluster centroid and in a sparse cluster.",
        "self_conf_after": 0.4,
        "clarifying_question": "What is the significance of the destination IP address and DNS domain name frequency in this sample?"
      }
    },
    "R3": {
      "A": {
        "need_more_info": true,
        "questions": [
          {
            "label": "What is the significance of the destination IP address and DNS domain name frequency in this sample?",
            "self_conf": 0.4,
            "rationale": "The sample is far from the cluster centroid and in a sparse cluster. Anomaly detected due to high number of packets with destination IP address 192.168.127.12 and DNS domain name frequency of 1.4.",
            "key_features": [
              "dst_ip_freq: high",
              "dns_domain_name_freq: 1.4"
            ],
            "cluster_novel": "unknown",
            "cluster_reason": "unknown",
            "alt_hypothesis": "burst scan",
            "attack_ref": "DDoS"
          }
        ],
        "cluster_novel": "unknown",
        "cluster_reason": "unknown",
        "alt_hypothesis": "burst scan",
        "attack_ref": "DDoS"
      },
      "B": {
        "need_more_info": false,
        "questions": [
          "What is the significance of the destination IP address and DNS domain name frequency in this sample?"
        ]
      },
      "C": {
        "need_more_info": false,
        "questions": [
          "Why is the sample far from the cluster centroid and in a sparse cluster?"
        ]
      }
    },
    "judge": {
      "final_label": 1,
      "confidence": 0.6,
      "winning_agent": "A",
      "reason": "Agent A's initial label was based on the high frequency of a specific destination IP address and DNS domain name, which was later supported by Agent C's critique. The agents' peer scores and lack of contradictory evidence suggest a consensus on the anomalous nature of the sample."
    }
  }
}