{
  "sample_summary": {
    "sample_id": "36-6",
    "tri_view_label": 1,
    "slm_final_vote": 1,
    "confidence": 0.8,
    "referee_label": 1
  },
  "debate_dynamics": {
    "dominant_agent": "A",
    "least_agent": "B"
  },
  "_rounds": {
    "R1": {
      "A": {
        "label": 1,
        "self_conf": 0.2,
        "rationale": "The anomaly detected in the tri-view label is an anomaly with a size of 172 and a density of 6.167980566710316. The cluster ID is 54, and the time is Weekday (Monday).",
        "key_features": [
          "dst_ip_freq: high",
          "dns_domain_name_freq: low"
        ],
        "cluster_novel": "unknown",
        "cluster_reason": "unknown",
        "alt_hypothesis": "burst scan",
        "attack_ref": "DDoS"
      },
      "B": {
        "label": 1,
        "self_conf": 0.2,
        "rationale": "I agree with the tri-view label because the cluster ID is 54, which is a known anomaly cluster. The cluster size is 172, which is larger than the average cluster size of 6.167, and the density is 6.167, which is also larger than the average density of 6.167. The cluster is also located in the same time zone as the tri-view label, which is Monday. Therefore, I think the cluster is an anomaly.",
        "key_features": "dst_ip_freq: -0.3183606169854546, dns_domain_name_freq: 1.404585951691209, duration: -0.1919549598048528, max_packets_len: 0.6938876922705691",
        "cluster_novel": "yes",
        "cluster_reason": "larger size and density",
        "alt_hypothesis": "false positive",
        "attack_ref": "DDoS"
      },
      "C": {
        "label": 1,
        "self_conf": 0.2,
        "rationale": "High packet frequency during weekdays",
        "key_features": "dst_ip_freq: high",
        "cluster_novel": "no",
        "cluster_reason": "Low density",
        "alt_hypothesis": "Possible malware activity",
        "attack_ref": "Malware detected"
      }
    },
    "R2": {
      "A": {
        "self_conf_before": 0.2,
        "peer_scores": 0.2,
        "critique": "I agree with the tri-view label because the cluster ID is 54, which is a known anomaly cluster. The cluster size is 172, which is larger than the average cluster size of 6.167, and the density is 6.167, which is also larger than the average density of 6.167. The cluster is also located in the same time zone as the tri-view label, which is Monday. Therefore, I think the cluster is an anomaly.",
        "revise_label": {
          "changed": true,
          "new_label": 1,
          "reason": "The anomaly detected in the tri-view label is an anomaly with a size of 172 and a density of 6.16780566710316. The cluster ID is 54, and the time is Weekday (Monday)."
        },
        "self_conf_after": 0.2,
        "clarifying_question": "What is the new label for the anomaly detected in the tri-view label, and why did the peer revise it?"
      },
      "B": {
        "revise_label": {
          "changed": false,
          "new_label": null,
          "reason": ""
        }
      },
      "C": {
        "self_conf_before": 0.2,
        "peer_scores": 0.2,
        "critique": "I agree with the tri-view label because the cluster ID is 54, which is a known anomaly cluster. The cluster size is 172, which is larger than the average cluster size of 6.167, and the density is 6.167, which is also larger than the average density of 6.167. The cluster is also located in the same time zone as the tri-view label, which is Monday.",
        "changed": false,
        "new_label": 1,
        "reason": "I agree with the tri-view label because the cluster characteristics and time zone match the criteria for an anomaly cluster.",
        "self_conf_after": 0.8,
        "clarifying_question": "Is there any other information or context that could support the tri-view label being an anomaly?"
      }
    },
    "R3": {
      "A": {},
      "B": {
        "need_more_info": false,
        "questions": []
      },
      "C": {
        "label": 1,
        "self_conf": 0.2,
        "rationale": "High packet frequency during weekdays",
        "key_features": "dst_ip_freq: high",
        "cluster_novel": "no",
        "cluster_reason": "Low density",
        "alt_hypothesis": "Possible malware activity",
        "attack_ref": "Malware detected"
      }
    },
    "judge": {
      "final_label": 1,
      "confidence": 0.8,
      "winning_agent": "C",
      "reason": "Agent C's confidence increased significantly in Round 2, and they provided a clear rationale based on the key feature 'dst_ip_freq: high'. While Agents A and B also agreed with the anomaly label, their rationales were repetitive and did not provide new information."
    }
  }
}