{
  "sample_summary": {
    "sample_id": "36-8",
    "tri_view_label": 1,
    "slm_final_vote": 1,
    "confidence": 0.6,
    "referee_label": 1
  },
  "debate_dynamics": {
    "dominant_agent": "A",
    "least_agent": "C"
  },
  "_rounds": {
    "R1": {
      "A": {
        "label": 1,
        "self_conf": 0.2,
        "rationale": "The anomaly detected in this packet is likely due to a malicious attacker attempting to evade detection by using a high-density IP address and low packet size. The attacker may be attempting to evade detection by using a low-density IP address and a large packet size, which would be more difficult to detect.",
        "key_features": [
          "dst_ip_freq: high",
          "dns_domain_name_freq: -0.7119602307056717"
        ],
        "cluster_novel": "no",
        "cluster_reason": "unknown",
        "alt_hypothesis": "unknown",
        "attack_ref": "unknown"
      },
      "B": {
        "label": 1,
        "self_conf": 0.2,
        "rationale": "I agree with the tri-view label because the cluster ID is 57, which is a known attack type (DDoS), and the cluster size is 19, which is relatively small and dense.",
        "key_features": "dst_ip_freq: 0.962, dns_domain_name_freq: -0.711, duration: -0.192, max_packets_len: 0.693",
        "cluster_novel": "no",
        "cluster_reason": "low density",
        "alt_hypothesis": "burst scan",
        "attack_ref": "DDoS"
      },
      "C": {
        "label": 1,
        "self_conf": 0.2,
        "rationale": "High packet frequency during weekdays",
        "key_features": "dst_ip_freq: high",
        "cluster_novel": "no",
        "cluster_reason": "Low density",
        "alt_hypothesis": "Possible malware activity",
        "attack_ref": "Malware detected"
      }
    },
    "R2": {
      "A": {
        "self_conf_before": 0.2,
        "peer_scores": 0.2,
        "critique": "The anomaly detected in this packet is likely due to a malicious attacker attempting to evade detection by using a high-density IP address and low packet size. The attacker may be attempting to evade detection by using a low-density IP address and a large packet size, which would be more difficult to detect.",
        "revise_label": {
          "changed": true,
          "new_label": 1,
          "reason": "The attacker may be attempting to evade detection by using a low-density IP address and a large packet size, which would be more difficult to detect."
        },
        "self_conf_after": 0.2,
        "clarifying_question": "What is the reason for the change in label from 1 to 1 based on the peer responses?"
      },
      "B": {
        "self_conf_before": 0.2,
        "peer_scores": 0.2,
        "critique": "I agree with the tri-view label because the cluster ID is 57, which is a known attack type  (DDoS), and the cluster size is 19, which is relatively small and dense.",
        "changed": false,
        "new_label": 1,
        "reason": "I have decided to keep my label because I believe the cluster ID and size are strong indicators of an attack.",
        "self_conf_after": 0.2,
        "clarifying_question": "What other features should we consider to confirm our decision?"
      },
      "C": {
        "self_conf_before": 0.2,
        "peer_scores": [
          0.2,
          0.2
        ],
        "critique": "I agree with the peers that the anomaly detected in this packet is likely due to a malicious attacker attempting to evade detection by using a high-density IP address and low packet size. The attacker may be attempting to evade detection by using a low-density IP address and a large packet size, which would be more difficult to detect.",
        "changed": true,
        "new_label": 1,
        "reason": "I have more confidence in the peers' analysis than my original rationale, which was based on a single view and limited context.",
        "self_conf_after": 0.5,
        "clarifying_question": "Is there any additional information or context that could support the peers' conclusions?"
      }
    },
    "R3": {
      "A": {},
      "B": {},
      "C": {
        "label": 1,
        "self_conf": 0.2,
        "rationale": "High packet frequency during weekdays",
        "key_features": "dst_ip_freq: high",
        "cluster_novel": "no",
        "cluster_reason": "Low density",
        "alt_hypothesis": "Possible malware activity",
        "attack_ref": "Malware detected"
      }
    },
    "judge": {
      "final_label": 1,
      "confidence": 0.6,
      "winning_agent": "C",
      "reason": "Agent C's label remained consistent throughout the debate, and while all agents provided valid reasoning, Agent C's rationale of high packet frequency during weekdays aligns with the general consensus of the anomaly being potentially malicious."
    }
  }
}