{
  "sample_summary": {
    "sample_id": "36-9",
    "tri_view_label": 1,
    "slm_final_vote": 1,
    "confidence": 0.4,
    "referee_label": 1
  },
  "debate_dynamics": {
    "dominant_agent": "A",
    "least_agent": "A"
  },
  "_rounds": {
    "R1": {
      "A": {
        "label": 1,
        "self_conf": 0.2,
        "rationale": "The anomaly detected in the tri-view label is an anomaly with a tri-view label of 1 (anomaly) and confidence of 0.2. The cluster ID is 185, with a size of 369, a density of 3.8254879797539183, and a distance of 0.25851137814985387. The time was Weekday (Monday).",
        "key_features": [
          "dst_ip_freq: -0.3183606169854546",
          "dns_domain_name_freq: 1.4045859516912094",
          "duration: -0.1919552779747394",
          "max_packets_len: -1.0272234839047787"
        ],
        "cluster_novel": "unknown",
        "cluster_reason": "unknown",
        "alt_hypothesis": "burst scan",
        "attack_ref": "DDoS"
      },
      "B": {
        "label": 1,
        "self_conf": 0.2,
        "rationale": "I agree with the tri-view label because the cluster ID is 185, which is a known attack type.",
        "key_features": "dst_ip_freq: high, dns_domain_name_freq: high, duration: high, max_packets_len: high",
        "cluster_novel": "yes",
        "cluster_reason": "high density",
        "alt_hypothesis": "false positive",
        "attack_ref": "DDoS"
      },
      "C": {
        "label": 1,
        "self_conf": 0.2,
        "rationale": "Low density of dst_ip_freq and dns_domain_name_freq",
        "key_features": "dst_ip_freq: high, dns_domain_name_freq: low",
        "cluster_novel": "no",
        "cluster_reason": "Low density of both features",
        "alt_hypothesis": "Unknown",
        "attack_ref": "Low density of dst_ip_freq and dns_domain_name_freq"
      }
    },
    "R2": {
      "A": {
        "self_conf_before": 0.2,
        "peer_scores": 0.2,
        "critique": "The anomaly detected in the tri-view label is an anomaly with a tri-view label of 1 (anomaly) and confidence of 0.2. The cluster ID is 185, with a size of 369, a density of 3.8254879797539183, and a distance of 0.25851137814985387. The time was Weekday (Monday).",
        "revise_label": {
          "changed": true,
          "new_label": 1,
          "reason": "Low density of dst_ip_freq and dns_domain_name_freq"
        },
        "self_conf_after": 0.2,
        "clarifying_question": "Is the anomaly detected in the tri-view label an anomaly with a tri-view label of 1 (anomaly) and confidence of 0.2, or is it an anomaly with a tri-view label of 1 (anomaly) and confidence of 0.2, and the cluster ID is 185, with a size of 369, a density of 3.8254879797539183, and a distance of 0.25851137814985387, and the time was Weekday (Monday)?"
      },
      "B": {
        "self_conf_before": 0.2,
        "peer_scores": 0.2,
        "critique": "I agree with the tri-view label because the cluster ID is 185, which is a known attack type.",
        "changed": false,
        "new_label": 1,
        "reason": "I have changed my label to 1 because I agree with the tri-view label.",
        "self_conf_after": 0.2,
        "clarifying_question": "What is the cluster ID of the anomaly?"
      },
      "C": {
        "self_conf_before": 0.2,
        "peer_scores": 0.2,
        "critique": "The rationale seems to be based on the tri-view label, which may not be sufficient to accurately capture the anomaly. The cluster density and distance values could be misleading indicators of an anomaly.",
        "changed": true,
        "new_label": 1,
        "reason": "The rationale suggests that the anomaly may be an outlier due to the high density of dst_ip_freq and dns_domain_name_freq in the tri-view label, which may be an artifact of the specific cluster configuration.",
        "self_conf_after": 0.4,
        "clarifying_question": "Could the cluster density and distance values be artificially inflated due to the specific cluster configuration or the presence of other anomalies in the dataset?"
      }
    },
    "R3": {
      "A": {},
      "B": {},
      "C": {
        "label": 1,
        "self_conf": 0.2,
        "rationale": "Low density of dst_ip_freq and dns_domain_name_freq",
        "key_features": "dst_ip_freq: high, dns_domain_name_freq: low",
        "cluster_novel": "no",
        "cluster_reason": "Low density of both features",
        "alt_hypothesis": "Unknown",
        "attack_ref": "Low density of dst_ip_freq and dns_domain_name_freq"
      }
    },
    "judge": {
      "final_label": 1,
      "confidence": 0.4,
      "winning_agent": "C",
      "reason": "Agent C's rationale is based on the data features and provides a clear explanation for why the anomaly could be an outlier due to the low density of dst_ip_freq and dns_domain_name_freq. While Agent A and B agree with the tri-view label, their rationales do not provide additional insights beyond the label itself."
    }
  }
}