{
  "sample_summary": {
    "sample_id": "37-0",
    "tri_view_label": 0,
    "slm_final_vote": 0,
    "confidence": 0.5,
    "referee_label": null
  },
  "debate_dynamics": {
    "dominant_agent": "A",
    "least_agent": "C"
  },
  "_rounds": {
    "R1": {
      "A": {
        "label": 0,
        "self_conf": 0.2,
        "rationale": "The maximum number of packets sent in a single second is 513, which is less than the average packet size of 513 bytes. This suggests that the attacker is using a smaller packet size to evade detection.",
        "key_features": [
          "dst_ip_freq: high",
          "dns_domain_name_freq: high"
        ],
        "cluster_novel": "unknown",
        "cluster_reason": "unusual size",
        "alt_hypothesis": "burst scan",
        "attack_ref": "DDoS"
      },
      "B": {
        "label": 0,
        "self_conf": 0.2,
        "rationale": "I agree with the tri-view label because the cluster ID is 278, which is a known attack type.",
        "key_features": "dst_ip_freq: high, dns_domain_name_freq: low, duration: short, max_packets_len: high",
        "cluster_novel": "yes",
        "cluster_reason": "low density",
        "alt_hypothesis": "burst scan",
        "attack_ref": "DDoS"
      },
      "C": {
        "label": 0,
        "self_conf": 0.2,
        "rationale": "Low packet density on Monday",
        "key_features": "dst_ip_freq: high",
        "cluster_novel": "no",
        "cluster_reason": "Low density",
        "alt_hypothesis": "Possibly due to high traffic on Monday",
        "attack_ref": "unknown"
      }
    },
    "R2": {
      "A": {
        "self_conf_before": 0.2,
        "peer_scores": 0.2,
        "critique": "The maximum number of packets sent in a single second is 513, which is less than the average packet size of 513 bytes. This suggests that the attacker is using a smaller packet size to evade detection.",
        "revise_label": {
          "changed": true,
          "new_label": 0,
          "reason": "Low packet density on Monday"
        },
        "self_conf_after": 0.2,
        "clarifying_question": "What is the new label for the label of 0?"
      },
      "B": {
        "self_conf_before": 0.2,
        "peer_scores": 0.2,
        "critique": "I agree with the tri-view label because the cluster ID is 278, which is a known attack type.",
        "changed": false,
        "new_label": 0,
        "reason": "I have changed my label to 0 because the peer's rationale is more convincing.",
        "self_conf_after": 0.2,
        "clarifying_question": "What is the maximum number of packets sent in a single second?"
      },
      "C": {
        "self_conf_before": 0.2,
        "peer_scores": [
          0.2,
          0.2
        ],
        "critique": "The rationale suggests an attacker using a smaller packet size to evade detection, which aligns with the tri-view label.",
        "changed": true,
        "new_label": 1,
        "reason": "The peer scores suggest an attacker using a smaller packet size, which aligns with the observed behavior.",
        "self_conf_after": 0.8,
        "clarifying_question": "Is the attacker exploiting a specific vulnerability related to packet size or sequence?"
      }
    },
    "R3": {
      "A": {},
      "B": {},
      "C": {
        "need_more_info": false,
        "questions": [
          "What is the new label for the label of 0?"
        ]
      }
    },
    "judge": {
      "_raw_output": "{\n  \"final_label\": 1,\n  \"confidence\": 0.8,\n  \"winning_agent\": \"C\",\n  \"reason\": \"Agent C's rationale aligns with the observed behavior and the peer scores suggest an attacker using a smaller packet size.\""
    }
  }
}