{
  "sample_summary": {
    "sample_id": "37-2",
    "tri_view_label": 1,
    "slm_final_vote": 1,
    "confidence": 0.4,
    "referee_label": 1
  },
  "debate_dynamics": {
    "dominant_agent": "A",
    "least_agent": "B"
  },
  "_rounds": {
    "R1": {
      "A": {
        "label": 1,
        "self_conf": 0.2,
        "rationale": "The anomaly detected in the tri-view label is an anomaly with a size of 513 and a density of 2.099786839004888. The cluster ID is 278, and the time is Weekday (Monday).",
        "key_features": [
          "dst_ip_freq: -1.177564934372228",
          "dns_domain_name_freq: -0.7119602307056717",
          "duration: -0.19221010190149",
          "max_packets_len: 0.2636098982267322"
        ],
        "cluster_novel": "no",
        "cluster_reason": "unusual size",
        "alt_hypothesis": "false positive",
        "attack_ref": "unknown"
      },
      "B": {
        "label": 1,
        "self_conf": 0.2,
        "rationale": "I agree with the tri-view label because the cluster ID is 278, which is a known attack type (DDoS) and the cluster size is quite large (513), indicating a potential attack. The cluster density is also high (2.099786839004888), which is unusual for a benign cluster. The cluster is also quite far from the center of the network (0.723362314575485), which could indicate a shift in the attack pattern. Finally, the cluster contains a high number of packets with a maximum length of 0.2636098982267322, which could be a sign of a DDoS attack.",
        "key_features": "dst_ip_freq: high, dns_domain_name_freq: low, duration: long, max_packets_len: high",
        "cluster_novel": "yes",
        "cluster_reason": "high density, large size, far from center, high number of long packets",
        "alt_hypothesis": "DDoS attack",
        "attack_ref": "DDoS"
      },
      "C": {
        "label": 1,
        "self_conf": 0.2,
        "rationale": "Low density of dst_ip_freq and dns_domain_name_freq",
        "key_features": "dst_ip_freq: high, dns_domain_name_freq: high",
        "cluster_novel": "no",
        "cluster_reason": "Low density of both features suggests a potential attack",
        "alt_hypothesis": "Possible DNS cache poisoning attack",
        "attack_ref": "DNS cache poisoning"
      }
    },
    "R2": {
      "A": {
        "self_conf_before": 0.2,
        "peer_scores": 0.2,
        "critique": "The anomaly detected in the tri-view label is an anomaly with a size of 513 and a density of 2.099786839004888. The cluster ID is 278, and the time is Weekday (Monday).",
        "revise_label": {
          "changed": true,
          "new_label": 1,
          "reason": "The cluster ID is 278, and the time is Weekday (Monday)."
        },
        "self_conf_after": 0.2,
        "clarifying_question": "The cluster ID is 278, and the time is Weekday (Monday)."
      },
      "B": {
        "revise_label": {
          "changed": false,
          "new_label": null,
          "reason": ""
        }
      },
      "C": {
        "self_conf_before": 0.2,
        "peer_scores": 0.2,
        "critique": "I agree with the tri-view label because the cluster ID is 278, which is a known attack type (DDoS) and the cluster size is quite large (513), indicating a potential attack. The cluster density is also high (2.099786839004888), which is unusual for a benign cluster. The cluster is also quite far from the center of the network (0.723362314575485), which could indicate a shift in the attack pattern. Finally, the cluster contains a high number of packets with a maximum length of 0.2636098982267322, which could be a sign of a DDoS attack.",
        "changed": true,
        "new_label": 1,
        "reason": "I believe the observed anomalies in the cluster suggest a potential DDoS attack based on the cluster characteristics and the observed packet characteristics.",
        "self_conf_after": 0.4,
        "clarifying_question": "Could the observed anomalies be explained by other factors, such as bot activity or an internal attack?"
      }
    },
    "R3": {
      "A": {},
      "B": {
        "need_more_info": false,
        "questions": [
          "Could the observed anomalies be explained by other factors, such as bot activity or an internal attack?"
        ]
      },
      "C": {
        "label": 1,
        "self_conf": 0.2,
        "rationale": "Low density of dst_ip_freq and dns_domain_name_freq",
        "key_features": "dst_ip_freq: high, dns_domain_name_freq: high",
        "cluster_novel": "no",
        "cluster_reason": "Low density of both features suggests a potential attack",
        "alt_hypothesis": "Possible DNS cache poisoning attack",
        "attack_ref": "DNS cache poisoning"
      }
    },
    "judge": {
      "final_label": 1,
      "confidence": 0.4,
      "winning_agent": "C",
      "reason": "Agent C's hypothesis of a possible DNS cache poisoning attack is a valid alternative explanation for the observed anomalies, and the low density of both dst_ip_freq and dns_domain_name_freq features support this hypothesis. However, without more definitive evidence, the label remains uncertain."
    }
  }
}