{
  "sample_summary": {
    "sample_id": "37-7",
    "tri_view_label": 0,
    "slm_final_vote": 0,
    "confidence": 0.5,
    "referee_label": null
  },
  "debate_dynamics": {
    "dominant_agent": "A",
    "least_agent": "C"
  },
  "_rounds": {
    "R1": {
      "A": {
        "label": 0,
        "self_conf": 0.2,
        "rationale": "The maximum number of packets sent in a single direction is 436, which is significantly lower than the average of 2.0435109440072265. This suggests that the attacker is using a different technique to achieve the same goal, such as a different type of DDoS attack or a more sophisticated technique.",
        "key_features": [
          "dst_ip_freq: high",
          "dns_domain_name_freq: high"
        ],
        "cluster_novel": "unknown",
        "cluster_reason": "unknown",
        "alt_hypothesis": "burst scan",
        "attack_ref": "DDoS"
      },
      "B": {
        "label": 0,
        "self_conf": 0.2,
        "rationale": "I agree with the tri-view label because the cluster is dense and has a high density.",
        "key_features": "dst_ip_freq: high, dns_domain_name_freq: high, duration: high, max_packets_len: high",
        "cluster_novel": "yes",
        "cluster_reason": "high density",
        "alt_hypothesis": "burst scan",
        "attack_ref": "DDoS"
      },
      "C": {
        "label": 0,
        "self_conf": 0.2,
        "rationale": "Low packet density on Monday",
        "key_features": "dst_ip_freq: high",
        "cluster_novel": "no",
        "cluster_reason": "Low density",
        "alt_hypothesis": "Possibly due to high traffic on Monday",
        "attack_ref": "unknown"
      }
    },
    "R2": {
      "A": {
        "self_conf_before": 0.2,
        "peer_scores": 0.2,
        "critique": "The maximum number of packets sent in a single direction is 436, which is significantly lower than the average of 2.0435109440072265. This suggests that the attacker is using a different technique to achieve the same goal, such as a different type of DDoS attack or a more sophisticated technique.",
        "revise_label": {
          "changed": false,
          "new_label": 0,
          "reason": null
        },
        "self_conf_after": 0.2,
        "clarifying_question": "What is the new label for the label of 0?"
      },
      "B": {
        "self_conf_before": 0.2,
        "peer_scores": 0.2,
        "critique": "I agree with the tri-view label because the cluster is dense and has a high density.",
        "changed": false,
        "new_label": 0,
        "reason": "I have not changed my label because the cluster is dense and has a high density.",
        "self_conf_after": 0.2,
        "clarifying_question": "What is the maximum number of packets sent in a single direction?"
      },
      "C": {
        "self_conf_before": 0.2,
        "peer_scores": [
          0.2,
          0.2
        ],
        "critique": "I agree with the tri-view label because the cluster is dense and has a high density.",
        "changed": true,
        "new_label": 1,
        "reason": "The cluster density and high density suggest a more advanced attacker technique, possibly a different type of DDoS attack or a more sophisticated technique.",
        "self_conf_after": 0.8,
        "clarifying_question": "Is there any evidence to support the alternative hypothesis besides the high packet density on Monday?"
      }
    },
    "R3": {
      "A": {
        "need_more_info": true,
        "questions": [
          {
            "label": 0,
            "self_conf": 0.2,
            "rationale": "The maximum number of packets sent in a single direction is 436, which is significantly lower than the average of 2.0435109440072265. This suggests that the attacker is using a different technique to achieve the same goal, such as a different type of DDoS attack or a more sophisticated technique.",
            "key_features": [
              "dst_ip_freq: high",
              "dns_domain_name_freq: high"
            ],
            "cluster_novel": "unknown",
            "cluster_reason": "unknown",
            "alt_hypothesis": "burst scan",
            "attack_ref": "DDoS"
          },
          {
            "label": 1,
            "self_conf": 0.8,
            "rationale": "The maximum number of packets sent in a single direction is 436, which is significantly lower than the average of 2.0435109440072265. This suggests that the attacker is using a different technique to achieve the same goal, such as a different type of DDoS attack or a more sophisticated technique.",
            "key_features": [
              "dst_ip_freq: high",
              "dns_domain_name_freq: high"
            ],
            "cluster_novel": "unknown",
            "cluster_reason": "unknown",
            "alt_hypothesis": "burst scan",
            "attack_ref": "DDoS"
          }
        ],
        "cluster_novel": "unknown",
        "cluster_reason": "unknown",
        "alt_hypothesis": "burst scan",
        "attack_ref": "DDoS"
      },
      "B": {},
      "C": {
        "label": 0,
        "self_conf": 0.2,
        "rationale": "Low packet density on Monday",
        "key_features": "dst_ip_freq: high",
        "cluster_novel": "no",
        "cluster_reason": "Low density",
        "alt_hypothesis": "Possibly due to high traffic on Monday",
        "attack_ref": "unknown"
      }
    },
    "judge": {
      "_raw_output": "{\n  \"final_label\": 1,\n  \"confidence\": 0.8,\n  \"winning_agent\": \"C\",\n  \"reason\": \"Agent C's higher confidence level and the lack of new information from Agents A and B justifies the label of 1. Agent C's rationale of a possible different attack technique based on lower packet density on Monday, even though the packet density is high, is a valid alternative hypothesis that could explain the anomalous behavior.\""
    }
  }
}