{
  "sample_summary": {
    "sample_id": "37-8",
    "tri_view_label": 0,
    "slm_final_vote": 0,
    "confidence": 0.5,
    "referee_label": 0
  },
  "debate_dynamics": {
    "dominant_agent": "A",
    "least_agent": "C"
  },
  "_rounds": {
    "R1": {
      "A": {},
      "B": {
        "label": 0,
        "self_conf": 0.1,
        "rationale": "I agree with the tri-view label because the cluster is dense and has a high density.",
        "key_features": "dst_ip_freq: high, dns_domain_name_freq: low, duration: long, max_packets_len: high",
        "cluster_novel": "yes",
        "cluster_reason": "high density",
        "alt_hypothesis": "false positive",
        "attack_ref": "unknown"
      },
      "C": {
        "label": 0,
        "self_conf": 0.1,
        "rationale": "Low density of DNS requests during weekdays",
        "key_features": "dst_ip_freq: high",
        "cluster_novel": "no",
        "cluster_reason": "Low density of DNS requests",
        "alt_hypothesis": "Possible bot activity",
        "attack_ref": "Bot activity"
      }
    },
    "R2": {
      "A": {
        "self_conf_before": 0.1,
        "peer_scores": 0.1,
        "critique": "I agree with the tri-view label because the cluster is dense and has a high density.",
        "revise_label": {
          "changed": true,
          "new_label": 0,
          "reason": "Low density of DNS requests during weekdays"
        },
        "self_conf_after": 0.1,
        "clarifying_question": "Why do you think the cluster is dense and has a high density during weekdays?"
      },
      "B": {
        "self_conf_before": 0.1,
        "peer_scores": 0.1,
        "critique": "I agree with the tri-view label because the cluster is dense and has a high density.",
        "changed": false,
        "new_label": 0,
        "reason": "I have not changed my label because the peer's rationale is not convincing.",
        "self_conf_after": 0.1,
        "clarifying_question": "What is the threshold for 'high density' in terms of DNS requests?"
      },
      "C": {
        "self_conf_before": 0.1,
        "peer_scores": [
          0.1,
          0.1
        ],
        "critique": "I agree with the tri-view label because the cluster is dense and has a high density.",
        "changed": true,
        "new_label": 1,
        "reason": "I changed the label to 1 because the cluster density is high and the rationale aligns with the tri-view label.",
        "self_conf_after": 0.9,
        "clarifying_question": "Is the high density of DNS requests a typical characteristic of bot activity, or could it be due to other factors such as the presence of legitimate users accessing the cluster?"
      }
    },
    "R3": {
      "A": {},
      "B": {},
      "C": {}
    },
    "judge": {
      "final_label": 0,
      "confidence": 0.5,
      "winning_agent": "tie",
      "reason": "Both agents provided reasons for labeling the cluster as anomalous (high density), but neither was able to definitively prove their hypothesis or refute the others. The tie is due to the lack of clear evidence or consensus."
    }
  }
}