{
  "sample_summary": {
    "sample_id": "37-9",
    "tri_view_label": 1,
    "slm_final_vote": 1,
    "confidence": 0.6,
    "referee_label": 1
  },
  "debate_dynamics": {
    "dominant_agent": "A",
    "least_agent": "C"
  },
  "_rounds": {
    "R1": {
      "A": {
        "label": 1,
        "self_conf": 0.2,
        "rationale": "The anomaly detected in the tri-view label is an anomaly with a size of 513 and a density of 2.099786839004888. The cluster ID is 278, and the time is Weekday (Monday).",
        "key_features": [
          "dst_ip_freq: -1.177564934372228",
          "dns_domain_name_freq: -0.7119602307056717",
          "duration: -0.1921372252834748",
          "max_packets_len: 0.1201839668787865"
        ],
        "cluster_novel": "yes",
        "cluster_reason": "unusual size",
        "alt_hypothesis": "false positive",
        "attack_ref": "DDoS"
      },
      "B": {
        "label": 1,
        "self_conf": 0.2,
        "rationale": "I agree with the tri-view label because the cluster ID is 278, which is a known attack type.",
        "key_features": "dst_ip_freq: high, dns_domain_name_freq: low, duration: long, max_packets_len: high",
        "cluster_novel": "yes",
        "cluster_reason": "low density",
        "alt_hypothesis": "false positive",
        "attack_ref": "DDoS"
      },
      "C": {
        "label": 1,
        "self_conf": 0.2,
        "rationale": "High packet frequency during weekdays",
        "key_features": "dst_ip_freq: high",
        "cluster_novel": "no",
        "cluster_reason": "Low density",
        "alt_hypothesis": "Possible malware activity",
        "attack_ref": "Malware detected"
      }
    },
    "R2": {
      "A": {
        "self_conf_before": 0.2,
        "peer_scores": 0.2,
        "critique": "The anomaly detected in the tri-view label is an anomaly with a size of 513 and a density of 2.099786839004888. The cluster ID is 278, and the time is Weekday (Monday).",
        "revise_label": {
          "changed": true,
          "new_label": 1,
          "reason": "High packet frequency during weekdays"
        },
        "self_conf_after": 0.2,
        "clarifying_question": "Is the anomaly detected in the tri-view label an anomaly with a size of 513 and a density of 2.099786839004888, or is it an anomaly with a size of 513 and a density of 2.099786839004888, but with a different cluster ID?"
      },
      "B": {
        "self_conf_before": 0.2,
        "peer_scores": 0.2,
        "critique": "I agree with the tri-view label because the cluster ID is 278, which is a known attack type.",
        "changed": false,
        "new_label": 1,
        "reason": "I changed my label because the cluster ID is a known attack type.",
        "self_conf_after": 0.2,
        "clarifying_question": "What is the cluster ID of the known attack type?"
      },
      "C": {
        "self_conf_before": 0.2,
        "peer_scores": [
          0.2,
          0.2
        ],
        "critique": "I agree with the peers that the anomaly detected in the tri-view label is an anomaly with a size of 513 and a density of 2.099786839004888. The cluster ID is 278, and the time is Weekday (Monday). However, my rationale is different. I believe that the anomaly may be a false positive due to the low density and the fact that it occurs only on weekdays. I would like to investigate further before changing the label.",
        "changed": true,
        "new_label": 0,
        "reason": "I am concerned that the low density and the specific time of day may be masking the true nature of the anomaly. I would like to investigate further to ensure that the label change is justified.",
        "self_conf_after": 0.4,
        "clarifying_question": "How can we determine the true density of the anomaly without increasing the computational cost?"
      }
    },
    "R3": {
      "A": {},
      "B": {},
      "C": {
        "label": 1,
        "self_conf": 0.2,
        "rationale": "High packet frequency during weekdays",
        "key_features": "dst_ip_freq: high",
        "cluster_novel": "no",
        "cluster_reason": "Low density",
        "alt_hypothesis": "Possible malware activity",
        "attack_ref": "Malware detected"
      }
    },
    "judge": {
      "final_label": 1,
      "confidence": 0.6,
      "winning_agent": "C",
      "reason": "Agent C's label remains unchanged from the initial round, and while all agents agree on the anomaly being present, Agent C's rationale of high packet frequency during weekdays aligns with the given data and is a valid reason for detecting an anomaly. The other agents' reasons, such as unusual size or low density, do not directly contradict this but do not provide as strong a justification. Therefore, Agent C's label is considered the most valid one."
    }
  }
}