{
  "sample_summary": {
    "sample_id": "38-0",
    "tri_view_label": 1,
    "slm_final_vote": 1,
    "confidence": 0.5,
    "referee_label": null
  },
  "debate_dynamics": {
    "dominant_agent": "A",
    "least_agent": "B"
  },
  "_rounds": {
    "R1": {
      "A": {
        "label": 1,
        "self_conf": 0.2,
        "rationale": "The anomaly detected in the tri-view label is an anomaly with a tri-view label of 1 (anomaly) and confidence of 0.2. The cluster ID is 17, with a size of 349, density of 3.4238734227262393, and a distance of 0.39618727422353245. The time was Weekday (Monday).",
        "key_features": [
          "dst_ip_freq: -0.3183606169854546",
          "dns_domain_name_freq: 1.4045859516912094",
          "duration: -0.1919550594015945",
          "max_packets_len: -1.0272234839047787"
        ],
        "cluster_novel": "unknown",
        "cluster_reason": "unknown",
        "alt_hypothesis": "burst scan",
        "attack_ref": "DDoS"
      },
      "B": {},
      "C": {
        "label": 1,
        "self_conf": 0.2,
        "rationale": "Low density of dst_ip_freq and dns_domain_name_freq",
        "key_features": "dst_ip_freq: high, dns_domain_name_freq: low",
        "cluster_novel": "no",
        "cluster_reason": "Low density of both features suggests a potential attack",
        "alt_hypothesis": "Possible DNS cache poisoning attack",
        "attack_ref": "DNS cache poisoning"
      }
    },
    "R2": {
      "A": {
        "self_conf_before": 0.2,
        "peer_scores": 0.2,
        "critique": "The anomaly detected in the tri-view label is an anomaly with a tri-view label of 1 (anomaly) and confidence of 0.2. The cluster ID is 17, with a size of 349, density of 3.4238734227262393, and a distance of 0.39618727422353245. The time was Weekday (Monday).",
        "revise_label": {
          "changed": true,
          "new_label": 1,
          "reason": "Low density of dst_ip_freq and dns_domain_name_freq"
        },
        "self_conf_after": 0.2,
        "clarifying_question": "Why did the anomaly detected in the tri-view label have a low density of dst_ip_freq and dns_domain_name_freq, and what can be done to improve the label?"
      },
      "B": {
        "revise_label": {
          "changed": false,
          "new_label": null,
          "reason": ""
        }
      },
      "C": {
        "self_conf_before": 0.2,
        "peer_scores": [
          0.2,
          null
        ],
        "critique": "The rationale suggests a potential DNS cache poisoning attack, but the confidence score is low.",
        "changed": false,
        "new_label": 1,
        "reason": "The cluster density of both features suggests a potential DNS cache poisoning attack, but the confidence score is low.",
        "self_conf_after": 0.2,
        "clarifying_question": "What is the impact of the low confidence score on the attack prediction?"
      }
    },
    "R3": {
      "A": {},
      "B": {},
      "C": {}
    },
    "judge": {
      "_raw_output": "{\n  \"final_label\": 1,\n  \"confidence\": 0.2,\n  \"winning_agent\": \"C\",\n  \"reason\": \"Both Agent A and Agent C identified the anomaly as having a label of 1 (anomaly) with a low confidence score. However, Agent C provided a more specific rationale, suggesting a potential DNS cache poisoning attack based on the low density of dst_ip_freq and dns_domain_name_freq. Although the confidence score is low, the specificity of the rationale gives it an edge over Agent A's submission, which did not provide any new information beyond the initial label and confidence.\""
    }
  }
}