{
  "sample_summary": {
    "sample_id": "38-1",
    "tri_view_label": 0,
    "slm_final_vote": 0,
    "confidence": 0.5,
    "referee_label": null
  },
  "debate_dynamics": {
    "dominant_agent": "A",
    "least_agent": "C"
  },
  "_rounds": {
    "R1": {
      "A": {
        "label": 0,
        "self_conf": 0.2,
        "rationale": "The maximum number of packets sent in a single direction is 117, which is significantly lower than the average of 200 packets sent in a single direction. This suggests that the attacker is using a different technique to send more packets than the normal attacker.",
        "key_features": [
          "dst_ip_freq: high",
          "dns_domain_name_freq: high"
        ],
        "cluster_novel": "unknown",
        "cluster_reason": "unknown",
        "alt_hypothesis": "burst scan",
        "attack_ref": "DDoS"
      },
      "B": {
        "label": 0,
        "self_conf": 0.2,
        "rationale": "I agree with the tri-view label because the cluster ID is 258, which is a known benign cluster.",
        "key_features": "dst_ip_freq: -1.177564934372228, dns_domain_name_freq: -0.711960230705671, duration: -0.1919127007882138, max_packets_len: -0.0232419644691591",
        "cluster_novel": "no",
        "cluster_reason": "low density",
        "alt_hypothesis": "burst scan",
        "attack_ref": "unknown"
      },
      "C": {
        "label": 0,
        "self_conf": 0.2,
        "rationale": "Low packet density on Monday",
        "key_features": "dst_ip_freq: high",
        "cluster_novel": "no",
        "cluster_reason": "Low density",
        "alt_hypothesis": "Possibly due to high traffic on Monday",
        "attack_ref": "unknown"
      }
    },
    "R2": {
      "A": {
        "self_conf_before": 0.2,
        "peer_scores": 0.2,
        "critique": "The maximum number of packets sent in a single direction is 117, which is significantly lower than the average of 200 packets sent in a single direction. This suggests that the attacker is using a different technique to send more packets than the normal attacker.",
        "revise_label": {
          "changed": true,
          "new_label": 1,
          "reason": "The attacker is using a different technique to send more packets than the normal attacker"
        },
        "self_conf_after": 0.2,
        "clarifying_question": "What is the new label for the label of 0 in the original label and confidence values?"
      },
      "B": {
        "self_conf_before": 0.2,
        "peer_scores": 0.2,
        "critique": "I agree with the tri-view label because the cluster ID is 258, which is a known benign cluster.",
        "changed": false,
        "new_label": 0,
        "reason": "I have changed my label to 0 because the cluster ID is benign.",
        "self_conf_after": 0.2,
        "clarifying_question": "What is the cluster ID of the cluster that is being attacked?"
      },
      "C": {
        "self_conf_before": 0.2,
        "peer_scores": [
          0.2,
          0.2
        ],
        "critique": "The rationale suggests that the attacker is using a different technique to send more packets than the normal attacker, which contradicts the tri-view label.",
        "changed": true,
        "new_label": 1,
        "reason": "The peer scores suggest that the label may be incorrect due to the different techniques used by the attacker.",
        "self_conf_after": 0.4,
        "clarifying_question": "Is there any evidence to support the claim that the attacker is using a different technique?"
      }
    },
    "R3": {
      "A": {},
      "B": {},
      "C": {
        "need_more_info": false,
        "questions": []
      }
    },
    "judge": {
      "_raw_output": "{\n  \"final_label\": 1,\n  \"confidence\": 0.6,\n  \"winning_agent\": \"C\",\n  \"reason\": \"Agent C's critique raises valid concerns about the inconsistency between the rationale and the tri-view label. The peer scores also suggest that the label may be incorrect. Therefore, based on the majority vote and highest average confidence, Agent C's new label of 1 is the winning label.\""
    }
  }
}