{
  "sample_summary": {
    "sample_id": "38-2",
    "tri_view_label": 1,
    "slm_final_vote": 1,
    "confidence": 0.5,
    "referee_label": null
  },
  "debate_dynamics": {
    "dominant_agent": "A",
    "least_agent": "B"
  },
  "_rounds": {
    "R1": {
      "A": {
        "label": 1,
        "self_conf": 0.2,
        "rationale": "The anomaly detected in the tri-view label is an anomaly with a size of 349 and a density of 3.4238734227262393. The cluster ID is 17, and the time is Weekday (Monday).",
        "key_features": [
          "dst_ip_freq: high",
          "dns_domain_name_freq: low"
        ],
        "cluster_novel": "unknown",
        "cluster_reason": "unknown",
        "alt_hypothesis": "burst scan",
        "attack_ref": "DDoS"
      },
      "B": {},
      "C": {
        "label": 1,
        "self_conf": 0.2,
        "rationale": "Low density of dst_ip_freq and dns_domain_name_freq",
        "key_features": "dst_ip_freq: high, dns_domain_name_freq: low",
        "cluster_novel": "no",
        "cluster_reason": "Low density of both features suggests a potential attack",
        "alt_hypothesis": "Possible DNS cache poisoning attack",
        "attack_ref": "DNS cache poisoning"
      }
    },
    "R2": {
      "A": {
        "self_conf_before": 0.2,
        "peer_scores": 0.2,
        "critique": "The anomaly detected in the tri-view label is an anomaly with a size of 349 and a density of 3.4238734227262393. The cluster ID is 17, and the time is Weekday (Monday).",
        "revise_label": {
          "changed": true,
          "new_label": 1,
          "reason": "Low density of dst_ip_freq and dns_domain_name_freq"
        },
        "self_conf_after": 0.2,
        "clarifying_question": "What is the reason for the change in label from 1 to 1 based on the peer predictions?"
      },
      "B": {
        "revise_label": {
          "changed": false,
          "new_label": null,
          "reason": ""
        }
      },
      "C": {
        "self_conf_before": 0.2,
        "peer_scores": [
          0.2,
          null
        ],
        "critique": "The rationale still holds, but the new confidence and cluster information provide more context and support for the original prediction.",
        "changed": true,
        "new_label": 1,
        "reason": "The density of both dst_ip_freq and dns_domain_name_freq features has increased significantly since the last review, suggesting a potential DNS cache poisoning attack.",
        "self_conf_after": 0.8,
        "clarifying_question": "Could the observed changes be attributed to other factors, such as changes in the underlying data or the system configuration?"
      }
    },
    "R3": {
      "A": {},
      "B": {},
      "C": {}
    },
    "judge": {
      "_raw_output": "{\n  \"final_label\": 1,\n  \"confidence\": 0.8,\n  \"winning_agent\": \"C\",\n  \"reason\": \"Agent C's revised label and increased confidence are based on the significant increase in the density of both dst_ip_freq and dns_domain_name_featurer features, which is a strong indicator of a potential DNS cache poisoning attack.\""
    }
  }
}