{
  "sample_summary": {
    "sample_id": "38-3",
    "tri_view_label": 1,
    "slm_final_vote": 1,
    "confidence": 0.6,
    "referee_label": 1
  },
  "debate_dynamics": {
    "dominant_agent": "A",
    "least_agent": "C"
  },
  "_rounds": {
    "R1": {
      "A": {
        "label": 1,
        "self_conf": 0.2,
        "rationale": "Anomaly detected in cluster 186 with tri-view label 1 and confidence 0.2. Cluster ID: 186, size: 11, density: 0.520774078130711, dist: 5.141826847357475, time: Weekday (Monday). Cluster contrast: Sample is far from centroid and in a sparse cluster.",
        "key_features": [
          "dst_ip_freq: -0.3183606169854546",
          "dns_domain_name_freq: 1.4045859516912094"
        ],
        "cluster_novel": "yes",
        "cluster_reason": "low density",
        "alt_hypothesis": "burst scan",
        "attack_ref": "DDoS"
      },
      "B": {
        "label": 1,
        "self_conf": 0.2,
        "rationale": "I agree with the tri-view label because the cluster is far from the centroid and in a sparse cluster.",
        "key_features": "dst_ip_freq: high, dns_domain_name_freq: high, duration: high, max_packets_len: high",
        "cluster_novel": "yes",
        "cluster_reason": "sparse cluster",
        "alt_hypothesis": "burst scan",
        "attack_ref": "DDoS"
      },
      "C": {
        "label": 1,
        "self_conf": 0.2,
        "rationale": "Low density of dst_ip_freq and dns_domain_name_freq",
        "key_features": "dst_ip_freq: high, dns_domain_name_freq: high",
        "cluster_novel": "no",
        "cluster_reason": "Low density of features",
        "alt_hypothesis": "Unknown",
        "attack_ref": "Low density of features"
      }
    },
    "R2": {
      "A": {
        "self_conf_before": 0.2,
        "peer_scores": 0.2,
        "critique": "Anomaly detected in cluster 186 with tri-view label 1 and confidence 0.2. Cluster ID: 186, size: 11, density: 0.520774078130711, dist: 5.141826847357475, time: Weekday (Monday). Cluster contrast: Sample is far from centroid and in a sparse cluster.",
        "revise_label": {
          "changed": true,
          "new_label": 1,
          "reason": "Low density of dst_ip_freq and dns_domain_name_freq"
        },
        "self_conf_after": 0.2,
        "clarifying_question": "Why did the peer responses suggest a low density of dst_ip_freq and dns_domain_name_freq in the cluster?"
      },
      "B": {
        "self_conf_before": 0.2,
        "peer_scores": 0.2,
        "critique": "I agree with the tri-view label because the cluster is far from the centroid and in a sparse cluster.",
        "changed": false,
        "new_label": 1,
        "reason": "I changed my label because my original reasoning no longer holds.",
        "self_conf_after": 0.2,
        "clarifying_question": "What is the cluster ID of the cluster that I am considering?"
      },
      "C": {
        "self_conf_before": 0.2,
        "peer_scores": [
          0.2,
          0.2
        ],
        "critique": "I agree with the peers that an anomaly is detected in cluster 186. However, the rationale provided by the peers is less clear compared to my own rationale.",
        "changed": true,
        "new_label": 1,
        "reason": "I believe that the low density of features in the cluster is an indication of an anomaly, as my rationale based on the distribution of dst_ip_freq and dns_domain_name_freq suggests a potential outlier behavior.",
        "self_conf_after": 0.4,
        "clarifying_question": "Could the cluster be affected by a specific outlier event or configuration?"
      }
    },
    "R3": {
      "A": {},
      "B": {},
      "C": {
        "label": 1,
        "self_conf": 0.2,
        "rationale": "Low density of dst_ip_freq and dns_domain_name_freq",
        "key_features": "dst_ip_freq: high, dns_domain_name_freq: high",
        "cluster_novel": "no",
        "cluster_reason": "Low density of features",
        "alt_hypothesis": "Unknown",
        "attack_ref": "Low density of features"
      }
    },
    "judge": {
      "final_label": 1,
      "confidence": 0.6,
      "winning_agent": "C",
      "reason": "Agent C's label and rationale remain consistent throughout the debate, and the low density of features in the cluster is a clear indicator of an anomaly based on the provided data."
    }
  }
}