{
  "sample_summary": {
    "sample_id": "38-7",
    "tri_view_label": 1,
    "slm_final_vote": 1,
    "confidence": 1.0,
    "referee_label": 1
  },
  "debate_dynamics": {
    "dominant_agent": "A",
    "least_agent": "B"
  },
  "_rounds": {
    "R1": {
      "A": {
        "label": 1,
        "self_conf": 0.2,
        "rationale": "The anomaly is likely a DDoS attack, with a size of 168 packets and a density of 1.8351186271134512.",
        "key_features": [
          "dst_ip_freq: high",
          "dns_domain_name_freq: high"
        ],
        "cluster_novel": "unknown",
        "cluster_reason": "unknown",
        "alt_hypothesis": "burst scan",
        "attack_ref": "DDoS"
      },
      "B": {
        "label": 1,
        "self_conf": 0.2,
        "rationale": "I agree with the tri-view label because the cluster ID is 55, which is a known anomaly. The cluster size is 168, which is larger than the average cluster size of 50. The cluster density is 1.835118627113451, which is higher than the average cluster density of 1.5. The cluster is also located in a high-traffic area, which increases the likelihood of anomalies. The cluster is also very close to the source of the attack, which is a DDoS attack. Therefore, I believe that the tri-view label is correct.",
        "key_features": "dst_ip_freq: high, dns_domain_name_freq: low, duration: long, max_packets_len: large",
        "cluster_novel": "yes",
        "cluster_reason": "high density, high traffic area, close to source of attack",
        "alt_hypothesis": "DDoS attack",
        "attack_ref": "DDoS"
      },
      "C": {
        "label": 1,
        "self_conf": 0.2,
        "rationale": "Low density of dst_ip_freq and dns_domain_name_freq",
        "key_features": "dst_ip_freq: high, dns_domain_name_freq: high",
        "cluster_novel": "no",
        "cluster_reason": "Low density of both features",
        "alt_hypothesis": "Unknown",
        "attack_ref": "Low density of dst_ip_freq and dns_domain_name_freq"
      }
    },
    "R2": {
      "A": {
        "self_conf_before": 0.2,
        "peer_scores": 0.2,
        "critique": "The anomaly is likely a DDoS attack, with a size of 168 packets and a density of 1.8351186271134512. The cluster ID is 55, which is a known anomaly. The cluster size is 168, which is larger than the average cluster size of 50. The cluster density is 1.835118627113451, which is higher than the average cluster density of 1.5. The cluster is also located in a high-traffic area, which increases the likelihood of anomalies. The cluster is also very close to the source of the attack, which is a DDoS attack. Therefore, I believe that the tri-view label is correct.",
        "revise_label": {
          "changed": true,
          "new_label": 1,
          "reason": "The cluster ID is 55, which is a known anomaly. The cluster size is 168, which is larger than the average cluster size of 50. The cluster density is 1.835118627113451, which is higher than the average cluster density of 1.5. The cluster is also located in a high-traffic area, which increases the likelihood of anomalies. The cluster is also very close to the source of the attack, which is a DDoS attack. Therefore, I believe that the tri-view label is correct."
        }
      },
      "B": {
        "revise_label": {
          "changed": false,
          "new_label": null,
          "reason": ""
        }
      },
      "C": {
        "revise_label": {
          "changed": false,
          "new_label": null,
          "reason": ""
        }
      }
    },
    "R3": {
      "A": {},
      "B": {},
      "C": {
        "need_more_info": false,
        "questions": null
      }
    },
    "judge": {
      "final_label": 1,
      "confidence": 1.0,
      "winning_agent": "A",
      "reason": "Agent A's revised label is based on known anomaly with cluster ID 55, larger cluster size than average, higher cluster density than average, and located in a high-traffic area close to the source of the attack, all pointing towards a DDoS attack."
    }
  }
}