{
  "sample_summary": {
    "sample_id": "38-8",
    "tri_view_label": 0,
    "slm_final_vote": 0,
    "confidence": 0.5,
    "referee_label": null
  },
  "debate_dynamics": {
    "dominant_agent": "A",
    "least_agent": "B"
  },
  "_rounds": {
    "R1": {
      "A": {},
      "B": {
        "label": 0,
        "self_conf": 0.2,
        "rationale": "I agree with the tri-view label because the cluster ID is 168, which is a known benign cluster. The cluster has a high density and is not too far from the normal cluster. The attack type is also unknown, so I think it's safe to label it as normal.",
        "key_features": "dst_ip_freq: high, dns_domain_name_freq: low, duration: short, max_packets_len: high",
        "cluster_novel": "no",
        "cluster_reason": "high density",
        "alt_hypothesis": "false positive",
        "attack_ref": "unknown"
      },
      "C": {
        "label": 0,
        "self_conf": 0.2,
        "rationale": "Low packet density on Monday",
        "key_features": "dst_ip_freq: high",
        "cluster_novel": "no",
        "cluster_reason": "Low density",
        "alt_hypothesis": "Possibly due to high traffic on Monday",
        "attack_ref": "High traffic"
      }
    },
    "R2": {
      "A": {
        "self_conf_before": 0.2,
        "peer_scores": 0.2,
        "critique": "I agree with the tri-view label because the cluster ID is 168, which is a known benign cluster. The cluster has a high density and is not too far from the normal cluster. The attack type is also unknown, so I think it's safe to label it as normal.",
        "revise_label": {
          "changed": true,
          "new_label": 0,
          "reason": "Low packet density on Monday"
        },
        "self_conf_after": 0.2,
        "clarifying_question": ""
      },
      "B": {
        "revise_label": {
          "changed": false,
          "new_label": null,
          "reason": ""
        }
      },
      "C": {
        "self_conf_before": 0.2,
        "peer_scores": [
          0.2,
          null
        ],
        "critique": "I agree with the tri-view label because the cluster ID is 168, which is a known benign cluster. The cluster has a high density and is not too far from the normal cluster. The attack type is also unknown, so I think it's safe to label it as normal.",
        "changed": false,
        "new_label": 1,
        "reason": "I have more confidence in the tri-view label since the cluster ID and density are consistent with the benign cluster. Additionally, the attack type is unknown, which is more likely to be associated with normal traffic patterns.",
        "self_conf_after": 0.8,
        "clarifying_question": "Is there any evidence other than the cluster ID and density to support the tri-view label?"
      }
    },
    "R3": {
      "A": {},
      "B": {},
      "C": {}
    },
    "judge": {
      "_raw_output": "{\n  \"final_label\": 0,\n  \"confidence\": 0.8,\n  \"winning_agent\": \"C\",\n  \"reason\": \"Agent C provided a clear justification for their change in confidence based on the consistency of the cluster ID and density with known benign clusters, as well as the unknown attack type.\""
    }
  }
}