{
  "sample_summary": {
    "sample_id": "38-9",
    "tri_view_label": 1,
    "slm_final_vote": 1,
    "confidence": 0.8,
    "referee_label": 1
  },
  "debate_dynamics": {
    "dominant_agent": "A",
    "least_agent": "B"
  },
  "_rounds": {
    "R1": {
      "A": {
        "label": 1,
        "self_conf": 0.2,
        "rationale": "The anomaly detected in the tri-view label is an anomaly with a tri-view label of 1 (anomaly) and confidence of 0.2. The cluster ID is 185, with a size of 282, a density of 3.9086066663978802, and a distance of 0.21964438233945208. The time was Weekday (Monday).",
        "key_features": [
          "dst_ip_freq: -0.3183606169854546",
          "dns_domain_name_freq: 1.4045859516912094",
          "duration: -0.1919550746039403",
          "max_packets_len: -1.0272234839047787"
        ],
        "cluster_novel": "unknown",
        "cluster_reason": "unknown",
        "alt_hypothesis": "burst scan",
        "attack_ref": "DDoS"
      },
      "B": {
        "label": 1,
        "self_conf": 0.2,
        "rationale": "I agree with the tri-view label because the cluster ID is 185, which is a known attack type (DDoS), and the cluster size is 282, which is larger than the average cluster size of 3.9086066663978802. The cluster density is 3.9086066663978802, which is also higher than the average cluster density of 3.9086066663978802. The cluster is also relatively close to the source, with a distance of 0.21964438233945208. Therefore, I think this is a malicious cluster.",
        "key_features": "dst_ip_freq: high, dns_domain_name_freq: high, duration: high, max_packets_len: high",
        "cluster_novel": "yes",
        "cluster_reason": "high density, close to source",
        "alt_hypothesis": "DDoS attack",
        "attack_ref": "DDoS"
      },
      "C": {
        "label": 1,
        "self_conf": 0.2,
        "rationale": "High packet frequency during weekdays",
        "key_features": "dst_ip_freq: high",
        "cluster_novel": "no",
        "cluster_reason": "Low density",
        "alt_hypothesis": "Possible malware activity",
        "attack_ref": "Malware"
      }
    },
    "R2": {
      "A": {
        "self_conf_before": 0.2,
        "peer_scores": 0.2,
        "critique": "The anomaly detected in the tri-view label is an anomaly with a tri-view label of 1 (anomaly) and confidence of 0.2. The cluster ID is 185, with a size of 282, a density of 3.9086066663978802, and a distance of 0.21964438233945208. The time was Weekday (Monday).",
        "key_features": [
          "dst_ip_freq: -0.3183606169854546",
          "dns_domain_name_freq: 1.4045859516912094",
          "duration: -0.1919550746039403",
          "max_packets_len: -1.0272234839047787"
        ],
        "cluster_novel": "unknown",
        "cluster_reason": "unknown",
        "alt_hypothesis": "burst scan",
        "attack_ref": "DDoS",
        "confidence": 0.2,
        "label": 1,
        "self_conf_after": 0.2,
        "clarifying_question": "High packet frequency during weekdays",
        "revise_label": {
          "changed": true,
          "new_label": 0,
          "reason": "The cluster ID is 185, with a size of 282, a density of 3.9086066663978802, and a distance of 0.21964438233945208. The time was Weekday (Monday)."
        }
      },
      "B": {
        "revise_label": {
          "changed": false,
          "new_label": null,
          "reason": ""
        }
      },
      "C": {
        "self_conf_before": 0.2,
        "peer_scores": [
          0.2,
          0.2
        ],
        "critique": "I agree with the peers that this is an anomaly with a tri-view label of 1 and confidence of 0.2. The cluster ID and density also support this conclusion.",
        "changed": false,
        "new_label": 1,
        "reason": "The cluster density and location suggest a potential DDoS attack, which aligns with the alternative hypothesis.",
        "self_conf_after": 0.8,
        "clarifying_question": "Could the cluster density be artificially inflated due to the specific features of the source?"
      }
    },
    "R3": {
      "A": {},
      "B": {
        "need_more_info": false,
        "questions": []
      },
      "C": {
        "label": 1,
        "self_conf": 0.2,
        "rationale": "High packet frequency during weekdays",
        "key_features": "dst_ip_freq: high",
        "cluster_novel": "no",
        "cluster_reason": "Low density",
        "alt_hypothesis": "Possible malware activity",
        "attack_ref": "Malware"
      }
    },
    "judge": {
      "final_label": 1,
      "confidence": 0.8,
      "winning_agent": "C",
      "reason": "Agent C's revised label remains the same as the initial label, and their confidence level has increased significantly. While all agents agree on the anomaly label, Agent C's reasoning is based on the high packet frequency during weekdays, which is a key feature supporting their hypothesis. The other agents' reasoning is more general and does not specifically address this feature."
    }
  }
}