{
  "sample_summary": {
    "sample_id": "39-1",
    "tri_view_label": 1,
    "slm_final_vote": 1,
    "confidence": 0.8,
    "referee_label": 1
  },
  "debate_dynamics": {
    "dominant_agent": "A",
    "least_agent": "B"
  },
  "_rounds": {
    "R1": {
      "A": {
        "label": 1,
        "self_conf": 0.2,
        "rationale": "The anomaly is likely due to a high number of packets with the destination IP address 192.168.127.12, which is a known malicious IP address. The attacker may be attempting to evade detection by using a large number of packets with the same destination IP address.",
        "key_features": [
          "dst_ip_freq: high"
        ],
        "cluster_novel": "unknown",
        "cluster_reason": "unknown",
        "alt_hypothesis": "unknown",
        "attack_ref": "DDoS"
      },
      "B": {
        "label": 1,
        "self_conf": 0.2,
        "rationale": "I agree with the tri-view label because the cluster ID is 57, which is a known anomaly.",
        "key_features": "dst_ip_freq: 0.962, dns_domain_name_freq: -0.711, duration: -0.192, max_packets_len: 0.693",
        "cluster_novel": "yes",
        "cluster_reason": "low density",
        "alt_hypothesis": "burst scan",
        "attack_ref": "DDoS"
      },
      "C": {
        "label": 1,
        "self_conf": 0.2,
        "rationale": "High packet frequency during weekdays",
        "key_features": "dst_ip_freq: high",
        "cluster_novel": "no",
        "cluster_reason": "Low density",
        "alt_hypothesis": "Possible malware activity",
        "attack_ref": "Malware detected"
      }
    },
    "R2": {
      "A": {
        "self_conf_before": 0.2,
        "peer_scores": 0.2,
        "critique": "The anomaly is likely due to a high number of packets with the destination IP address 192.168.127.12, which is a known malicious IP address. The attacker may be attempting to evade detection by using a large number of packets with the same destination IP address.",
        "revise_label": {
          "changed": true,
          "new_label": 1,
          "reason": "The attacker may be attempting to evade detection by using a large number of packets with the same destination IP address."
        },
        "self_conf_after": 0.2,
        "clarifying_question": "What is the reason for the attacker using a large number of packets with the same destination IP address, and how does this affect the anomaly's classification?"
      },
      "B": {
        "revise_label": {
          "changed": false,
          "new_label": null,
          "reason": ""
        }
      },
      "C": {
        "self_conf_before": 0.2,
        "peer_scores": [
          0.2,
          0.2
        ],
        "critique": "I agree with the peers that the anomaly is likely due to a high number of packets with the destination IP address 192.168.127.12, which is a known malicious IP address. The attacker may be attempting to evade detection by using a large number of packets with the same destination IP address.",
        "changed": true,
        "new_label": 1,
        "reason": "I have confirmed the peers' suspicions by investigating the cluster ID and the destination IP address. The cluster ID 57 is known to be associated with malware activity, and the destination IP address is frequently used by known malicious actors.",
        "self_conf_after": 0.8,
        "clarifying_question": "Is there any other information or indicators that suggest the attacker may be using a botnet or other automated tool to generate the large number of packets?"
      }
    },
    "R3": {
      "A": {},
      "B": {},
      "C": {
        "label": 1,
        "self_conf": 0.2,
        "rationale": "High packet frequency during weekdays",
        "key_features": "dst_ip_freq: high",
        "cluster_novel": "no",
        "cluster_reason": "Low density",
        "alt_hypothesis": "Possible malware activity",
        "attack_ref": "Malware detected"
      }
    },
    "judge": {
      "final_label": 1,
      "confidence": 0.8,
      "winning_agent": "C",
      "reason": "Agent C's label was consistent throughout the debate and provided additional justification in Round 2, confirming the peers' suspicions and increasing confidence in the label."
    }
  }
}