{
  "sample_summary": {
    "sample_id": "39-3",
    "tri_view_label": 1,
    "slm_final_vote": 1,
    "confidence": 0.8,
    "referee_label": 1
  },
  "debate_dynamics": {
    "dominant_agent": "A",
    "least_agent": "B"
  },
  "_rounds": {
    "R1": {
      "A": {
        "label": 1,
        "self_conf": 0.2,
        "rationale": "The anomaly detected in the tri-view label is a high density cluster with a size of 1198 and a density of 5.574438359545146. The cluster is located on a weekday (Monday) and has a time of 0.15146845127755235 seconds.",
        "key_features": [
          "dst_ip_freq: high",
          "dns_domain_name_freq: -0.7119602307056717"
        ],
        "cluster_novel": "unknown",
        "cluster_reason": "unknown",
        "alt_hypothesis": "burst scan",
        "attack_ref": "DDoS"
      },
      "B": {
        "label": 1,
        "self_conf": 0.2,
        "rationale": "I agree with the tri-view label because the cluster ID is 36, which is a known anomaly.",
        "key_features": "dst_ip_freq: 0.962, dns_domain_name_freq: -0.711, duration: -0.192, max_packets_len: 0.693",
        "cluster_novel": "yes",
        "cluster_reason": "low density",
        "alt_hypothesis": "burst scan",
        "attack_ref": "DDoS"
      },
      "C": {
        "label": 1,
        "self_conf": 0.2,
        "rationale": "High packet frequency during weekdays",
        "key_features": "dst_ip_freq: high",
        "cluster_novel": "no",
        "cluster_reason": "Low density",
        "alt_hypothesis": "Possible malware activity",
        "attack_ref": "Malware detected"
      }
    },
    "R2": {
      "A": {
        "self_conf_before": 0.2,
        "peer_scores": 0.2,
        "critique": "The anomaly detected in the tri-view label is a high density cluster with a size of 1198 and a density of 5.574438359545146. The cluster is located on a weekday (Monday) and has a time of 0.15146845127755235 seconds. The cluster is a known anomaly. The alt hypothesis is burst scan. The attack ref is DDoS.",
        "revise_label": {
          "changed": true,
          "new_label": 1,
          "reason": "The alt hypothesis is burst scan"
        },
        "self_conf_after": 0.2,
        "clarifying_question": "What is the alt hypothesis in the context of the tri-view label and the peer responses?"
      },
      "B": {
        "revise_label": {
          "changed": false,
          "new_label": null,
          "reason": ""
        }
      },
      "C": {
        "self_conf_before": 0.2,
        "peer_scores": [
          0.2,
          0.2
        ],
        "critique": "I agree with the tri-view label because the cluster ID is 36, which is a known anomaly.",
        "changed": true,
        "new_label": 1,
        "reason": "I believe the high density cluster is an anomaly based on the tri-view label and the key features.",
        "self_conf_after": 0.8,
        "clarifying_question": "Could the cluster be caused by legitimate factors, such as a high number of legitimate connections during weekdays?"
      }
    },
    "R3": {
      "A": {},
      "B": {
        "need_more_info": false,
        "questions": [
          "Could the cluster be caused by legitimate factors, such as a high number of legitimate connections during weekdays?"
        ]
      },
      "C": {
        "label": 1,
        "self_conf": 0.2,
        "rationale": "High packet frequency during weekdays",
        "key_features": "dst_ip_freq: high",
        "cluster_novel": "no",
        "cluster_reason": "Low density",
        "alt_hypothesis": "Possible malware activity",
        "attack_ref": "Malware detected"
      }
    },
    "judge": {
      "final_label": 1,
      "confidence": 0.8,
      "winning_agent": "C",
      "reason": "Agent C's label is based on the tri-view label and their key feature 'dst_ip_freq: high' which aligns with the anomalous behavior. While Agents A and B also identified anomalies, their confidence was lower and did not provide enough justification for the winning label."
    }
  }
}