{
  "sample_summary": {
    "sample_id": "39-4",
    "tri_view_label": 1,
    "slm_final_vote": 1,
    "confidence": 0.8,
    "referee_label": 1
  },
  "debate_dynamics": {
    "dominant_agent": "A",
    "least_agent": "C"
  },
  "_rounds": {
    "R1": {
      "A": {
        "label": 1,
        "self_conf": 0.2,
        "rationale": "The anomaly detected in the tri-view label is an anomaly with a size of 1130 and a density of 5.466659306255344. The cluster ID is 157, and the time is Weekday (Monday).",
        "key_features": [
          "dst_ip_freq: high",
          "dns_domain_name_freq: -0.7119602307056717"
        ],
        "cluster_novel": "unknown",
        "cluster_reason": "unknown",
        "alt_hypothesis": "burst scan",
        "attack_ref": "DDoS"
      },
      "B": {
        "label": 1,
        "self_conf": 0.2,
        "rationale": "I agree with the tri-view label because the cluster ID is 157, which is a known anomaly cluster. The cluster has a high density and is located in a suspicious location.",
        "key_features": "dst_ip_freq: 0.962, dns_domain_name_freq: -0.711, duration: -0.192, max_packets_len: 0.693",
        "cluster_novel": "yes",
        "cluster_reason": "high density",
        "alt_hypothesis": "false positive",
        "attack_ref": "DDoS"
      },
      "C": {
        "label": 1,
        "self_conf": 0.2,
        "rationale": "High packet frequency during weekdays",
        "key_features": "dst_ip_freq: high",
        "cluster_novel": "no",
        "cluster_reason": "Low density",
        "alt_hypothesis": "Possible malware activity",
        "attack_ref": "Malware detected"
      }
    },
    "R2": {
      "A": {
        "self_conf_before": 0.2,
        "peer_scores": 0.2,
        "critique": "I agree with the tri-view label because the cluster ID is 157, which is a known anomaly cluster. The cluster has a high density and is located in a suspicious location.",
        "revise_label": {
          "changed": false,
          "new_label": 1,
          "reason": "High packet frequency during weekdays"
        },
        "self_conf_after": 0.2,
        "clarifying_question": "What is the reason for the peer's change in label?"
      },
      "B": {
        "self_conf_before": 0.2,
        "peer_scores": 0.2,
        "critique": "I agree with the tri-view label because the cluster ID is 157, which is a known anomaly cluster. The cluster has a high density and is located in a suspicious location.",
        "changed": false,
        "new_label": 1,
        "reason": "I have decided to keep the label as 1.",
        "self_conf_after": 0.2,
        "clarifying_question": "What is the cluster ID of the anomaly?"
      },
      "C": {
        "self_conf_before": 0.2,
        "peer_scores": [
          0.2,
          0.2
        ],
        "critique": "I agree with the peers that the anomaly detected in the tri-view label is an anomaly with a size of 1130 and a density of 5.466659306255344. The cluster ID is 157, and the time is Weekday (Monday). However, my rationale is different. I believe that the high density and location of the cluster suggest a more likely scenario of malware activity rather than a legitimate anomaly.",
        "changed": true,
        "new_label": 1,
        "reason": "I believe that the cluster characteristics and time of day suggest a more likely scenario of malware activity rather than a legitimate anomaly.",
        "self_conf_after": 0.8,
        "clarifying_question": "How can we determine the true nature of the anomaly without further investigation?"
      }
    },
    "R3": {
      "A": {},
      "B": {},
      "C": {
        "need_more_info": false,
        "questions": []
      }
    },
    "judge": {
      "final_label": 1,
      "confidence": 0.8,
      "winning_agent": "C",
      "reason": "Agent C's rationale of malware activity is more specific and provides a clearer justification than the other agents. The high packet frequency during weekdays mentioned by Agent C can be a characteristic of malware activity."
    }
  }
}