{
  "sample_summary": {
    "sample_id": "39-5",
    "tri_view_label": 1,
    "slm_final_vote": 1,
    "confidence": 1.0,
    "referee_label": 1
  },
  "debate_dynamics": {
    "dominant_agent": "A",
    "least_agent": "B"
  },
  "_rounds": {
    "R1": {
      "A": {
        "label": 1,
        "self_conf": 0.2,
        "rationale": "The anomaly detected in the tri-view label is an anomaly with a size of 1198 and a density of 5.574438359545146. The cluster ID is 36, and the time is Weekday (Monday).",
        "key_features": [
          "dst_ip_freq: high",
          "dns_domain_name_freq: -0.7119602307056717"
        ],
        "cluster_novel": "unknown",
        "cluster_reason": "unknown",
        "alt_hypothesis": "burst scan",
        "attack_ref": "DDoS"
      },
      "B": {
        "label": 1,
        "self_conf": 0.2,
        "rationale": "I agree with the tri-view label because the cluster ID is 36, which is a known anomaly.",
        "key_features": "dst_ip_freq: 0.962, dns_domain_name_freq: -0.711, duration: -0.192, max_packets_len: 0.693",
        "cluster_novel": "yes",
        "cluster_reason": "low density",
        "alt_hypothesis": "burst scan",
        "attack_ref": "DDoS"
      },
      "C": {
        "label": 1,
        "self_conf": 0.2,
        "rationale": "High packet frequency during weekdays",
        "key_features": "dst_ip_freq: high",
        "cluster_novel": "no",
        "cluster_reason": "Low density",
        "alt_hypothesis": "Possible malware activity",
        "attack_ref": "Malware detected"
      }
    },
    "R2": {
      "A": {
        "self_conf_before": 0.2,
        "peer_scores": 0.2,
        "critique": "I agree with the tri-view label because the cluster ID is 36, which is a known anomaly.",
        "revise_label": {
          "changed": true,
          "new_label": 1,
          "reason": "High packet frequency during weekdays"
        },
        "self_conf_after": 0.2,
        "clarifying_question": "What is the reason for the peer's change in labeling the anomaly as a known anomaly, and what is the new label they suggest?"
      },
      "B": {
        "revise_label": {
          "changed": false,
          "new_label": null,
          "reason": ""
        }
      },
      "C": {
        "self_conf_before": 0.2,
        "peer_scores": [
          0.2,
          0.2
        ],
        "critique": "I agree with the peers that the anomaly detected in the tri-view label is an anomaly with a size of 1198 and a density of 5.574438359545146. The cluster ID is 36, and the time is Weekday (Monday). However, my rationale is different. I believe that the anomaly may be a false positive due to the low density, which falls below the threshold for triggering further investigation.",
        "changed": false,
        "new_label": 1,
        "reason": "I have revised my rationale to reflect the low density of the anomaly, which falls below the threshold for triggering further investigation.",
        "self_conf_after": 0.8,
        "clarifying_question": "How can we determine the significance of the density threshold for triggering further investigation?"
      }
    },
    "R3": {
      "A": {
        "need_more_info": true,
        "questions": [
          {
            "label": "What is the significance of the density threshold for triggering further investigation, according to Agent C's critique?",
            "type": "multiple_choice",
            "choices": [
              {
                "label": "It is not significant",
                "value": "0"
              },
              {
                "label": "It is significant for detecting anomalies with low density",
                "value": "1"
              },
              {
                "label": "It is not significant for detecting anomalies with low density",
                "value": "0"
              }
            ]
          }
        ]
      },
      "B": {
        "need_more_info": false,
        "questions": []
      },
      "C": {
        "label": 1,
        "self_conf": 0.2,
        "rationale": "High packet frequency during weekdays",
        "key_features": "dst_ip_freq: high",
        "cluster_novel": "no",
        "cluster_reason": "Low density",
        "alt_hypothesis": "Possible malware activity",
        "attack_ref": "Malware detected"
      }
    },
    "judge": {
      "final_label": 1,
      "confidence": 1.0,
      "winning_agent": "C",
      "reason": "Agent C's rationale of 'High packet frequency during weekdays' aligns with the anomaly's characteristics of high dst_ip_freq. Additionally, the consensus among all agents is that the anomaly is a known anomaly with cluster ID 36."
    }
  }
}