{
  "sample_summary": {
    "sample_id": "39-6",
    "tri_view_label": 1,
    "slm_final_vote": 1,
    "confidence": 0.6,
    "referee_label": 1
  },
  "debate_dynamics": {
    "dominant_agent": "A",
    "least_agent": "A"
  },
  "_rounds": {
    "R1": {
      "A": {
        "label": 1,
        "self_conf": 0.2,
        "rationale": "The anomaly detected in the tri-view label is an anomaly with a tri-view label of 1 (anomaly) and confidence of 0.2. The cluster ID is 157, with a size of 1130, a density of 5.466659306255344, and a distance of 0.2757359524641049.",
        "key_features": [
          "dst_ip_freq: high"
        ],
        "cluster_novel": "yes",
        "cluster_reason": "low density",
        "alt_hypothesis": "burst scan",
        "attack_ref": "DDoS"
      },
      "B": {
        "label": 1,
        "self_conf": 0.2,
        "rationale": "I agree with the tri-view label because the cluster ID is 157, which is a known anomaly cluster. The cluster size is 1130, which is larger than the average cluster size of 5.466659306255344. The cluster density is 5.466659306255344, which is also higher than the average cluster density of 5.466659306255344. The cluster is also located in a high-density area, which increases the likelihood of anomalies. The cluster is also relatively close to the source, which could indicate a local attack. The cluster has a high duration and a high max_packets_len, which could indicate a long-running attack. Therefore, I agree with the tri-view label and the cluster label.",
        "key_features": "dst_ip_freq: high, dns_domain_name_freq: low, duration: long, max_packets_len: high",
        "cluster_novel": "yes",
        "cluster_reason": "high density, high duration, high max_packets_len",
        "alt_hypothesis": "local attack",
        "attack_ref": "DDoS"
      },
      "C": {
        "label": 1,
        "self_conf": 0.2,
        "rationale": "High packet frequency during weekdays",
        "key_features": "dst_ip_freq: high",
        "cluster_novel": "no",
        "cluster_reason": "Low density",
        "alt_hypothesis": "Possible malware activity",
        "attack_ref": "Malware detected"
      }
    },
    "R2": {
      "A": {
        "revise_label": {
          "changed": false,
          "new_label": null,
          "reason": ""
        }
      },
      "B": {
        "revise_label": {
          "changed": false,
          "new_label": null,
          "reason": ""
        }
      },
      "C": {
        "revise_label": {
          "changed": false,
          "new_label": null,
          "reason": ""
        }
      }
    },
    "R3": {
      "A": {},
      "B": {},
      "C": {
        "need_more_info": false,
        "questions": null
      }
    },
    "judge": {
      "final_label": 1,
      "confidence": 0.6,
      "winning_agent": "A",
      "reason": "Agent A's rationale, while not definitive, is the first to identify a specific anomalous feature (high dst_ip_freq) and provides some context for the anomaly's novelty (cluster_novel: yes). Agents B and C's rationales are similar but lack the specificity and novelty of Agent A's."
    }
  }
}