{
  "sample_summary": {
    "sample_id": "39-8",
    "tri_view_label": 1,
    "slm_final_vote": 1,
    "confidence": 0.8,
    "referee_label": 1
  },
  "debate_dynamics": {
    "dominant_agent": "B",
    "least_agent": "A"
  },
  "_rounds": {
    "R1": {
      "A": {
        "label": 1,
        "self_conf": 0.2,
        "rationale": "The anomaly detected in the tri-view label is an anomaly with a size of 1130 and a density of 5.466659306255344. The cluster ID is 157, and the time is Weekday (Monday).",
        "key_features": [
          "dst_ip_freq: high",
          "dns_domain_name_freq: -0.7119602307056717"
        ],
        "cluster_novel": "unknown",
        "cluster_reason": "unknown",
        "alt_hypothesis": "burst scan",
        "attack_ref": "DDoS"
      },
      "B": {
        "label": 1,
        "self_conf": 0.2,
        "rationale": "I agree with the tri-view label because the cluster ID is 157, which is a known attack type (DDoS) and the cluster size is 1130, which is larger than the average cluster size of 5.466659306255344. The cluster density is also higher than the average density of 5.466659306255344, and the cluster is located in a different region than the average cluster. The cluster is also located on a weekday, which is more likely to be targeted by an attack. Therefore, I think this is a valid anomaly.",
        "key_features": "dst_ip_freq: 0.9627162748000327, dns_domain_name_freq: -0.711960230705671, duration: -0.19224265274501, max_packets_len: 0.6938876922705691",
        "cluster_novel": "yes",
        "cluster_reason": "larger than average cluster size, higher than average cluster density, located in a different region, located on a weekday",
        "alt_hypothesis": "DDoS",
        "attack_ref": "DDoS"
      },
      "C": {
        "label": 1,
        "self_conf": 0.2,
        "rationale": "High packet frequency during weekdays",
        "key_features": "dst_ip_freq: high",
        "cluster_novel": "no",
        "cluster_reason": "Low density",
        "alt_hypothesis": "Possible malware activity",
        "attack_ref": "Malware detected"
      }
    },
    "R2": {
      "A": {
        "revise_label": {
          "changed": false,
          "new_label": null,
          "reason": ""
        }
      },
      "B": {
        "self_conf_before": 0.2,
        "peer_scores": 0.2,
        "critique": "I agree with the tri-view label because the cluster ID is 157, which is a known attack type (DDoS) and the cluster size is 1130, which is larger than the average cluster size of 5.466659306255344. The cluster density is also higher than the average density of 5.466659306255344, and the cluster is located in a different region than the average cluster. The cluster is also located on a weekday, which is more likely to be targeted by an attack. Therefore, I think this is a valid anomaly.",
        "changed": true,
        "new_label": 1,
        "reason": "I changed my label because I agree with the peer's rationale.",
        "self_conf_after": 0.2,
        "clarifying_question": "What is the cluster ID of the anomaly?"
      },
      "C": {
        "self_conf_before": 0.2,
        "peer_scores": 0.2,
        "critique": "I agree with the tri-view label because the cluster ID is 157, which is a known attack type (DDoS) and the cluster size is 1130, which is larger than the average cluster size of 5.466659306255344. The cluster density is also higher than the average density of 5.466659306255344, and the cluster is located in a different region than the average cluster. The cluster is also located on a weekday, which is more likely to be targeted by an attack. Therefore, I think this is a valid anomaly.",
        "changed": false,
        "new_label": 1,
        "reason": "I agree with the tri-view label because the cluster characteristics suggest an attack, and the location and time of the attack further support this conclusion.",
        "self_conf_after": 0.8,
        "clarifying_question": "Is there any other information or context that could support the conclusion that this is an attack?"
      }
    },
    "R3": {
      "A": {},
      "B": {},
      "C": {
        "label": 1,
        "self_conf": 0.2,
        "rationale": "High packet frequency during weekdays",
        "key_features": "dst_ip_freq: high",
        "cluster_novel": "no",
        "cluster_reason": "Low density",
        "alt_hypothesis": "Possible malware activity",
        "attack_ref": "Malware detected"
      }
    },
    "judge": {
      "final_label": 1,
      "confidence": 0.8,
      "winning_agent": "C",
      "reason": "Agent C's confidence in the label is the highest among the agents, and their rationale of 'High packet frequency during weekdays' aligns with the key feature 'dst_ip_freq: high' provided by Agent A. Although Agent B's rationale is also valid, their confidence is lower than Agent C's. Therefore, Agent C's argument is the most convincing."
    }
  }
}