{
  "sample_summary": {
    "sample_id": "4-0",
    "tri_view_label": 1,
    "slm_final_vote": 1,
    "confidence": 0.5,
    "referee_label": null
  },
  "debate_dynamics": {
    "dominant_agent": "A",
    "least_agent": "B"
  },
  "_rounds": {
    "R1": {
      "A": {
        "label": 1,
        "self_conf": 0.2,
        "rationale": "The anomaly detected in the tri-view label is an anomaly with a size of 564 and a density of 3.9133951686471806. The cluster ID is 74, and the time is Weekday (Friday).",
        "key_features": [
          "dst_ip_freq: high",
          "dns_domain_name_freq: low"
        ],
        "cluster_novel": "unknown",
        "cluster_reason": "unknown",
        "alt_hypothesis": "burst scan",
        "attack_ref": "DDoS"
      },
      "B": {
        "label": 1,
        "self_conf": 0.2,
        "rationale": "I agree with the tri-view label because the cluster ID is 74, which is a known anomaly cluster. The cluster has a high density and is located close to the source IP address, which is suspicious. The cluster also has a high duration and a low maximum packet length, which are typical characteristics of a DDoS attack. Therefore, I believe that this is a DDoS attack and I agree with the tri-view label.",
        "key_features": "dst_ip_freq: high, dns_domain_name_freq: high, duration: high, max_packets_len: low",
        "cluster_novel": "yes",
        "cluster_reason": "high density and close to source IP address",
        "alt_hypothesis": "DDoS attack",
        "attack_ref": "DDoS"
      },
      "C": {
        "label": 1,
        "self_conf": 0.2,
        "rationale": "Low density of dst_ip_freq and dns_domain_name_freq",
        "key_features": "dst_ip_freq: high, dns_domain_name_freq: low",
        "cluster_novel": "no",
        "cluster_reason": "Low density of both features suggests a potential attack",
        "alt_hypothesis": "Possible DNS cache poisoning attack",
        "attack_ref": "DNS cache poisoning"
      }
    },
    "R2": {
      "A": {
        "self_conf_before": 0.2,
        "peer_scores": 0.2,
        "critique": "I agree with the tri-view label because the cluster ID is 74, which is a known anomaly cluster. The cluster has a high density and is located close to the source IP address, which is suspicious. The cluster also has a high duration and a low maximum packet length, which are typical characteristics of a DDoS attack. Therefore, I believe that this is a DDoS attack and I agree with the tri-view label.",
        "revise_label": {
          "changed": true,
          "new_label": 1,
          "reason": "Low density of dst_ip_freq and dns_domain_name_freq"
        },
        "self_conf_after": 0.2,
        "clarifying_question": "What are the characteristics of a DDoS attack that led the tri-view label to be revised to 1?"
      },
      "B": {
        "revise_label": {
          "changed": false,
          "new_label": null,
          "reason": ""
        }
      },
      "C": {
        "self_conf_before": 0.2,
        "peer_scores": 0.2,
        "critique": "I agree with the tri-view label because the cluster ID is 74, which is a known anomaly cluster. The cluster has a high density and is located close to the source IP address, which is suspicious. The cluster also has a high duration and a low maximum packet length, which are typical characteristics of a DDoS attack. Therefore, I believe that this is a DDoS attack and I agree with the tri-view label.",
        "changed": true,
        "new_label": 1,
        "reason": "I agree with the tri-view label because the cluster ID and time are consistent with a DDoS attack, and the density and location of the cluster suggest a potential attack source.",
        "self_conf_after": 0.8,
        "clarifying_question": "Is there any evidence other than the cluster ID and time that suggests a DDoS attack? For example, are there any other anomalies or unusual network behavior observed in the network?"
      }
    },
    "R3": {
      "A": {},
      "B": {},
      "C": {
        "label": 1,
        "self_conf": 0.2,
        "rationale": "Low density of dst_ip_freq and dns_domain_name_freq",
        "key_features": "dst_ip_freq: high, dns_domain_name_freq: low",
        "cluster_novel": "no",
        "cluster_reason": "Low density of both features suggests a potential attack",
        "alt_hypothesis": "Possible DNS cache poisoning attack",
        "attack_ref": "DNS cache poisoning"
      }
    },
    "judge": {
      "_raw_output": "{\n  \"final_label\": 1,\n  \"confidence\": 0.8,\n  \"winning_agent\": \"C\",\n  \"reason\": \"Agent C's reasoning is based on the low density of dst_ip_freq and dns_domain_name_freq, which is a valid feature to consider in anomaly detection. While all agents agree with the tri-view label, Agent C's reasoning is the most specific and provides a clear justification for the label. Additionally, Agent C's confidence in the label has increased in Round 2, indicating a stronger belief in the anomaly being a DDoS attack.\""
    }
  }
}