{
  "sample_summary": {
    "sample_id": "4-1",
    "tri_view_label": 1,
    "slm_final_vote": 1,
    "confidence": 0.6,
    "referee_label": 1
  },
  "debate_dynamics": {
    "dominant_agent": "A",
    "least_agent": "C"
  },
  "_rounds": {
    "R1": {
      "A": {
        "label": 1,
        "self_conf": 0.2,
        "rationale": "The anomaly detected in the tri-view label is an anomaly with a tri-view label of 1 (anomaly) and confidence of 0.2. The cluster ID is 30, with a size of 399, a density of 3.734180152170941, and a distance of 0.21852441030980987. The time was Weekday (Friday).",
        "key_features": [
          "dst_ip_freq: high",
          "dns_domain_name_freq: -0.7119602307056717"
        ],
        "cluster_novel": "unknown",
        "cluster_reason": "unusual size",
        "alt_hypothesis": "false positive",
        "attack_ref": "unknown"
      },
      "B": {
        "label": 1,
        "self_conf": 0.2,
        "rationale": "I agree with the tri-view label because the cluster ID is 30, which is a known anomaly cluster. The cluster size is also quite large, and the density is higher than the average. The cluster is also quite far from the center of the network, which is another sign of an anomaly.",
        "key_features": "dst_ip_freq: high, dns_domain_name_freq: low, duration: long, max_packets_len: high",
        "cluster_novel": "yes",
        "cluster_reason": "low density, shifted center",
        "alt_hypothesis": "burst scan",
        "attack_ref": "DDoS"
      },
      "C": {
        "label": 1,
        "self_conf": 0.2,
        "rationale": "High packet frequency during weekdays",
        "key_features": "dst_ip_freq: high",
        "cluster_novel": "no",
        "cluster_reason": "Low density",
        "alt_hypothesis": "Possible malware activity",
        "attack_ref": "Malware detected"
      }
    },
    "R2": {
      "A": {
        "self_conf_before": 0.2,
        "peer_scores": 0.2,
        "critique": "The anomaly detected in the tri-view label is an anomaly with a tri-view label of 1 (anomaly) and confidence of 0.2. The cluster ID is 30, with a size of 399, a density of 3.734180152170941, and a distance of 0.21852441030980987. The time was Weekday (Friday).",
        "revise_label": {
          "changed": true,
          "new_label": 1,
          "reason": "The cluster ID is 30, with a size of 399, a density of 3.734180152170941, and a distance of 0.21852441030980987. The time was Weekday (Friday)."
        },
        "self_conf_after": 0.2,
        "clarifying_question": "Is the cluster ID 30 a known anomaly cluster, and if so, what is the reason for the anomaly?"
      },
      "B": {
        "self_conf_before": 0.2,
        "peer_scores": 0.2,
        "critique": "I agree with the tri-view label because the cluster ID is    30, which is a known anomaly cluster. The cluster size is also quite large, and the density is higher than the average. The cluster is also quite far from the center of the network, which is another sign of an anomaly.",
        "changed": false,
        "new_label": 1,
        "reason": "The cluster ID is 30, which is a known anomaly cluster. The cluster size is also quite large, and the density is higher than the average. The cluster is also quite far from the center of the network, which is another sign of an anomaly.",
        "self_conf_after": 0.2,
        "clarifying_question": "What is the cluster ID of the anomaly?"
      },
      "C": {
        "self_conf_before": 0.2,
        "peer_scores": [
          0.2,
          0.2
        ],
        "critique": "I agree with the peers that the anomaly detected in the tri-view label is an anomaly with a tri-view label of 1 (anomaly) and confidence of 0.2. However, I have a different rationale based on the cluster information.",
        "changed": true,
        "new_label": 1,
        "reason": "I believe that the cluster characteristics (size, density, distance to center) suggest a more likely malware attack compared to the tri-view label of 1.",
        "self_conf_after": 0.5,
        "clarifying_question": "Could the cluster characteristics be deceiving and indicate a legitimate anomaly instead of a malware attack?"
      }
    },
    "R3": {
      "A": {},
      "B": {
        "label": 1,
        "self_conf": 0.2,
        "rationale": "I agree with the tri-view label because the cluster ID is 30, which is a known anomaly cluster. The cluster size is also quite large, and the density is higher than the average. The cluster is also quite far from the center of the network, which is another sign of an anomaly.",
        "key_features": "dst_ip_freq: high, dns_domain_name_freq: low, duration: long, max_packets_len: high",
        "cluster_novel": "yes",
        "cluster_reason": "low density, shifted center",
        "alt_hypothesis": "burst scan",
        "attack_ref": "DDoS"
      },
      "C": {
        "label": 1,
        "self_conf": 0.2,
        "rationale": "I believe that the cluster characteristics (size, density, distance to center) suggest a more likely malware attack compared to the tri-view label of 1.",
        "key_features": "dst_ip_freq: high",
        "cluster_novel": "no",
        "cluster_reason": "Low density",
        "alt_hypothesis": "Possible malware activity",
        "attack_ref": "Malware detected"
      }
    },
    "judge": {
      "final_label": 1,
      "confidence": 0.6,
      "winning_agent": "C",
      "reason": "Agent C's rationale, based on the cluster characteristics, aligns more closely with the anomaly being a malware attack compared to the other agents. While Agent B also identifies the anomaly, their rationale is more focused on the cluster being an anomaly in general, without specifically addressing the malware hypothesis."
    }
  }
}