{
  "sample_summary": {
    "sample_id": "4-3",
    "tri_view_label": 1,
    "slm_final_vote": 1,
    "confidence": 0.8,
    "referee_label": 1
  },
  "debate_dynamics": {
    "dominant_agent": "A",
    "least_agent": "B"
  },
  "_rounds": {
    "R1": {
      "A": {
        "label": 1,
        "self_conf": 0.2,
        "rationale": "The anomaly detected in the tri-view label is an anomaly with a size of 384 and a density of 3.6519284261469256. The cluster ID is 92, and the time is Weekday (Friday).",
        "key_features": [
          "dst_ip_freq: high",
          "dns_domain_name_freq: -0.7119602307056717"
        ],
        "cluster_novel": "unknown",
        "cluster_reason": "unknown",
        "alt_hypothesis": "burst scan",
        "attack_ref": "DDoS"
      },
      "B": {
        "label": 1,
        "self_conf": 0.2,
        "rationale": "I agree with the tri-view label because the cluster ID is 92, which is a known anomaly cluster. The cluster size is 384, which is larger than the average cluster size of 300. The cluster density is 3.6519284261469256, which is higher than the average cluster density of 2. The cluster is also located in a high-traffic area, which increases the likelihood of anomalies. The cluster is also very close to the source of the attack, which suggests that it is a targeted attack. Therefore, I believe that the tri-view label is correct and that the cluster is an anomaly.",
        "key_features": "dst_ip_freq: high, dns_domain_name_freq: low, duration: long, max_packets_len: high",
        "cluster_novel": "yes",
        "cluster_reason": "high density, high traffic area, close to source of attack",
        "alt_hypothesis": "targeted attack",
        "attack_ref": "DDoS"
      },
      "C": {
        "label": 1,
        "self_conf": 0.2,
        "rationale": "High packet frequency during weekdays",
        "key_features": "dst_ip_freq: high",
        "cluster_novel": "no",
        "cluster_reason": "Low density",
        "alt_hypothesis": "Possible malware activity",
        "attack_ref": "Malware"
      }
    },
    "R2": {
      "A": {
        "self_conf_before": 0.2,
        "peer_scores": 0.2,
        "critique": "The anomaly detected in the tri-view label is an anomaly with a size of 384 and a density of 3.6519284261469256. The cluster ID is 92, and the time is Weekday (Friday).",
        "revise_label": {
          "changed": true,
          "new_label": 1,
          "reason": "The cluster ID is 92, and the time is Weekday (Friday)."
        },
        "self_conf_after": 0.2,
        "clarifying_question": "Why is the cluster ID 92 and the time Weekday (Friday)?"
      },
      "B": {
        "revise_label": {
          "changed": false,
          "new_label": null,
          "reason": ""
        }
      },
      "C": {
        "self_conf_before": 0.2,
        "peer_scores": 0.2,
        "critique": "I agree with the tri-view label because the cluster ID is 92, which is a known anomaly cluster. The cluster size is 384, which is larger than the average cluster size of 300. The cluster density is 3.6519284261469256, which is higher than the average cluster density of 2. The cluster is also located in a high-traffic area, which increases the likelihood of anomalies. The cluster is also very close to the source of the attack, which suggests that it is a targeted attack. Therefore, I believe that the tri-view label is correct and that the cluster is an anomaly.",
        "changed": true,
        "new_label": 1,
        "reason": "I agree with the tri-view label because the cluster ID and density are both above the average values for the cluster. Additionally, the cluster is located in a high-traffic area, which increases the likelihood of anomalies. The cluster is also very close to the source of the attack, which suggests that it is a targeted attack.",
        "self_conf_after": 0.8,
        "clarifying_question": "Is there any other information or context that could support the tri-view label besides the cluster ID and density?"
      }
    },
    "R3": {
      "A": {},
      "B": {},
      "C": {
        "label": 1,
        "self_conf": 0.2,
        "rationale": "High packet frequency during weekdays",
        "key_features": "dst_ip_freq: high",
        "cluster_novel": "no",
        "cluster_reason": "Low density",
        "alt_hypothesis": "Possible malware activity",
        "attack_ref": "Malware"
      }
    },
    "judge": {
      "final_label": 1,
      "confidence": 0.8,
      "winning_agent": "C",
      "reason": "Agent C's revised label is consistent with the tri-view label and provides additional justification based on the high packet frequency during weekdays. While Agent B's rationale is also valid, Agent C's justification is more specific and directly relates to the anomaly detection criteria."
    }
  }
}