{
  "sample_summary": {
    "sample_id": "4-4",
    "tri_view_label": 1,
    "slm_final_vote": 1,
    "confidence": 0.5,
    "referee_label": null
  },
  "debate_dynamics": {
    "dominant_agent": "A",
    "least_agent": "B"
  },
  "_rounds": {
    "R1": {
      "A": {
        "label": 1,
        "self_conf": 0.2,
        "rationale": "The anomaly detected in the tri-view label is an anomaly with a tri-view label of 1 (anomaly) and confidence of 0.2. The cluster ID is 24, with size of 754, density of 3.3869559245836767, and distance of 0.2462616678224282. The time was Weekday (Friday).",
        "key_features": [
          "dst_ip_freq: -0.3183606169854546",
          "dns_domain_name_freq: 1.4045859516912094",
          "duration: -0.1919549835370532",
          "max_packets_len: -0.883797552556833"
        ],
        "cluster_novel": "unknown",
        "cluster_reason": "unknown",
        "alt_hypothesis": "burst scan",
        "attack_ref": "DDoS"
      },
      "B": {
        "label": 1,
        "self_conf": 0.2,
        "rationale": "I agree with the tri-view label because the cluster ID is 24, which is a known attack type.",
        "key_features": "dst_ip_freq: high, dns_domain_name_freq: high, duration: high, max_packets_len: high",
        "cluster_novel": "yes",
        "cluster_reason": "low density",
        "alt_hypothesis": "burst scan",
        "attack_ref": "DDoS"
      },
      "C": {
        "label": 1,
        "self_conf": 0.2,
        "rationale": "High packet frequency during weekdays",
        "key_features": "dst_ip_freq: high",
        "cluster_novel": "no",
        "cluster_reason": "Low density",
        "alt_hypothesis": "Possible malware activity",
        "attack_ref": "Malware detected"
      }
    },
    "R2": {
      "A": {
        "self_conf_before": 0.2,
        "peer_scores": 0.2,
        "critique": "I agree with the tri-view label because the cluster ID is 24, which is a known attack type.",
        "revise_label": {
          "changed": false,
          "new_label": 1,
          "reason": "High packet frequency during weekdays"
        },
        "self_conf_after": 0.2,
        "clarifying_question": "What is the reason for the peer's change in labeling the anomaly as 1, and what is the new label they suggest?"
      },
      "B": {
        "revise_label": {
          "changed": false,
          "new_label": null,
          "reason": ""
        }
      },
      "C": {
        "self_conf_before": 0.2,
        "peer_scores": [
          0.2,
          0.2
        ],
        "critique": "The rationale seems to be based on the tri-view label, which may be influenced by other factors besides malware activity. It would be more accurate to investigate the cluster ID and other features before making a label decision.",
        "changed": false,
        "new_label": 1,
        "reason": "I believe that the cluster ID and other features warrant further investigation to determine if they indicate malware activity.",
        "self_conf_after": 0.4,
        "clarifying_question": "Could there be other factors besides the cluster ID that could be contributing to the observed anomaly?"
      }
    },
    "R3": {
      "A": {},
      "B": {},
      "C": {
        "label": 1,
        "self_conf": 0.2,
        "rationale": "High packet frequency during weekdays",
        "key_features": "dst_ip_freq: high",
        "cluster_novel": "no",
        "cluster_reason": "Low density",
        "alt_hypothesis": "Possible malware activity",
        "attack_ref": "Malware detected"
      }
    },
    "judge": {
      "_raw_output": "{\n  \"final_label\": 1,\n  \"confidence\": 0.4,\n  \"winning_agent\": \"C\",\n  \"reason\": \"Agent C's label and rationale remain consistent throughout the debate, while Agents A and B did not provide new information or arguments in Round 3. Agent C's hypothesis of possible malware activity is a valid alternative explanation for the anomaly, and their confidence in the label is slightly higher than the initial confidence.\""
    }
  }
}