{
  "sample_summary": {
    "sample_id": "4-5",
    "tri_view_label": 1,
    "slm_final_vote": 1,
    "confidence": 0.5,
    "referee_label": null
  },
  "debate_dynamics": {
    "dominant_agent": "A",
    "least_agent": "B"
  },
  "_rounds": {
    "R1": {
      "A": {
        "label": 1,
        "self_conf": 0.2,
        "rationale": "The anomaly detected in the tri-view label is an anomaly with a size of 297 and a density of 4.968079737299. The cluster ID is 172 and the time is Weekday (Friday).",
        "key_features": [
          "dst_ip_freq: high",
          "dns_domain_name_freq: low"
        ],
        "cluster_novel": "unknown",
        "cluster_reason": "unknown",
        "alt_hypothesis": "burst scan",
        "attack_ref": "DDoS"
      },
      "B": {},
      "C": {
        "label": 1,
        "self_conf": 0.2,
        "rationale": "High packet frequency during weekdays",
        "key_features": "dst_ip_freq: high",
        "cluster_novel": "no",
        "cluster_reason": "Low density",
        "alt_hypothesis": "Possible malware activity",
        "attack_ref": "Malware detected"
      }
    },
    "R2": {
      "A": {
        "self_conf_before": 0.2,
        "peer_scores": 0.2,
        "critique": "The anomaly detected in the tri-view label is an anomaly with a size of 297 and a density of 4.968079737299. The cluster ID is 172 and the time is Weekday (Friday).",
        "revise_label": {
          "changed": false,
          "new_label": 1,
          "reason": "High packet frequency during weekdays"
        },
        "self_conf_after": 0.2,
        "clarifying_question": "What is the reason for the peer predictions that suggest a high packet frequency during weekdays for the anomaly detected in the tri-view label?"
      },
      "B": {
        "revise_label": {
          "changed": false,
          "new_label": null,
          "reason": ""
        }
      },
      "C": {
        "self_conf_before": 0.2,
        "peer_scores": [
          0.2,
          null
        ],
        "critique": "The rationale provided seems to be based on the tri-view label, which may not be sufficient to accurately capture the observed anomaly. It would be more informative to investigate the behavior of the cluster and the time of day separately.",
        "changed": true,
        "new_label": 1,
        "reason": "Revised rationale based on cluster and time-of-day analysis, which suggests a possible malware activity during weekdays.",
        "self_conf_after": 0.8,
        "clarifying_question": "Could the cluster and time-of-day analysis be combined to provide a more accurate understanding of the anomaly?"
      }
    },
    "R3": {
      "A": {},
      "B": {},
      "C": {}
    },
    "judge": {
      "_raw_output": "{\n  \"final_label\": 1,\n  \"confidence\": 0.8,\n  \"winning_agent\": \"C\",\n  \"reason\": \"Agent C provided a revised rationale based on cluster and time-of-day analysis, which suggests a possible malware activity during weekdays. This analysis was not presented by the other agents and is more comprehensive in understanding the anomaly.\""
    }
  }
}