{
  "sample_summary": {
    "sample_id": "4-7",
    "tri_view_label": 1,
    "slm_final_vote": 1,
    "confidence": 0.6,
    "referee_label": 1
  },
  "debate_dynamics": {
    "dominant_agent": "A",
    "least_agent": "C"
  },
  "_rounds": {
    "R1": {
      "A": {
        "label": 1,
        "self_conf": 0.1,
        "rationale": "Anomaly detected due to high number of packets with destination IP address 192.168.127.12 and DNS domain name frequency of 1.4045859516912094.",
        "key_features": [
          "dst_ip_freq: high",
          "dns_domain_name_freq: 1.4045859516912094"
        ],
        "cluster_novel": "yes",
        "cluster_reason": "unknown",
        "alt_hypothesis": "burst scan",
        "attack_ref": "DDoS"
      },
      "B": {
        "label": 1,
        "self_conf": 0.1,
        "rationale": "The cluster is far from the centroid and in a sparse cluster.",
        "key_features": "dst_ip_freq: high, dns_domain_name_freq: high, duration: high, max_packets_len: high",
        "cluster_novel": "yes",
        "cluster_reason": "sparse cluster",
        "alt_hypothesis": "false positive",
        "attack_ref": "DDoS"
      },
      "C": {
        "label": 1,
        "self_conf": 0.1,
        "rationale": "Low density of dst_ip_freq and dns_domain_name_freq",
        "key_features": "dst_ip_freq: high, dns_domain_name_freq: high",
        "cluster_novel": "no",
        "cluster_reason": "Low density of features",
        "alt_hypothesis": "Unknown",
        "attack_ref": "Low density of features"
      }
    },
    "R2": {
      "A": {
        "self_conf_before": 0.1,
        "peer_scores": 0.1,
        "critique": "Anomaly detected due to high number of packets with destination IP address 192.168.127.12 and DNS domain name frequency of 1.4045859516912094. The cluster is far from the centroid and in a sparse cluster.",
        "revise_label": {
          "changed": true,
          "new_label": 1,
          "reason": "Low density of dst_ip_freq and dns_domain_name_freq"
        },
        "self_conf_after": 0.1,
        "clarifying_question": "Why did the peer revise your label?"
      },
      "B": {
        "self_conf_before": 0.1,
        "peer_scores": 0.1,
        "critique": "The cluster is far from the centroid and in a sparse cluster.",
        "changed": false,
        "new_label": 1,
        "reason": "The cluster is far from the centroid and in a sparse cluster.",
        "self_conf_after": 0.1,
        "clarifying_question": "What is the threshold for sparse cluster?"
      },
      "C": {
        "self_conf_before": 0.1,
        "peer_scores": [
          0.1,
          0.1
        ],
        "critique": "Anomaly detected due to high number of packets with destination IP address 192.168.127.12 and DNS domain name frequency of 1.4045859516912094.",
        "changed": true,
        "new_label": 1,
        "reason": "High number of packets with destination IP address 192.168.127.12 and DNS domain name frequency of 1.4045859516912094 indicate an anomaly.",
        "self_conf_after": 0.3,
        "clarifying_question": "What other features or network characteristics could be contributing to this anomaly?"
      }
    },
    "R3": {
      "A": {},
      "B": {
        "label": 1,
        "self_conf": 0.1,
        "rationale": "The cluster is far from the centroid and in a sparse cluster.",
        "key_features": "dst_ip_freq: high, dns_domain_name_freq: high, duration: high, max_packets_len: high",
        "cluster_novel": "yes",
        "cluster_reason": "sparse cluster",
        "alt_hypothesis": "false positive",
        "attack_ref": "DDoS"
      },
      "C": {
        "need_more_info": false,
        "questions": []
      }
    },
    "judge": {
      "final_label": 1,
      "confidence": 0.6,
      "winning_agent": "B",
      "reason": "Agent B's label and confidence remain unchanged throughout the debate, and their rationale of the cluster being far from the centroid and in a sparse cluster is a valid anomaly detection criterion. Agent A and C's labels changed during the debate, making their arguments less reliable."
    }
  }
}