{
  "sample_summary": {
    "sample_id": "4-9",
    "tri_view_label": 1,
    "slm_final_vote": 1,
    "confidence": 0.8,
    "referee_label": 1
  },
  "debate_dynamics": {
    "dominant_agent": "A",
    "least_agent": "B"
  },
  "_rounds": {
    "R1": {
      "A": {
        "label": 1,
        "self_conf": 0.2,
        "rationale": "The anomaly detected in the tri-view label is an anomaly with a size of 256 and a density of 5.957909045110224. The cluster ID is 243, and the time is Weekday (Friday).",
        "key_features": [
          "dst_ip_freq: -0.3183606169854546",
          "dns_domain_name_freq: 1.4045859516912094",
          "duration: -0.1919551981010963",
          "max_packets_len: 0.6938876922705691"
        ],
        "cluster_novel": "no",
        "cluster_reason": "unknown",
        "alt_hypothesis": "burst scan",
        "attack_ref": "DDoS"
      },
      "B": {
        "label": 1,
        "self_conf": 0.2,
        "rationale": "I agree with the tri-view label because the cluster ID is 243, which is a known anomaly cluster. The cluster size is 256, density is 5.957909045110224, and the distance is 0.23266209014837388. Also, the time is a weekday, which is usually a busy time for attacks.",
        "key_features": "dst_ip_freq: high, dns_domain_name_freq: high, duration: high, max_packets_len: high",
        "cluster_novel": "no",
        "cluster_reason": "high density",
        "alt_hypothesis": "false positive",
        "attack_ref": "DDoS"
      },
      "C": {
        "label": 1,
        "self_conf": 0.2,
        "rationale": "High packet frequency during weekdays",
        "key_features": "dst_ip_freq: high",
        "cluster_novel": "no",
        "cluster_reason": "Low density",
        "alt_hypothesis": "Possible malware activity",
        "attack_ref": "Malware detected"
      }
    },
    "R2": {
      "A": {
        "self_conf_before": 0.2,
        "peer_scores": 0.2,
        "critique": "I agree with the tri-view label because the cluster ID is 243, which is a known anomaly cluster. The cluster size is 256, density is 5.957909045110224, and the distance is 0.23266209014837388. Also, the time is a weekday, which is usually a busy time for attacks.",
        "revise_label": {
          "changed": true,
          "new_label": 1,
          "reason": "High packet frequency during weekdays"
        },
        "self_conf_after": 0.2,
        "clarifying_question": "What is the reason for the peer predictions that the cluster ID is 243, the cluster size is 256, the density is 5.957909045110224, and the time is a weekday, which is usually a busy time for attacks?"
      },
      "B": {
        "revise_label": {
          "changed": false,
          "new_label": null,
          "reason": ""
        }
      },
      "C": {
        "self_conf_before": 0.2,
        "peer_scores": [
          0.2,
          0.2
        ],
        "critique": "I agree with the peers that the anomaly detected in the tri-view label is an anomaly with a size of 256 and a density of 5.957909045110224. The cluster ID is 243, and the time is Weekday (Friday). However, I have a different rationale for this label.",
        "changed": true,
        "new_label": 1,
        "reason": "I believe that the high density of the anomaly may be due to a combination of factors, including malware activity and network congestion caused by a high number of users accessing the network during peak hours.",
        "self_conf_after": 0.8,
        "clarifying_question": "Could there be other factors contributing to the high density besides malware activity?"
      }
    },
    "R3": {
      "A": {},
      "B": {},
      "C": {
        "label": 1,
        "self_conf": 0.2,
        "rationale": "High packet frequency during weekdays",
        "key_features": "dst_ip_freq: high",
        "cluster_novel": "no",
        "cluster_reason": "Low density",
        "alt_hypothesis": "Possible malware activity",
        "attack_ref": "Malware detected"
      }
    },
    "judge": {
      "final_label": 1,
      "confidence": 0.8,
      "winning_agent": "C",
      "reason": "Agent C's revised label and rationale align with the tri-view label, but with a more specific explanation of the cause of the high density: high packet frequency during weekdays. This explanation is plausible and supported by the key feature 'dst_ip_freq: high'."
    }
  }
}