{
  "sample_summary": {
    "sample_id": "40-0",
    "tri_view_label": 1,
    "slm_final_vote": 1,
    "confidence": 0.6,
    "referee_label": 1
  },
  "debate_dynamics": {
    "dominant_agent": "A",
    "least_agent": "C"
  },
  "_rounds": {
    "R1": {
      "A": {
        "label": 1,
        "self_conf": 0.2,
        "rationale": "The anomaly detected in the tri-view label is an anomaly with a size of 978 and a density of 5.543340333694916. The cluster ID is 157, and the time is Weekday (Monday).",
        "key_features": [
          "dst_ip_freq: high",
          "dns_domain_name_freq: -0.7119602307056717"
        ],
        "cluster_novel": "unknown",
        "cluster_reason": "unknown",
        "alt_hypothesis": "burst scan",
        "attack_ref": "DDoS"
      },
      "B": {
        "label": 1,
        "self_conf": 0.2,
        "rationale": "I agree with the tri-view label because the cluster ID is 157, which is a known anomaly. The cluster has a high density and is located close to the source IP address, which is suspicious. The attack type is also unknown, which adds to the uncertainty.",
        "key_features": "dst_ip_freq: high, dns_domain_name_freq: low, duration: short, max_packets_len: high",
        "cluster_novel": "yes",
        "cluster_reason": "high density and close to source IP address",
        "alt_hypothesis": "DDoS attack",
        "attack_ref": "unknown"
      },
      "C": {
        "label": 1,
        "self_conf": 0.2,
        "rationale": "High packet frequency during weekdays",
        "key_features": "dst_ip_freq: high",
        "cluster_novel": "no",
        "cluster_reason": "Low density",
        "alt_hypothesis": "Possible malware activity",
        "attack_ref": "Malware scanning"
      }
    },
    "R2": {
      "A": {
        "self_conf_before": 0.2,
        "peer_scores": 0.2,
        "critique": "I agree with the tri-view label because the cluster ID is 157, which is a known anomaly. The cluster has a high density and is located close to the source IP address, which is suspicious. The attack type is also unknown, which adds to the uncertainty.",
        "revise_label": {
          "changed": false,
          "new_label": 1,
          "reason": "The cluster ID is 157, which is a known anomaly. The cluster has a high density and is located close to the source IP address, which is suspicious. The attack type is also unknown, which adds to the uncertainty."
        },
        "self_conf_after": 0.2,
        "clarifying_question": "What is the cluster ID of the anomaly detected in the tri-view label, and why is it suspicious?"
      },
      "B": {
        "self_conf_before": 0.2,
        "peer_scores": 0.2,
        "critique": "I agree with the tri-view label because the cluster ID is 157, which is a known anomaly. The cluster has a high density and is located close to the source IP address, which is suspicious. The attack type is also unknown, which adds to the uncertainty.",
        "changed": true,
        "new_label": 1,
        "reason": "The cluster ID is a known anomaly, and the cluster has a high density and is close to the source IP address, which are suspicious. The attack type is unknown, which adds to the uncertainty.",
        "self_conf_after": 0.2,
        "clarifying_question": "What is the attack type?"
      },
      "C": {
        "self_conf_before": 0.2,
        "peer_scores": [
          0.2,
          0.2
        ],
        "critique": "I agree with the tri-view label because the cluster ID is 157, which is a known anomaly. The cluster has a high density and is located close to the source IP address, which is suspicious. The attack type is also unknown, which adds to the uncertainty.",
        "changed": true,
        "new_label": 1,
        "reason": "I believe the anomaly detected in the tri-view label is an outlier due to the high density and location of the cluster, which aligns with the known anomaly and attack type.",
        "self_conf_after": 0.4,
        "clarifying_question": "Could the cluster density be influenced by other factors besides the attack type?"
      }
    },
    "R3": {
      "A": {},
      "B": {
        "label": 1,
        "self_conf": 0.4,
        "rationale": "I agree with the tri-view label because the cluster ID is 157, which is a known anomaly. The cluster has a high density and is located close to the source IP address, which is suspicious. The attack type is also unknown, which adds to the uncertainty.",
        "key_features": "dst_ip_freq: high, dns_domain_name_freq: low, duration: short, max_packets_len: high",
        "cluster_novel": "yes",
        "cluster_reason": "high density and close to source IP address",
        "alt_hypothesis": "DDoS attack",
        "attack_ref": "unknown"
      },
      "C": {
        "label": 1,
        "self_conf": 0.2,
        "rationale": "High packet frequency during weekdays",
        "key_features": "dst_ip_freq: high",
        "cluster_novel": "no",
        "cluster_reason": "Low density",
        "alt_hypothesis": "Possible malware activity",
        "attack_ref": "Malware scanning"
      }
    },
    "judge": {
      "final_label": 1,
      "confidence": 0.6,
      "winning_agent": "B",
      "reason": "All agents agree on the anomaly label (1), but Agent B provides the most comprehensive justification, including key features, cluster reason, and alt hypothesis. The high consensus among agents and Agent B's detailed rationale increase the confidence in the label."
    }
  }
}