{
  "sample_summary": {
    "sample_id": "40-2",
    "tri_view_label": 1,
    "slm_final_vote": 1,
    "confidence": 0.6,
    "referee_label": 1
  },
  "debate_dynamics": {
    "dominant_agent": "A",
    "least_agent": "C"
  },
  "_rounds": {
    "R1": {
      "A": {
        "label": 1,
        "self_conf": 0.2,
        "rationale": "The anomaly detected in the tri-view label is an anomaly with a size of 978 and a density of 5.543340333694916. The cluster ID is 157, and the time is Weekday (Monday).",
        "key_features": [
          "dst_ip_freq: high",
          "dns_domain_name_freq: -0.7119602307056717"
        ],
        "cluster_novel": "unknown",
        "cluster_reason": "unknown",
        "alt_hypothesis": "burst scan",
        "attack_ref": "DDoS"
      },
      "B": {
        "label": 1,
        "self_conf": 0.2,
        "rationale": "I agree with the tri-view label because the cluster is anomalous.",
        "key_features": "dst_ip_freq: high, dns_domain_name_freq: low, duration: short, max_packets_len: high",
        "cluster_novel": "yes",
        "cluster_reason": "low density",
        "alt_hypothesis": "burst scan",
        "attack_ref": "DDoS"
      },
      "C": {
        "label": 1,
        "self_conf": 0.2,
        "rationale": "High packet frequency during weekdays",
        "key_features": "dst_ip_freq: high",
        "cluster_novel": "no",
        "cluster_reason": "Low density",
        "alt_hypothesis": "Possible malware activity",
        "attack_ref": "Malware detected"
      }
    },
    "R2": {
      "A": {
        "self_conf_before": 0.2,
        "peer_scores": 0.2,
        "critique": "I agree with the tri-view label because the cluster is anomalous.",
        "revise_label": {
          "changed": true,
          "new_label": 1,
          "reason": "High packet frequency during weekdays"
        },
        "self_conf_after": 0.2,
        "clarifying_question": "Why did the peer reviewer change their label from 1 to 1?"
      },
      "B": {
        "self_conf_before": 0.2,
        "peer_scores": 0.2,
        "critique": "I agree with the tri-view label because the cluster is anomalous.",
        "changed": false,
        "new_label": 1,
        "reason": "I am confident in my decision to label the cluster as anomalous.",
        "self_conf_after": 0.2,
        "clarifying_question": "What is the cluster size and density?"
      },
      "C": {
        "self_conf_before": 0.2,
        "peer_scores": [
          0.2,
          0.2
        ],
        "critique": "My rationale aligns with the peers' consensus, but I would like to clarify the specific cluster ID and time of day.",
        "changed": true,
        "new_label": 1,
        "reason": "I believe the cluster's anomalous characteristics and location warrant further investigation, as the tri-view label suggests a possible malware attack.",
        "self_conf_after": 0.4,
        "clarifying_question": "Could the cluster be associated with a specific malware strain or variant?"
      }
    },
    "R3": {
      "A": {
        "cluster_novel": "unknown",
        "cluster_reason": "unknown",
        "attack_ref": "DDoS",
        "alt_hypothesis": "burst scan",
        "peer_scores": 0.2,
        "self_conf_before": 0.2,
        "self_conf_after": 0.2,
        "clarifying_question": "Why did the peer reviewer change their label from 1 to 1?"
      },
      "B": {
        "label": 1,
        "self_conf": 0.2,
        "rationale": "I agree with the tri-view label because the cluster is anomalous.",
        "key_features": "dst_ip_freq: high, dns_domain_name_freq: low, duration: short, max_packets_len: high",
        "cluster_novel": "yes",
        "cluster_reason": "low density",
        "alt_hypothesis": "burst scan",
        "attack_ref": "DDoS",
        "self_conf_before": 0.2,
        "peer_scores": 0.2,
        "critique": "I agree with the tri-view label because the cluster is anomalous.",
        "changed": false,
        "new_label": 1,
        "reason": "I am confident in my decision to label the cluster as anomalous.",
        "self_conf_after": 0.2,
        "clarifying_question": "What is the cluster size and density?"
      },
      "C": {
        "need_more_info": false,
        "questions": [
          "Why did the peer reviewer change their label from 1 to 1?"
        ]
      }
    },
    "judge": {
      "final_label": 1,
      "confidence": 0.6,
      "winning_agent": "C",
      "reason": "Agent C's revised label is based on a clear rationale, and the consensus among agents is to label the cluster as anomalous. However, Agent C's additional question demonstrates a desire for more information, which adds to their credibility and confidence in their analysis."
    }
  }
}