{
  "sample_summary": {
    "sample_id": "40-7",
    "tri_view_label": 1,
    "slm_final_vote": 1,
    "confidence": 0.6,
    "referee_label": 1
  },
  "debate_dynamics": {
    "dominant_agent": "A",
    "least_agent": "B"
  },
  "_rounds": {
    "R1": {
      "A": {
        "label": 1,
        "self_conf": 0.2,
        "rationale": "The anomaly detected in the tri-view label is an anomaly with a size of 1033 and a density of 5.549684430957652. The cluster ID is 57, and the time is Weekday (Monday).",
        "key_features": [
          "dst_ip_freq: high",
          "dns_domain_name_freq: -0.7119602307056717"
        ],
        "cluster_novel": "unknown",
        "cluster_reason": "unknown",
        "alt_hypothesis": "burst scan",
        "attack_ref": "DDoS"
      },
      "B": {
        "label": 1,
        "self_conf": 0.2,
        "rationale": "I agree with the tri-view label because the cluster ID is 57, which is a known attack type.",
        "key_features": "dst_ip_freq: 0.962, dns_domain_name_freq: -0.711, duration: -0.192, max_packets_len: 0.693",
        "cluster_novel": "no",
        "cluster_reason": "low density",
        "alt_hypothesis": "false positive",
        "attack_ref": "DDoS"
      },
      "C": {
        "label": 1,
        "self_conf": 0.2,
        "rationale": "High packet frequency during weekdays",
        "key_features": "dst_ip_freq: high",
        "cluster_novel": "no",
        "cluster_reason": "Low density",
        "alt_hypothesis": "Possible malware activity",
        "attack_ref": "Malware detected"
      }
    },
    "R2": {
      "A": {
        "self_conf_before": 0.2,
        "peer_scores": 0.2,
        "critique": "I agree with the tri-view label because the cluster ID is 57, which is a known attack type.",
        "revise_label": {
          "changed": true,
          "new_label": 1,
          "reason": "High packet frequency during weekdays"
        },
        "self_conf_after": 0.2,
        "clarifying_question": "What is the reason for the peer's change in labeling the anomaly as a high packet frequency during weekdays?"
      },
      "B": {
        "revise_label": {
          "changed": false,
          "new_label": null,
          "reason": ""
        }
      },
      "C": {
        "self_conf_before": 0.2,
        "peer_scores": [
          0.2,
          0.2
        ],
        "critique": "I agree with the peers that the anomaly detected in the tri-view label is an anomaly with a size of 1033 and a density of 5.549684430957652. The cluster ID is 57, and the time is Weekday (Monday). However, my rationale is different from the peers. My rationale suggests that the anomaly may be caused by a legitimate network activity, rather than malware activity.",
        "changed": true,
        "new_label": 1,
        "reason": "I believe that the anomaly may be caused by a legitimate network activity, rather than malware activity, based on the cluster ID and time of day.",
        "self_conf_after": 0.4,
        "clarifying_question": "Could the anomaly be caused by a legitimate network activity that is not related to malware?"
      }
    },
    "R3": {
      "A": {
        "need_more_info": true,
        "questions": [
          {
            "label": "What is the reason for the peer's change in labeling the anomaly as a high packet frequency during weekdays?",
            "type": "clarifying_question",
            "answer": "The peer's change in labeling the anomaly as a high packet frequency during weekdays is because the cluster ID is 57, which is a known attack type. The reason for this change is not specified in the provided JSON."
          }
        ]
      },
      "B": {
        "need_more_info": false,
        "questions": [
          "What is the reason for the peer' s change in labeling the anomaly as a high packet frequency during weekdays?",
          "Could the anomaly be caused by a legitimate network activity that is not related to malware?"
        ]
      },
      "C": {
        "label": 1,
        "self_conf": 0.2,
        "rationale": "High packet frequency during weekdays",
        "key_features": "dst_ip_freq: high",
        "cluster_novel": "no",
        "cluster_reason": "Low density",
        "alt_hypothesis": "Possible malware activity",
        "attack_ref": "Malware detected"
      }
    },
    "judge": {
      "final_label": 1,
      "confidence": 0.6,
      "winning_agent": "C",
      "reason": "Agent C's rationale of 'High packet frequency during weekdays' aligns with the anomaly's characteristics and is a plausible explanation for the anomaly. While Agents A and B also identified the anomaly correctly, their rationales did not provide additional insights beyond the tri-view label."
    }
  }
}