{
  "sample_summary": {
    "sample_id": "40-8",
    "tri_view_label": 1,
    "slm_final_vote": 1,
    "confidence": 0.5,
    "referee_label": null
  },
  "debate_dynamics": {
    "dominant_agent": "A",
    "least_agent": "C"
  },
  "_rounds": {
    "R1": {
      "A": {
        "label": 1,
        "self_conf": 0.2,
        "rationale": "Anomaly detected in cluster 7 with tri-view label 1 and confidence 0.2. Cluster ID: 7, size: 25, density: 0.8885611681468107, dist: 0.8204406343112705.",
        "key_features": [
          "dst_ip_freq: -3.04368999321923",
          "dns_domain_name_freq: 1.4045859516912094"
        ],
        "cluster_novel": "unknown",
        "cluster_reason": "unusual size",
        "alt_hypothesis": "false positive",
        "attack_ref": "unknown"
      },
      "B": {
        "label": 1,
        "self_conf": 0.2,
        "rationale": "I agree with the tri-view label because the cluster is far from the centroid and in a sparse cluster.",
        "key_features": "dst_ip_freq: high, dns_domain_name_freq: high, duration: high, max_packets_len: high",
        "cluster_novel": "yes",
        "cluster_reason": "sparse cluster",
        "alt_hypothesis": "burst scan",
        "attack_ref": "DDoS"
      },
      "C": {
        "label": 1,
        "self_conf": 0.2,
        "rationale": "Low density of dst_ip_freq and dns_domain_name_freq",
        "key_features": "dst_ip_freq: high, dns_domain_name_freq: high",
        "cluster_novel": "no",
        "cluster_reason": "Low density of features",
        "alt_hypothesis": "Possible malicious activity",
        "attack_ref": "Low density of features"
      }
    },
    "R2": {
      "A": {
        "self_conf_before": 0.2,
        "peer_scores": 0.2,
        "critique": "Anomaly detected in cluster 7 with tri-view label 1 and confidence 0.2. Cluster ID: 7, size: 25, density: 0.8885611681468107, dist: 0.8204406343112705.",
        "revise_label": {
          "changed": true,
          "new_label": 1,
          "reason": "Anomaly detected in cluster 7 with tri-view label 1 and confidence 0.2. Cluster ID: 7, size: 25, density: 0.8885611681468107, dist: 0.8204406343112705."
        },
        "self_conf_after": 0.2,
        "clarifying_question": "What is the new label for cluster 7 with tri-view label 1 and confidence 0.2?"
      },
      "B": {
        "self_conf_before": 0.2,
        "peer_scores": 0.2,
        "critique": "I agree with the tri-view label because the cluster is far from the centroid and in a sparse cluster.",
        "changed": false,
        "new_label": 1,
        "reason": "I have changed my label to 1 because the cluster is far from the centroid and in a sparse cluster.",
        "self_conf_after": 0.2,
        "clarifying_question": "What is the threshold for sparse cluster?"
      },
      "C": {
        "self_conf_before": 0.2,
        "peer_scores": [
          0.2,
          0.2
        ],
        "critique": "I agree with the peers that an anomaly is detected in cluster 7. However, the rationale provided by the peers is less clear compared to our original rationale.",
        "changed": true,
        "new_label": 1,
        "reason": "I believe that the low density of features in cluster 7 might be an indication of malicious activity, based on the tri-view label and the cluster's location in a sparse cluster.",
        "self_conf_after": 0.4,
        "clarifying_question": "Could the low density of features be influenced by other factors, such as the distribution of the features across the cluster or the presence of other anomalies?"
      }
    },
    "R3": {
      "A": {},
      "B": {},
      "C": {
        "label": 1,
        "self_conf": 0.4,
        "rationale": "I believe that the low density of features in cluster 7 might be an indication of malicious activity, based on the tri-view label and the cluster's location in a sparse cluster.",
        "key_features": "dst_ip_freq: high, dns_domain_name_freq: high",
        "cluster_novel": "no",
        "cluster_reason": "Low density of features",
        "alt_hypothesis": "Possible malicious activity",
        "attack_ref": "Low density of features"
      }
    },
    "judge": {
      "_raw_output": "{\n  \"final_label\": 1,\n  \"confidence\": 0.6,\n  \"winning_agent\": \"C\",\n  \"reason\": \"Agent C's rationale, 'I believe that the low density of features in cluster 7 might be an indication of malicious activity, based on the tri-view label and the cluster's location in a sparse cluster.', is the most compelling justification for the anomaly label. The consensus among agents is a label of 1, and Agent C's confidence level is higher than the initial confidence levels of all agents. Therefore, Agent C is the winning agent.\""
    }
  }
}