{
  "sample_summary": {
    "sample_id": "41-0",
    "tri_view_label": 1,
    "slm_final_vote": 1,
    "confidence": 0.6,
    "referee_label": 1
  },
  "debate_dynamics": {
    "dominant_agent": "A",
    "least_agent": "C"
  },
  "_rounds": {
    "R1": {
      "A": {
        "label": 1,
        "self_conf": 0.2,
        "rationale": "Anomaly detected due to high number of tri-view labels (1) and low density (0.9167).",
        "key_features": [
          "dst_ip_freq: high",
          "dns_domain_name_freq: 1.4"
        ],
        "cluster_novel": "unknown",
        "cluster_reason": "unknown",
        "alt_hypothesis": "burst scan",
        "attack_ref": "DDoS"
      },
      "B": {
        "label": 1,
        "self_conf": 0.2,
        "rationale": "I agree with the tri-view label because the cluster is far from the centroid and in a sparse cluster.",
        "key_features": "dst_ip_freq: high, dns_domain_name_freq: high, duration: high, max_packets_len: high",
        "cluster_novel": "yes",
        "cluster_reason": "sparse cluster",
        "alt_hypothesis": "burst scan",
        "attack_ref": "DDoS"
      },
      "C": {
        "label": 1,
        "self_conf": 0.2,
        "rationale": "Low density of dst_ip_freq and dns_domain_name_freq",
        "key_features": "dst_ip_freq: high, dns_domain_name_freq: low",
        "cluster_novel": "no",
        "cluster_reason": "Low density of features",
        "alt_hypothesis": "Unknown",
        "attack_ref": "Low density of features"
      }
    },
    "R2": {
      "A": {
        "self_conf_before": 0.2,
        "peer_scores": 0.2,
        "critique": "Anomaly detected due to high number of tri-view labels (1) and low density (0.9167).",
        "revise_label": {
          "changed": true,
          "new_label": 1,
          "reason": "Low density of dst_ip_freq and dns_domain_name_freq"
        },
        "self_conf_after": 0.2,
        "clarifying_question": "Why did the peer reviewer suggest changing the label from 1 to 1?"
      },
      "B": {
        "self_conf_before": 0.2,
        "peer_scores": 0.2,
        "critique": "I agree with the tri-view label because the cluster is far from the centroid and in a sparse cluster.",
        "changed": false,
        "new_label": 1,
        "reason": "I have changed my label to 1 because the cluster is far from the centroid and in a sparse cluster.",
        "self_conf_after": 0.2,
        "clarifying_question": "What is the threshold for sparse cluster?"
      },
      "C": {
        "self_conf_before": 0.2,
        "peer_scores": [
          0.2,
          0.2
        ],
        "critique": "I agree with the peers that an anomaly is detected due to the high number of tri-view labels and low density of features. However, my rationale is different. My original rationale was based on the low density of dst_ip_freq and dns_domain_name_freq, which are both high in this case. My revised rationale takes into account the cluster membership and the sparsity of the features, which provides a more comprehensive explanation for the anomaly.",
        "changed": true,
        "new_label": 1,
        "reason": "Revised rationale based on cluster membership and sparsity of features.",
        "self_conf_after": 0.4,
        "clarifying_question": "How can we determine the significance of the cluster membership and sparsity of features in this case?"
      }
    },
    "R3": {
      "A": {
        "need_more_info": true,
        "questions": [
          {
            "label": "Why did the peer reviewer suggest changing the label from 1 to 1?",
            "self_conf": true,
            "rationale": "The peer reviewer suggested changing the label from 1 to 1 because the cluster is far from the centroid and in a sparse cluster. The cluster membership and sparsity of features provide a more comprehensive explanation for the anomaly."
          }
        ]
      },
      "B": {},
      "C": {
        "label": 1,
        "self_conf": 0.2,
        "rationale": "Revised rationale based on cluster membership and sparsity of features.",
        "key_features": "dst_ip_freq: high, dns_domain_name_freq: low",
        "cluster_novel": "no",
        "cluster_reason": "Low density of features",
        "alt_hypothesis": "Unknown",
        "attack_ref": "Low density of features"
      }
    },
    "judge": {
      "final_label": 1,
      "confidence": 0.6,
      "winning_agent": "C",
      "reason": "Agent C's revised rationale, which takes into account both the low density of features and the cluster membership, provides a more comprehensive explanation for the anomaly."
    }
  }
}