{
  "sample_summary": {
    "sample_id": "41-3",
    "tri_view_label": 1,
    "slm_final_vote": 1,
    "confidence": 0.6,
    "referee_label": 1
  },
  "debate_dynamics": {
    "dominant_agent": "A",
    "least_agent": "B"
  },
  "_rounds": {
    "R1": {
      "A": {
        "label": 1,
        "self_conf": 0.2,
        "rationale": "The anomaly detected in the tri-view label is an anomaly with a tri-view label of 1 (anomaly) and confidence of 0.2. The cluster ID is 57, with a size of 1002, density of 5.501151022752444, and a distance of 0.058448816576639966. The time was Weekday (Monday).",
        "key_features": [
          "dst_ip_freq: high",
          "dns_domain_name_freq: -0.7119602307056717"
        ],
        "cluster_novel": "unknown",
        "cluster_reason": "unusual size",
        "alt_hypothesis": "false positive",
        "attack_ref": "unknown"
      },
      "B": {
        "label": 1,
        "self_conf": 0.2,
        "rationale": "I agree with the tri-view label because the cluster ID is 57, which is a known anomaly cluster. The cluster has a high density and is close to the source, which is a strong indication of an attack. The cluster also has a high duration and a high max_packets_len, which are typical features of a DDoS attack. The cluster also has a high dst_ip_freq and a low dns_domain_name_freq, which are typical features of a DNS tunnel attack. Therefore, I think the cluster is an anomaly and I agree with the tri-view label.",
        "key_features": "dst_ip_freq: high, duration: high, max_packets_len: high, cluster_novel: yes, cluster_reason: DDoS, attack_ref: DDoS",
        "cluster_novel": "yes",
        "cluster_reason": "DDoS",
        "alt_hypothesis": "DDoS"
      },
      "C": {
        "label": 1,
        "self_conf": 0.2,
        "rationale": "High packet frequency during weekdays",
        "key_features": "dst_ip_freq: high",
        "cluster_novel": "no",
        "cluster_reason": "Low density",
        "alt_hypothesis": "Possible malware activity",
        "attack_ref": "Malware detected"
      }
    },
    "R2": {
      "A": {
        "self_conf_before": 0.2,
        "peer_scores": 0.2,
        "critique": "The anomaly detected in the tri-view label is an anomaly with a tri-view label of 1 (anomaly) and confidence of 0.2. The cluster ID is 57, with a size of 1002, density of 5.501151022752444, and a distance of 0.058448816576639966. The time was Weekday (Monday).",
        "key_features": [
          "dst_ip_freq: high",
          "dns_domain_name_freq: -0.7119602307056717"
        ],
        "cluster_novel": "unknown",
        "cluster_reason": "unusual size",
        "alt_hypothesis": "false positive",
        "attack_ref": "unknown",
        "rationale": "I agree with the tri-view label because the cluster ID is 57, which is a known anomaly cluster. The cluster has a high density and is close to the source, which is a strong indication of an attack. The cluster also has a high duration and a high max_packets_len, which are typical features of a DDoS attack. The cluster also has a high dst_ip_freq and a low dns_domain_name_freq, which are typical features of a DNS tunnel attack. Therefore, I think the cluster is an anomaly and I agree with the tri-view label.",
        "self_conf_after": 0.2,
        "clarifying_question": "High packet frequency during weekdays"
      },
      "B": {
        "revise_label": {
          "changed": false,
          "new_label": null,
          "reason": ""
        }
      },
      "C": {
        "self_conf_before": 0.2,
        "peer_scores": 0.2,
        "critique": "I agree with the peers that the cluster is an anomaly and that the tri-view label is also an anomaly. The cluster has a high density and is close to the source, which is a strong indication of an attack. The cluster also has a high dst_ip_freq and a low dns_domain_name_freq, which are typical features of a DNS tunnel attack. Therefore, I agree with the peers and keep the label.",
        "changed": false,
        "new_label": 1,
        "reason": "The cluster has a high density and is close to the source, which is a strong indication of an attack. The cluster also has a high dst_ip_freq and a low dns_domain_name_freq, which are typical features of a DNS tunnel attack.",
        "self_conf_after": 0.2,
        "clarifying_question": "Is there any other evidence besides the high density and proximity to the source that suggests an attack?"
      }
    },
    "R3": {
      "A": {},
      "B": {},
      "C": {
        "label": 1,
        "self_conf": 0.2,
        "rationale": "High packet frequency during weekdays",
        "key_features": "dst_ip_freq: high",
        "cluster_novel": "no",
        "cluster_reason": "Low density",
        "alt_hypothesis": "Possible malware activity",
        "attack_ref": "Malware detected"
      }
    },
    "judge": {
      "final_label": 1,
      "confidence": 0.6,
      "winning_agent": "C",
      "reason": "Although all agents agree that the cluster is an anomaly, Agent C's rationale focuses on the high packet frequency during weekdays, which is a clear feature of the anomaly. While the other agents provide valid reasons, their rationale is more general and less specific to this anomaly. Therefore, Agent C's argument is more compelling."
    }
  }
}