{
  "sample_summary": {
    "sample_id": "41-4",
    "tri_view_label": 1,
    "slm_final_vote": 1,
    "confidence": 0.8,
    "referee_label": 1
  },
  "debate_dynamics": {
    "dominant_agent": "A",
    "least_agent": "C"
  },
  "_rounds": {
    "R1": {
      "A": {
        "label": 1,
        "self_conf": 0.2,
        "rationale": "The anomaly detected in the tri-view label is an anomaly with a tri-view label of 1 (anomaly) and confidence of 0.2. The cluster ID is 157, with size of 966, density of 5.36670954881655, and distance of 0.2724575224395073.",
        "key_features": [
          "dst_ip_freq: high",
          "dns_domain_name_freq: -0.7119602307056717"
        ],
        "cluster_novel": "unknown",
        "cluster_reason": "unknown",
        "alt_hypothesis": "burst scan",
        "attack_ref": "DDoS"
      },
      "B": {
        "label": 1,
        "self_conf": 0.2,
        "rationale": "I agree with the tri-view label because the cluster ID is 157, which is a known anomaly cluster. The cluster size is 966, which is larger than the average cluster size of 5.36670954881655. The cluster density is 5.36670954881655, which is also higher than the average cluster density. The cluster is also located in a high-density area, which increases the likelihood of anomalies. The cluster is also located on a weekday, which is a time when there is more network traffic and more opportunities for attacks. Therefore, I agree with the tri-view label and the cluster label.",
        "key_features": "dst_ip_freq: 0.962, dns_domain_name_freq: -0.711, duration: -0.192, max_packets_len: 0.693",
        "cluster_novel": "yes",
        "cluster_reason": "high density",
        "alt_hypothesis": "false positive",
        "attack_ref": "DDoS"
      },
      "C": {
        "label": 1,
        "self_conf": 0.2,
        "rationale": "High packet frequency during weekdays",
        "key_features": "dst_ip_freq: high",
        "cluster_novel": "no",
        "cluster_reason": "Low density",
        "alt_hypothesis": "Possible malware activity",
        "attack_ref": "Malware detected"
      }
    },
    "R2": {
      "A": {
        "self_conf_before": 0.2,
        "peer_scores": 0.2,
        "critique": "The anomaly detected in the tri-view label is an anomaly with a tri-view label of 1 (anomaly) and confidence of 0.2. The cluster ID is 157, with size of 966, density of 5.36670954881655, and distance of 0.2724575224395073. The cluster is also located on a weekday, which is a time when there is more network traffic and more opportunities for attacks. Therefore, I agree with the tri-view label and the cluster label.",
        "revise_label": {
          "changed": true,
          "new_label": 1,
          "reason": "The cluster ID is 157, with size of 966, density of 5.36670954881655, and distance of 0.2724575224395073. The cluster is also located on a weekday, which is a time when there is more network traffic and more opportunities for attacks. Therefore, I agree with the tri-view label and the cluster label."
        },
        "self_conf_after": 0.2,
        "clarifying_question": "Is the cluster ID 157, with size of 966, density of 5.36670954881655, and distance of 0.2724575224395073, a valid anomaly for the tri-view label?"
      },
      "B": {
        "self_conf_before": 0.2,
        "peer_scores": 0.2,
        "critique": "I agree with the tri-view label because the cluster ID is 157, which is a known anomaly cluster. The cluster size is 966, which is larger than the average cluster size of 5.36670954881655. The cluster density is 5.36670954881655, which is also higher than the average cluster density. The cluster is also located in a high-density area, which increases the likelihood of anomalies. The cluster is also located on a weekday, which is a time when there is more network traffic and more opportunities for attacks. Therefore, I agree with the tri-view label and the cluster label.",
        "changed": false,
        "new_label": 1,
        "reason": "I changed my label because I agree with the tri-view label and the cluster label.",
        "self_conf_after": 0.2,
        "clarifying_question": "What is the cluster ID of the anomaly?"
      },
      "C": {
        "self_conf_before": 0.2,
        "peer_scores": [
          0.2,
          0.2
        ],
        "critique": "I agree with the tri-view label because the cluster ID is 157, which is a known anomaly cluster. The cluster size is 966, which is larger than the average cluster size of 5.36670954881655. The cluster density is 5.36670954881655, which is also higher than the average cluster density. The cluster is also located in a high-density area, which increases the likelihood of anomalies. The cluster is also located on a weekday, which is a time when there is more network traffic and more opportunities for attacks.",
        "changed": true,
        "new_label": 1,
        "reason": "I agree with the tri-view label and the cluster label because the cluster ID, size, density, and time of day all suggest an anomaly.",
        "self_conf_after": 0.8,
        "clarifying_question": "Is there any evidence other than the cluster characteristics that could support the tri-view label? For example, are there any other anomalies or unusual network behavior associated with the cluster?"
      }
    },
    "R3": {
      "A": {},
      "B": {},
      "C": {
        "label": 1,
        "self_conf": 0.8,
        "rationale": "I agree with the tri-view label and the cluster label because the cluster ID, size, density, and time of day all suggest an anomaly.",
        "key_features": "dst_ip_freq: high",
        "cluster_novel": "no",
        "cluster_reason": "Low density",
        "alt_hypothesis": "Possible malware activity",
        "attack_ref": "Malware detected"
      }
    },
    "judge": {
      "final_label": 1,
      "confidence": 0.8,
      "winning_agent": "C",
      "reason": "Agent C's confidence level is the highest among the agents, and they provide a clear justification for their agreement with the tri-view label and the cluster label based on the cluster's characteristics and the known anomaly cluster ID."
    }
  }
}