{
  "sample_summary": {
    "sample_id": "41-7",
    "tri_view_label": 1,
    "slm_final_vote": 1,
    "confidence": 0.8,
    "referee_label": 1
  },
  "debate_dynamics": {
    "dominant_agent": "A",
    "least_agent": "C"
  },
  "_rounds": {
    "R1": {
      "A": {},
      "B": {
        "label": 1,
        "self_conf": 0.2,
        "rationale": "I agree with the tri-view label because the cluster ID is 224, which is a known anomaly.",
        "key_features": "dst_ip_freq: high, dns_domain_name_freq: high, duration: high, max_packets_len: high",
        "cluster_novel": "yes",
        "cluster_reason": "high density",
        "alt_hypothesis": "false positive",
        "attack_ref": "DDoS"
      },
      "C": {
        "label": 1,
        "self_conf": 0.2,
        "rationale": "Low density of dst_ip_freq and dns_domain_name_freq",
        "key_features": "dst_ip_freq: high, dns_domain_name_freq: low",
        "cluster_novel": "no",
        "cluster_reason": "Low density of both features suggests a potential attack",
        "alt_hypothesis": "Possible DNS cache poisoning attack",
        "attack_ref": "DNS cache poisoning"
      }
    },
    "R2": {
      "A": {
        "self_conf_before": 0.2,
        "peer_scores": 0.2,
        "critique": "I agree with the tri-view label because the cluster ID is 224, which is a known anomaly.",
        "revise_label": {
          "changed": true,
          "new_label": 1,
          "reason": "Low density of dst_ip_freq and dns_domain_name_freq"
        },
        "self_conf_after": 0.2,
        "clarifying_question": "Why is the label for cluster ID 224 known to be anomalous?"
      },
      "B": {
        "self_conf_before": 0.2,
        "peer_scores": 0.2,
        "critique": "I agree with the tri-view label because the cluster ID is 224, which is a known anomaly.",
        "changed": false,
        "new_label": 1,
        "reason": "I changed my label because the cluster ID is a known anomaly.",
        "self_conf_after": 0.2,
        "clarifying_question": "What is the significance of the cluster ID being 224?"
      },
      "C": {
        "self_conf_before": 0.2,
        "peer_scores": [
          0.2,
          0.8
        ],
        "critique": "I agree with the tri-view label because the cluster ID is 224, which is a known anomaly.",
        "changed": true,
        "new_label": 1,
        "reason": "I changed the label to 1 because the cluster ID suggests an anomaly, which aligns with my rationale.",
        "self_conf_after": 0.8,
        "clarifying_question": "Is the low density of both features a sufficient indication of an attack, or are there other contributing factors to consider?"
      }
    },
    "R3": {
      "A": {},
      "B": {},
      "C": {}
    },
    "judge": {
      "final_label": 1,
      "confidence": 0.8,
      "winning_agent": "C",
      "reason": "Agent C's rationale, 'Low density of both features suggests a potential attack', aligns with the tri-view label and has a higher self-confidence compared to the other agents."
    }
  }
}