{
  "sample_summary": {
    "sample_id": "41-8",
    "tri_view_label": 1,
    "slm_final_vote": 1,
    "confidence": 0.5,
    "referee_label": null
  },
  "debate_dynamics": {
    "dominant_agent": "A",
    "least_agent": "A"
  },
  "_rounds": {
    "R1": {
      "A": {
        "label": 1,
        "self_conf": 0.2,
        "rationale": "The anomaly detected in the tri-view label is an anomaly with a tri-view label of 1 (anomaly) and confidence of 0.2. The cluster ID is 57, with a size of 1002, density of 5.501151022752444, and a distance of 0.18087103691401146.",
        "key_features": [
          "dst_ip_freq: high"
        ],
        "cluster_novel": "yes",
        "cluster_reason": "low density",
        "alt_hypothesis": "burst scan",
        "attack_ref": "DDoS"
      },
      "B": {
        "label": 1,
        "self_conf": 0.2,
        "rationale": "I agree with the tri-view label because the cluster ID is 57, which is a known attack type (DDoS) and the cluster size is 1002, which is larger than the average cluster size of 5.5. The cluster density is 5.501151022752444, which is higher than the average cluster density of 5.5. The cluster is also located in a different time zone (GMT+1) than the rest of the network, which could indicate a shift in the center of the cluster. The cluster duration is -0.19224265274501, which is shorter than the average cluster duration of -0.2. The cluster max_packets_len is 0.6938876922705691, which is higher than the average cluster max_packets_len of 0.5. All these features suggest that the cluster is a DDoS attack, and I agree with the tri-view label."
      },
      "C": {
        "label": 1,
        "self_conf": 0.2,
        "rationale": "High packet frequency during weekdays",
        "key_features": "dst_ip_freq: high",
        "cluster_novel": "no",
        "cluster_reason": "Low density",
        "alt_hypothesis": "Possible malware activity",
        "attack_ref": "Malware scanning"
      }
    },
    "R2": {
      "A": {
        "revise_label": {
          "changed": false,
          "new_label": null,
          "reason": ""
        }
      },
      "B": {
        "revise_label": {
          "changed": false,
          "new_label": null,
          "reason": ""
        }
      },
      "C": {
        "self_conf_before": 0.2,
        "peer_scores": [
          0.2,
          0.2
        ],
        "critique": "I agree with the tri-view label because the cluster ID, density, and distance suggest a DDoS attack. However, the reason provided by peer A is more specific and provides additional context about the cluster's characteristics and behavior.",
        "changed": true,
        "new_label": 1,
        "reason": "The cluster characteristics and behavior suggest a DDoS attack, and the additional context provided by peer A is more specific than the tri-view label.",
        "self_conf_after": 0.8,
        "clarifying_question": "Could the cluster characteristics and behavior be influenced by other factors besides DDoS attacks, such as malware activity or network changes?"
      }
    },
    "R3": {
      "A": {
        "label": 1,
        "self_conf": 0.8,
        "rationale": "The anomaly detected in the tri-view label is an anomaly with a tri-view label of 1 (anomaly) and confidence of 0.8. The cluster ID is 57, with a size of 1002, density of 5.501151022752444, and a distance of 0.18087103691401146.",
        "key_features": [
          "dst_ip_freq: high"
        ],
        "cluster_novel": "yes",
        "cluster_reason": "low density",
        "alt_hypothesis": "burst scan",
        "attack_ref": "DDoS",
        "revise_label": {
          "changed": false,
          "new_label": null,
          "reason": ""
        }
      },
      "B": {},
      "C": {
        "need_more_info": true,
        "questions": [
          "What is the specific reason provided by peer A for the cluster's characteristics and behavior?"
        ]
      }
    },
    "judge": {
      "_raw_output": "{\n  \"final_label\": 1,\n  \"confidence\": 0.8,\n  \"winning_agent\": \"A\",\n  \"reason\": \"Agent A's rationale provides a specific reason for the cluster's characteristics and behavior being indicative of a DDoS attack, which is more detailed than the other agents' rationales. This justification, along with the consensus of a majority label vote, supports the label of anomaly with a confidence of 0.8.\""
    }
  }
}