{
  "sample_summary": {
    "sample_id": "42-1",
    "tri_view_label": 1,
    "slm_final_vote": 1,
    "confidence": 0.9,
    "referee_label": 1
  },
  "debate_dynamics": {
    "dominant_agent": "B",
    "least_agent": "A"
  },
  "_rounds": {
    "R1": {
      "A": {
        "label": 1,
        "self_conf": 0.2,
        "rationale": "The anomaly detected in the tri-view label is an anomaly with a tri-view label of 1 (anomaly) and confidence of 0.2. The cluster ID is 157, with a size of 911, a density of 5.601520379859836, and a distance of 0.11240751013089144.",
        "key_features": [
          "dst_ip_freq: high",
          "dns_domain_name_freq: -0.7119602307056717"
        ],
        "cluster_novel": "unknown",
        "cluster_reason": "unusual size",
        "alt_hypothesis": "false positive",
        "attack_ref": "unknown"
      },
      "B": {
        "label": 1,
        "self_conf": 0.2,
        "rationale": "I agree with the tri-view label because the cluster ID is 157, which is a known anomaly. The cluster has a high density and is close to the source, which is also a sign of an attack. The attack type is unknown, but it could be a DDoS or a DNS tunnel. The key features are the high frequency of the source IP and the low frequency of the destination IP, which indicate a possible spoofing or a denial of service attack."
      },
      "C": {
        "label": 1,
        "self_conf": 0.2,
        "rationale": "High packet frequency during weekdays",
        "key_features": "dst_ip_freq: high",
        "cluster_novel": "no",
        "cluster_reason": "Low density",
        "alt_hypothesis": "Possible malware activity",
        "attack_ref": "Malware detected"
      }
    },
    "R2": {
      "A": {
        "revise_label": {
          "changed": false,
          "new_label": null,
          "reason": ""
        }
      },
      "B": {
        "self_conf_before": 0.2,
        "peer_scores": 0.2,
        "critique": "I agree with the tri-view label because the cluster ID is 157, which is a known anomaly. The cluster has a high density and is close to the source, which is also a sign of an attack. The attack type is unknown, but it could be a DDoS or a DNS tunnel. The key features are the high frequency of the source IP and the low frequency of the destination IP, which indicate a possible spoofing or a denial of service attack."
      },
      "C": {
        "self_conf_before": 0.2,
        "peer_scores": [
          0.2,
          0.2
        ],
        "critique": "I agree with the peers that the anomaly detected in the tri-view label is an anomaly with a tri-view label of 1 (anomaly) and confidence of 0.2. The cluster ID is 157, which is a known anomaly. The cluster has a high density and is close to the source, which is also a sign of an attack. The attack type is unknown, but it could be a DDoS or a DNS tunnel.",
        "changed": true,
        "new_label": 1,
        "reason": "The peers' predictions are consistent with my original rationale that the anomaly is an anomaly with a tri-view label of 1 and confidence of 0.2. The cluster ID and density also support my original assessment.",
        "self_conf_after": 0.8,
        "clarifying_question": "Could the anomaly be caused by a legitimate legitimate source, such as a bot or a legitimate application? How can we determine the source of the anomaly?"
      }
    },
    "R3": {
      "A": {
        "need_more_info": true,
        "questions": [
          {
            "type": "string",
            "label": "What is the source of the anomaly detected in the tri-view label?",
            "required": true,
            "valid_answers": [
              "Legitimate legitimate source",
              "DDoS attack",
              "DNS tunnel"
            ]
          },
          {
            "type": "string",
            "label": "How can we determine the source of the anomaly?",
            "required": true,
            "valid_answers": [
              "By analyzing the tri-view label",
              "By analyzing the cluster ID",
              "By analyzing the cluster's density"
            ]
          }
        ]
      },
      "B": {},
      "C": {
        "label": 1,
        "self_conf": 0.2,
        "rationale": "High packet frequency during weekdays",
        "key_features": "dst_ip_freq: high",
        "cluster_novel": "no",
        "cluster_reason": "Low density",
        "alt_hypothesis": "Possible malware activity",
        "attack_ref": "Malware detected"
      }
    },
    "judge": {
      "final_label": 1,
      "confidence": 0.9,
      "winning_agent": "C",
      "reason": "Agent C's rationale of 'High packet frequency during weekdays' aligns with the tri-view label of an anomaly and the known anomaly with cluster ID 157. While Agents A and B also correctly identified the anomaly, Agent C's rationale provides a clearer explanation and does not require further investigation."
    }
  }
}