{
  "sample_summary": {
    "sample_id": "42-2",
    "tri_view_label": 1,
    "slm_final_vote": 1,
    "confidence": 0.8,
    "referee_label": 1
  },
  "debate_dynamics": {
    "dominant_agent": "A",
    "least_agent": "B"
  },
  "_rounds": {
    "R1": {
      "A": {},
      "B": {
        "label": 1,
        "self_conf": 0.2,
        "rationale": "I agree with the tri-view label because the cluster ID is 36, which is a known anomaly. The cluster size is 827, which is larger than the average cluster size of 5.488. The density is 5.488, which is also larger than the average density of 5.488. The distance is 0.146, which is larger than the average distance of 0.146. The cluster is also on a weekday, which is unusual for this type of attack. The cluster has a high number of packets with a long length, which is a common feature of this type of attack. Therefore, I agree with the tri-view label and the cluster label.",
        "key_features": "dst_ip_freq: high, dns_domain_name_freq: low, duration: long, max_packets_len: high",
        "cluster_novel": "yes",
        "cluster_reason": "high density, large size, long duration",
        "alt_hypothesis": "DDoS attack",
        "attack_ref": "DDoS"
      },
      "C": {
        "label": 1,
        "self_conf": 0.2,
        "rationale": "High packet frequency during weekdays",
        "key_features": "dst_ip_freq: high",
        "cluster_novel": "no",
        "cluster_reason": "Low density",
        "alt_hypothesis": "Possible malware activity",
        "attack_ref": "Malware detected"
      }
    },
    "R2": {
      "A": {
        "self_conf_before": 0.2,
        "peer_scores": 0.2,
        "critique": "High packet frequency during weekdays",
        "revise_label": {
          "changed": true,
          "new_label": 1,
          "reason": "High packet frequency during weekdays"
        },
        "self_conf_after": 0.2,
        "clarifying_question": "Why did the tri-view label and peer responses change from 0 to 1 for the cluster label?"
      },
      "B": {
        "revise_label": {
          "changed": false,
          "new_label": null,
          "reason": ""
        }
      },
      "C": {
        "self_conf_before": 0.2,
        "peer_scores": [
          0.2,
          0.8
        ],
        "critique": "I agree with the tri-view label because the cluster ID is 36, which is a known anomaly. The cluster size is 827, which is larger than the average cluster size of 5.488. The density is 5.488, which is also larger than the average density of 5.488. The distance is 0.146, which is larger than the average distance of 0.146. The cluster is also on a weekday, which is unusual for this type of attack. The cluster has a high number of packets with a long length, which is a common feature of this type of attack. Therefore, I agree with the tri-view label and the cluster label.",
        "changed": true,
        "new_label": 1,
        "reason": "I agree with the tri-view label because the cluster ID and other features suggest an anomaly. However, the cluster size and density are not typical for this type of attack, which may be an outlier case.",
        "self_conf_after": 0.8,
        "clarifying_question": "Is there any other information or context that could support the tri-view label?"
      }
    },
    "R3": {
      "A": {},
      "B": {},
      "C": {}
    },
    "judge": {
      "final_label": 1,
      "confidence": 0.8,
      "winning_agent": "C",
      "reason": "Agent C's revised label and justification, along with the highest average confidence (0.8), make a compelling case for an anomaly (DDoS attack) based on the cluster ID, size, and high packet frequency during weekdays."
    }
  }
}