{
  "sample_summary": {
    "sample_id": "42-3",
    "tri_view_label": 1,
    "slm_final_vote": 1,
    "confidence": 0.6,
    "referee_label": 1
  },
  "debate_dynamics": {
    "dominant_agent": "B",
    "least_agent": "A"
  },
  "_rounds": {
    "R1": {
      "A": {
        "label": 1,
        "self_conf": 0.2,
        "rationale": "The anomaly detected in the tri-view label is an anomaly with a tri-view label of 1 (anomaly) and confidence of 0.2. The cluster ID is 157, with a size of 911, a density of 5.601520379859836, and a distance of 0.3255975604219313.",
        "key_features": [
          "dst_ip_freq: high",
          "dns_domain_name_freq: -0.7119602307056717"
        ],
        "cluster_novel": "unknown",
        "cluster_reason": "unusual size",
        "alt_hypothesis": "false positive",
        "attack_ref": "DDoS"
      },
      "B": {
        "label": 1,
        "self_conf": 0.2,
        "rationale": "I agree with the tri-view label because the cluster ID is 157, which is a known anomaly. The cluster has a high density and is close to the source, which is also a red flag. The attack type is unknown, but it could be a DDoS attack. The key features are: dst_ip_freq: high, dns_domain_name_freq: low, duration: short, max_packets_len: high. The cluster is novel because it is not part of any known attack pattern.",
        "key_features": "dst_ip_freq: high, dns_domain_name_freq: low, duration: short, max_packets_len: high",
        "cluster_novel": "yes",
        "cluster_reason": "high density, close to source",
        "alt_hypothesis": "DDoS attack",
        "attack_ref": "unknown"
      },
      "C": {
        "label": 1,
        "self_conf": 0.2,
        "rationale": "High packet frequency during weekdays",
        "key_features": "dst_ip_freq: high",
        "cluster_novel": "no",
        "cluster_reason": "Low density",
        "alt_hypothesis": "Possible malware activity",
        "attack_ref": "Malware detected"
      }
    },
    "R2": {
      "A": {
        "revise_label": {
          "changed": false,
          "new_label": null,
          "reason": ""
        }
      },
      "B": {
        "self_conf_before": 0.2,
        "peer_scores": 0.2,
        "critique": "I agree with the tri-view label because the cluster ID is 157, which is a known anomaly. The cluster has a high density and is close to the source, which is also a red flag. The attack type is unknown, but it could be a DDoS attack. The key features are: dst_ip_freq: high, dns_domain_name_freq: low, duration: short, max_packets_len: high. The cluster is novel because it is not part of any known attack pattern.",
        "changed": false,
        "new_label": 1,
        "reason": "I changed my label because the cluster is novel and has high density and close to source, which are red flags.",
        "self_conf_after": 0.2,
        "clarifying_question": "What is the attack type?"
      },
      "C": {
        "self_conf_before": 0.2,
        "peer_scores": [
          0.2,
          0.2
        ],
        "critique": "I agree with the peers that the anomaly detected in the tri-view label is an anomaly with a tri-view label of 1 and confidence of 0.2. However, I have a different rationale based on the cluster characteristics and the alternative hypothesis.",
        "changed": true,
        "new_label": 1,
        "reason": "The cluster has a high density and is close to the source, which is also a red flag. Additionally, the alternative hypothesis suggests that the attack could be a DDoS attack, which aligns with the observed behavior.",
        "self_conf_after": 0.4,
        "clarifying_question": "Could the observed behavior be explained by a combination of the cluster characteristics and the alternative hypothesis?"
      }
    },
    "R3": {
      "A": {},
      "B": {},
      "C": {
        "label": 1,
        "self_conf": 0.2,
        "rationale": "High packet frequency during weekdays",
        "key_features": "dst_ip_freq: high",
        "cluster_novel": "no",
        "cluster_reason": "Low density",
        "alt_hypothesis": "Possible malware activity",
        "attack_ref": "Malware detected"
      }
    },
    "judge": {
      "final_label": 1,
      "confidence": 0.6,
      "winning_agent": "C",
      "reason": "Agent C's label and confidence remain consistent throughout the debate, and their rationale of high packet frequency during weekdays aligns with the cluster characteristics. While Agents A and B also support the anomaly label, their rationales are not as definitive as Agent C's."
    }
  }
}