{
  "sample_summary": {
    "sample_id": "42-5",
    "tri_view_label": 1,
    "slm_final_vote": 1,
    "confidence": 0.9,
    "referee_label": 1
  },
  "debate_dynamics": {
    "dominant_agent": "A",
    "least_agent": "B"
  },
  "_rounds": {
    "R1": {
      "A": {},
      "B": {
        "label": 1,
        "self_conf": 0.2,
        "rationale": "I agree with the tri-view label because the cluster ID is 36, which is a known anomaly cluster. The cluster has a high density and is located on a Monday, which is a common day for attacks. The cluster also has a high duration and a high max_packets_len, which are typical features of a DDoS attack. The cluster also has a high dst_ip_freq and a low dns_domain_name_freq, which are typical features of a DNS tunnel attack. Therefore, I think the cluster is an anomaly and I agree with the tri-view label.",
        "key_features": "dst_ip_freq: high, dns_domain_name_freq: low, duration: high, max_packets_len: high, cluster_novel: yes, cluster_reason: low density, attack_ref: DDoS"
      },
      "C": {
        "label": 1,
        "self_conf": 0.2,
        "rationale": "High packet frequency during weekdays",
        "key_features": "dst_ip_freq: high",
        "cluster_novel": "no",
        "cluster_reason": "Low density",
        "alt_hypothesis": "Possible malware activity",
        "attack_ref": "Malware detected"
      }
    },
    "R2": {
      "A": {
        "self_conf_before": 0.2,
        "peer_scores": 0.2,
        "critique": "High packet frequency during weekdays",
        "revise_label": {
          "changed": true,
          "new_label": 1,
          "reason": "High packet frequency during weekdays"
        },
        "self_conf_after": 0.2,
        "clarifying_question": "What is the significance of the peer responses regarding the label change for this case?"
      },
      "B": {
        "revise_label": {
          "changed": false,
          "new_label": null,
          "reason": ""
        }
      },
      "C": {
        "self_conf_before": 0.2,
        "peer_scores": [
          0.2,
          0.8
        ],
        "critique": "I agree with the tri-view label because the cluster ID is 36, which is a known anomaly cluster. The cluster has a high density and is located on a Monday, which is a common day for attacks. The cluster also has a high duration and a high max_packets_len, which are typical features of a DDoS attack. The cluster also has a high dst_ip_freq and a low dns_domain_name_freq, which are typical features of a DNS tunnel attack. Therefore, I think the cluster is an anomaly and I agree with the tri-view label.",
        "changed": true,
        "new_label": 1,
        "reason": "I have more confidence in the tri-view label than my original rationale because the cluster has more specific characteristics that are associated with DDoS and DNS tunnel attacks.",
        "self_conf_after": 0.8,
        "clarifying_question": "Is there any other evidence besides the cluster ID and features that suggests a DDoS or DNS tunnel attack?"
      }
    },
    "R3": {
      "A": {},
      "B": {},
      "C": {}
    },
    "judge": {
      "final_label": 1,
      "confidence": 0.9,
      "winning_agent": "C",
      "reason": "Agent C's revised label is based on both the tri-view label and their own rationale, and they have the highest confidence in the anomaly label after considering peer responses. Agent C's rationale emphasizes the high packet frequency during weekdays, which is a significant feature for anomaly detection. Although Agent B also supports the anomaly label, their rationale is more specific to DDoS and DNS tunnel attacks, while Agent C's rationale is more general and applicable to various types of anomalies."
    }
  }
}