{
  "sample_summary": {
    "sample_id": "42-6",
    "tri_view_label": 1,
    "slm_final_vote": 1,
    "confidence": 0.4,
    "referee_label": 1
  },
  "debate_dynamics": {
    "dominant_agent": "C",
    "least_agent": "A"
  },
  "_rounds": {
    "R1": {
      "A": {
        "label": 1,
        "self_conf": 0.2,
        "rationale": "The anomaly detected in the tri-view label is an anomaly with a tri-view label of 1 (anomaly) and confidence of 0.2. The cluster ID is 57, with a size of 900, density of 5.495573173788041, and a distance of 0.3474376880999276.",
        "key_features": [
          "dst_ip_freq: high",
          "dns_domain_name_freq: -0.7119602307056717"
        ],
        "cluster_novel": "unknown",
        "cluster_reason": "unknown",
        "alt_hypothesis": "burst scan",
        "attack_ref": "DDoS"
      },
      "B": {
        "label": 1,
        "self_conf": 0.2,
        "rationale": "I agree with the tri-view label because the cluster ID is 57, and the cluster size is 900, which is larger than the average cluster size of 5.495573173..., and the density is 5.495573173..., which is also larger than the average density of 5.495573173..., and the distance is 0.347437688..., which is also larger than the average distance of 5.495573173..., so I think this cluster is an anomaly.",
        "key_features": "dst_ip_freq: 0.9627162748000327, dns_domain_name_freq: -0.711960230705671, duration: -0.19224265274501, max_packets_len: 0.6938876922705691",
        "cluster_novel": "yes",
        "cluster_reason": "low density",
        "alt_hypothesis": "burst scan",
        "attack_ref": "DDoS"
      },
      "C": {
        "label": 1,
        "self_conf": 0.2,
        "rationale": "High packet frequency during weekdays",
        "key_features": "dst_ip_freq: high",
        "cluster_novel": "no",
        "cluster_reason": "Low density",
        "alt_hypothesis": "Possible malware activity",
        "attack_ref": "Malware scanning"
      }
    },
    "R2": {
      "A": {
        "revise_label": {
          "changed": false,
          "new_label": null,
          "reason": ""
        }
      },
      "B": {
        "revise_label": {
          "changed": false,
          "new_label": null,
          "reason": ""
        }
      },
      "C": {
        "self_conf_before": 0.2,
        "peer_scores": 0.2,
        "critique": "I agree with the peers that the cluster ID is 57 and the cluster size is 900, density is 5.495573173..., and distance is 0.347437688..., which suggests an anomaly. However, my rationale based on the tri-view label and the alternative hypothesis suggests that the cluster might be a legitimate artifact due to the high packet frequency during weekdays. Further analysis might be needed to confirm the anomaly.",
        "changed": false,
        "new_label": 1,
        "reason": "I cannot definitively determine the anomaly based on the provided information, but I agree with the peers that further analysis might be needed to confirm the cluster's significance.",
        "self_conf_after": 0.4,
        "clarifying_question": "Could there be other factors contributing to the high packet frequency during weekdays besides the cluster ID and size?"
      }
    },
    "R3": {
      "A": {
        "label": 1,
        "self_conf": 0.4,
        "rationale": "The anomaly detected in the tri-view label is an anomaly with a tri-view label of 1 (anomaly) and confidence of 0.4. The cluster ID is 57, with a size of 900, density of 5.495573173788041, and a distance of 0.3474376880999276.",
        "key_features": [
          "dst_ip_freq: high",
          "dns_domain_name_freq: -0.7119602307056717"
        ],
        "cluster_novel": "unknown",
        "cluster_reason": "unknown",
        "alt_hypothesis": "burst scan",
        "attack_ref": "DDoS",
        "revise_label": {
          "changed": false,
          "new_label": null,
          "reason": ""
        }
      },
      "B": {},
      "C": {
        "label": 1,
        "self_conf": 0.2,
        "rationale": "High packet frequency during weekdays",
        "key_features": "dst_ip_freq: high",
        "cluster_novel": "no",
        "cluster_reason": "Low density",
        "alt_hypothesis": "Possible malware activity",
        "attack_ref": "Malware scanning"
      }
    },
    "judge": {
      "final_label": 1,
      "confidence": 0.4,
      "winning_agent": "A",
      "reason": "Agent A's rationale, which includes the tri-view label and key features, provides a more comprehensive justification for the anomaly label compared to the other agents. While Agent C's rationale is also valid, it does not provide as much detail as Agent A's."
    }
  }
}