{
  "sample_summary": {
    "sample_id": "42-7",
    "tri_view_label": 1,
    "slm_final_vote": 1,
    "confidence": 0.6,
    "referee_label": 1
  },
  "debate_dynamics": {
    "dominant_agent": "A",
    "least_agent": "C"
  },
  "_rounds": {
    "R1": {
      "A": {
        "label": 1,
        "self_conf": 0.2,
        "rationale": "Anomaly detected in cluster ID 7, size: 24, density: 0.8734069284364293, dist: 1.55254691141277",
        "key_features": [
          "dst_ip_freq: -3.04368999321923",
          "dns_domain_name_freq: 1.4045859516912094"
        ],
        "cluster_novel": "no",
        "cluster_reason": "unknown",
        "alt_hypothesis": "burst scan",
        "attack_ref": "DDoS"
      },
      "B": {
        "label": 1,
        "self_conf": 0.2,
        "rationale": "I agree with the tri-view label because the sample is far from the cluster centroid and in a sparse cluster.",
        "key_features": "dst_ip_freq: high, dns_domain_name_freq: high, duration: high, max_packets_len: high",
        "cluster_novel": "yes",
        "cluster_reason": "sparse cluster",
        "alt_hypothesis": "false positive",
        "attack_ref": "unknown"
      },
      "C": {
        "label": 1,
        "self_conf": 0.2,
        "rationale": "Low density of dst_ip_freq and dns_domain_name_freq suggest a potential outlier",
        "key_features": "dst_ip_freq: high, dns_domain_name_freq: high",
        "cluster_novel": "no",
        "cluster_reason": "Low density of features suggests a potential outlier",
        "alt_hypothesis": "Possible malicious activity based on outlier behavior",
        "attack_ref": "Anomaly detected based on low density of features"
      }
    },
    "R2": {
      "A": {
        "self_conf_before": 0.2,
        "peer_scores": 0.2,
        "critique": "Anomaly detected in cluster ID 7, size: 24, density: 0.8734069284364293, dist: 1.55254691141277",
        "revise_label": {
          "changed": true,
          "new_label": 1,
          "reason": "Low density of dst_ip_freq and dns_domain_name_freq suggest a potential outlier"
        },
        "self_conf_after": 0.2,
        "clarifying_question": "What is the potential outlier suggested by the peer responses, and how does it affect the labeling decision?"
      },
      "B": {
        "self_conf_before": 0.2,
        "peer_scores": 0.2,
        "critique": "I agree with the tri-view label because the sample is far from the cluster centroid and in a sparse cluster.",
        "changed": false,
        "new_label": 1,
        "reason": "I have changed my label to 1 because the sample is far from the cluster centroid and in a sparse cluster.",
        "self_conf_after": 0.2,
        "clarifying_question": "What is the threshold for sparse cluster?"
      },
      "C": {
        "self_conf_before": 0.2,
        "peer_scores": [
          0.2,
          0.2
        ],
        "critique": "I agree with the peers that the sample is an outlier based on its distance to the cluster centroid and sparse distribution in the feature space.",
        "changed": true,
        "new_label": 1,
        "reason": "I believe the sample exhibits characteristics of an outlier based on the low density of features and its distance to the cluster centroid.",
        "self_conf_after": 0.4,
        "clarifying_question": "Could the outlier be caused by a legitimate but rare event, such as a malicious actor exploiting a temporary outlier opportunity?"
      }
    },
    "R3": {
      "A": {},
      "B": {},
      "C": {
        "label": 1,
        "self_conf": 0.4,
        "rationale": "I believe the sample exhibits characteristics of an outlier based on the low density of features and its distance to the cluster centroid.",
        "key_features": "dst_ip_freq: high, dns_domain_name_freq: high",
        "cluster_novel": "no",
        "cluster_reason": "Low density of features suggests a potential outlier",
        "alt_hypothesis": "Possible malicious activity based on outlier behavior",
        "attack_ref": "Anomaly detected based on low density of features"
      }
    },
    "judge": {
      "final_label": 1,
      "confidence": 0.6,
      "winning_agent": "C",
      "reason": "Agent C's label and confidence have consistently been higher than the others, and the rationale provided justifies the detection of an outlier based on the low density of features and its distance to the cluster centroid."
    }
  }
}