{
  "sample_summary": {
    "sample_id": "43-1",
    "tri_view_label": 1,
    "slm_final_vote": 1,
    "confidence": 0.6,
    "referee_label": 1
  },
  "debate_dynamics": {
    "dominant_agent": "A",
    "least_agent": "B"
  },
  "_rounds": {
    "R1": {
      "A": {
        "label": 1,
        "self_conf": 0.2,
        "rationale": "The anomaly detected in the tri-view label is an anomaly with a size of 457 and a density of 3.489450674462485. The cluster ID is 17, and the time is Weekday (Monday).",
        "key_features": [
          "dst_ip_freq: high",
          "dns_domain_name_freq: low"
        ],
        "cluster_novel": "unknown",
        "cluster_reason": "unknown",
        "alt_hypothesis": "burst scan",
        "attack_ref": "DDoS"
      },
      "B": {
        "label": 1,
        "self_conf": 0.2,
        "rationale": "I agree with the tri-view label because the cluster ID is 17, which is a known anomaly cluster. The cluster size is 457, which is larger than the average cluster size of 300. The cluster density is 3.489450674462485, which is higher than the average cluster density of 2. The cluster distance is 0.07618125412147612, which is closer than the average cluster distance of 0.1. The cluster time is Monday, which is a weekday and not a weekend. Therefore, I think this is an anomaly.",
        "key_features": "dst_ip_freq: -0.318360616985454, dns_domain_name_freq: 1.404585951691209, duration: -0.191955340970905, max_packets_len: -0.7403716212088873",
        "cluster_novel": "yes",
        "cluster_reason": "larger size, higher density, closer distance, weekday",
        "alt_hypothesis": "DDoS",
        "attack_ref": "DDoS"
      },
      "C": {
        "label": 1,
        "self_conf": 0.2,
        "rationale": "Low packet density on Monday",
        "key_features": "dst_ip_freq: high",
        "cluster_novel": "no",
        "cluster_reason": "Low density",
        "alt_hypothesis": "Possibly malicious activity",
        "attack_ref": "Low density attack"
      }
    },
    "R2": {
      "A": {
        "self_conf_before": 0.2,
        "peer_scores": 0.2,
        "critique": "The anomaly detected in the tri-view label is an anomaly with a size of 457 and a density of 3.489450674462485. The cluster ID is 17, and the time is Weekday (Monday).",
        "revise_label": {
          "changed": true,
          "new_label": 1,
          "reason": "Low packet density on Monday"
        },
        "self_conf_after": 0.2,
        "clarifying_question": "Why is the packet density on Monday considered low for this anomaly?"
      },
      "B": {
        "revise_label": {
          "changed": false,
          "new_label": null,
          "reason": ""
        }
      },
      "C": {
        "self_conf_before": 0.2,
        "peer_scores": [
          0.2,
          0.2
        ],
        "critique": "I agree with the tri-view label because the cluster ID is 17, which is a known anomaly cluster. The cluster size is 457, which is larger than the average cluster size of 300. The cluster density is 3.489450674462485, which is higher than the average cluster density of 2. The cluster distance is 0.07618125412147612, which is closer than the average cluster distance of 0.1. The cluster time is Monday, which is a weekday and not a weekend. Therefore, I think this is an anomaly.",
        "changed": true,
        "new_label": 1,
        "reason": "I agree with the tri-view label because the cluster characteristics suggest an anomaly.",
        "self_conf_after": 0.4,
        "clarifying_question": "Is the cluster size distribution (higher than average) statistically significant? How can we determine the significance threshold for this metric?"
      }
    },
    "R3": {
      "A": {},
      "B": {},
      "C": {
        "label": 1,
        "self_conf": 0.2,
        "rationale": "Low packet density on Monday",
        "key_features": "dst_ip_freq: high",
        "cluster_novel": "no",
        "cluster_reason": "Low density",
        "alt_hypothesis": "Possibly malicious activity",
        "attack_ref": "Low density attack"
      }
    },
    "judge": {
      "final_label": 1,
      "confidence": 0.6,
      "winning_agent": "C",
      "reason": "Agent C's label remains consistent throughout the debate, and while Agents A and B provide valuable insights, their labels were revised based on new information. Agent C's initial label was also in agreement with the tri-view label and the known anomaly cluster. Therefore, Agent C's label is considered the winning one."
    }
  }
}