{
  "sample_summary": {
    "sample_id": "43-3",
    "tri_view_label": 1,
    "slm_final_vote": 1,
    "confidence": 0.2,
    "referee_label": 1
  },
  "debate_dynamics": {
    "dominant_agent": "A",
    "least_agent": "B"
  },
  "_rounds": {
    "R1": {
      "A": {
        "label": 1,
        "self_conf": 0.2,
        "rationale": "The anomaly detected in the tri-view label is an anomaly with a tri-view label of 1 (anomaly) and confidence of 0.2. The cluster ID is 36, with a size of 379, a density of 6.049967424240803, and a distance of 0.3402690268712649.",
        "key_features": [
          "dst_ip_freq: high",
          "dns_domain_name_freq: -0.7119602307056717"
        ],
        "cluster_novel": "unknown",
        "cluster_reason": "unknown",
        "alt_hypothesis": "burst scan",
        "attack_ref": "DDoS"
      },
      "B": {
        "label": 1,
        "self_conf": 0.2,
        "rationale": "I agree with the tri-view label because the cluster ID is 36, which is a known anomaly.",
        "key_features": "dst_ip_freq: 0.962, dns_domain_name_freq: -0.711, duration: -0.192, max_packets_len: 0.693",
        "cluster_novel": "no",
        "cluster_reason": "low density",
        "alt_hypothesis": "false positive",
        "attack_ref": "DDoS"
      },
      "C": {
        "label": 1,
        "self_conf": 0.2,
        "rationale": "High packet frequency during weekdays",
        "key_features": "dst_ip_freq: high",
        "cluster_novel": "no",
        "cluster_reason": "Low density",
        "alt_hypothesis": "Possible malware activity",
        "attack_ref": "Malware scanning"
      }
    },
    "R2": {
      "A": {
        "self_conf_before": 0.2,
        "peer_scores": 0.2,
        "critique": "The anomaly detected in the tri-view label is an anomaly with a tri-view label of 1 (anomaly) and confidence of 0.2. The cluster ID is 36, with a size of 379, a density of 6.049967424240803, and a distance of 0.3402690268712649.",
        "revise_label": {
          "changed": false,
          "new_label": 1,
          "reason": "The cluster ID is 36, with a size of 379, a density of 6.049967424240803, and a distance of 0.3402690268712649."
        },
        "self_conf_after": 0.2,
        "clarifying_question": "What is the cluster ID of the anomaly detected in the tri-view label, and how does it contribute to the anomaly's detection?"
      },
      "B": {
        "revise_label": {
          "changed": false,
          "new_label": null,
          "reason": ""
        }
      },
      "C": {
        "self_conf_before": 0.2,
        "peer_scores": [
          0.2,
          0.2
        ],
        "critique": "My rationale agrees with the peers' label of 1, but I have a lower confidence score (0.2 compared to 0.2). This could be due to the smaller size of the cluster (379 compared to the original estimate). Additionally, the density and distance values suggest a less significant anomaly compared to the original label.",
        "changed": false,
        "new_label": 1,
        "reason": "I have a lower confidence score, which could be due to the smaller cluster size and the less significant anomaly compared to the original label.",
        "self_conf_after": 0.2,
        "clarifying_question": "Could the cluster size and density values be misleading? Are there any other factors that could contribute to the observed anomaly?"
      }
    },
    "R3": {
      "A": {},
      "B": {},
      "C": {
        "label": 1,
        "self_conf": 0.2,
        "rationale": "High packet frequency during weekdays",
        "key_features": "dst_ip_freq: high",
        "cluster_novel": "no",
        "cluster_reason": "Low density",
        "alt_hypothesis": "Possible malware activity",
        "attack_ref": "Malware scanning"
      }
    },
    "judge": {
      "final_label": 1,
      "confidence": 0.2,
      "winning_agent": "C",
      "reason": "Agent C's rationale of 'High packet frequency during weekdays' aligns with the anomaly detection, and although their confidence is the same as the others, their rationale is more specific and clear."
    }
  }
}