{
  "sample_summary": {
    "sample_id": "43-4",
    "tri_view_label": 1,
    "slm_final_vote": 1,
    "confidence": 0.6,
    "referee_label": 1
  },
  "debate_dynamics": {
    "dominant_agent": "A",
    "least_agent": "B"
  },
  "_rounds": {
    "R1": {
      "A": {
        "label": 1,
        "self_conf": 0.2,
        "rationale": "The anomaly detected in the tri-view label is an anomaly with a tri-view label of 1 (anomaly) and confidence of 0.2. The cluster ID is 157, with a size of 388, a density of 5.583944755872989, and a distance of 0.3299020764947999.",
        "key_features": [
          "dst_ip_freq: high",
          "dns_domain_name_freq: -0.7119602307056717"
        ],
        "cluster_novel": "no",
        "cluster_reason": "unknown",
        "alt_hypothesis": "burst scan",
        "attack_ref": "DDoS"
      },
      "B": {
        "label": 1,
        "self_conf": 0.2,
        "rationale": "I agree with the tri-view label because the cluster ID is 157, which is a known attack type (DDoS) and the cluster size is 388, which is larger than the average cluster size of 5.5834475588. The cluster density is 5.5834475588, which is also higher than the average cluster density of 5.5834475588. The cluster is also located in the same time zone as the tri-view label, which is Monday. Therefore, I think this is a valid anomaly.",
        "key_features": "dst_ip_freq: 0.962, dns_domain_name_freq: -0.711, duration: -0.192, max_packets_len: 0.693",
        "cluster_novel": "yes",
        "cluster_reason": "larger than average cluster size and density, in the same time zone as the tri-view label",
        "alt_hypothesis": "DDoS",
        "attack_ref": "DDoS"
      },
      "C": {
        "label": 1,
        "self_conf": 0.2,
        "rationale": "High packet frequency during weekdays",
        "key_features": "dst_ip_freq: high",
        "cluster_novel": "no",
        "cluster_reason": "Low density",
        "alt_hypothesis": "Possible malware activity",
        "attack_ref": "Malware detected"
      }
    },
    "R2": {
      "A": {
        "self_conf_before": 0.2,
        "peer_scores": 0.2,
        "critique": "I agree with the tri-view label because the cluster ID is 157, which is a known attack type (DDoS) and the cluster size is 388, which is larger than the average cluster size of 5.5834475588. The cluster density is 5.5834475588, which is also higher than the average cluster density of 5.5834475588. The cluster is also located in the same time zone as the tri-view label, which is Monday. Therefore, I think this is a valid anomaly.",
        "revise_label": {
          "changed": true,
          "new_label": 1,
          "reason": "High packet frequency during weekdays"
        },
        "self_conf_after": 0.2,
        "clarifying_question": "Why do you think this is a valid anomaly?"
      },
      "B": {
        "revise_label": {
          "changed": false,
          "new_label": null,
          "reason": ""
        }
      },
      "C": {
        "self_conf_before": 0.2,
        "peer_scores": 0.2,
        "critique": "I agree with the peers that the anomaly detected in the tri-view label is an anomaly with a tri-view label of 1 (anomaly) and confidence of 0.2. The cluster ID is 157, which is a known attack type (DDoS) and the cluster size is 388, which is larger than the average cluster size of 5.5834475588. The cluster density is 5.5834475588, which is also higher than the average cluster density of 5.5834475588. The cluster is also located in the same time zone as the tri-view label, which is Monday. Therefore, I think this is a valid anomaly.",
        "changed": false,
        "new_label": 1,
        "reason": "I agree with the peers that the anomaly detected in the tri-view label is an anomaly with a tri-view label of 1 (anomaly) and confidence of 0.2. The cluster ID is 157, which is a known attack type (DDoS) and the cluster size is 388, which is larger than the average cluster size of 5.5834475588. The cluster density is 5.5834475588, which is also higher than the average cluster density of 5.5834475588. The cluster is also located in the same time zone as the tri-view label, which is Monday. Therefore, I think this is a valid anomaly.",
        "self_conf_after": 0.2,
        "clarifying_question": "Is there any other information or context that could be relevant to understanding this anomaly?"
      }
    },
    "R3": {
      "A": {},
      "B": {
        "need_more_info": false,
        "questions": []
      },
      "C": {
        "label": 1,
        "self_conf": 0.2,
        "rationale": "High packet frequency during weekdays",
        "key_features": "dst_ip_freq: high",
        "cluster_novel": "no",
        "cluster_reason": "Low density",
        "alt_hypothesis": "Possible malware activity",
        "attack_ref": "Malware detected"
      }
    },
    "judge": {
      "final_label": 1,
      "confidence": 0.6,
      "winning_agent": "A",
      "reason": "Agent A's revised label is consistent with the tri-view label and the majority vote. The anomaly is identified as a DDoS attack based on the known attack type, larger than average cluster size, higher than average cluster density, and the same time zone as the tri-view label. Agent A's rationale also aligns with the peers' critiques."
    }
  }
}