{
  "sample_summary": {
    "sample_id": "43-5",
    "tri_view_label": 1,
    "slm_final_vote": 1,
    "confidence": 0.8,
    "referee_label": 1
  },
  "debate_dynamics": {
    "dominant_agent": "A",
    "least_agent": "C"
  },
  "_rounds": {
    "R1": {
      "A": {
        "label": 1,
        "self_conf": 0.2,
        "rationale": "The anomaly detected in the tri-view label is an anomaly with a size of 369 and a density of 3.8254139895210293. The cluster ID is 185, and the time is Weekday (Monday).",
        "key_features": [
          "dst_ip_freq: high",
          "dns_domain_name_freq: 1.4045859516912094"
        ],
        "cluster_novel": "yes",
        "cluster_reason": "low density",
        "alt_hypothesis": "burst scan",
        "attack_ref": "DDoS"
      },
      "B": {
        "label": 1,
        "self_conf": 0.2,
        "rationale": "I agree with the tri-view label because the cluster ID is 185, which is a known anomaly cluster. The cluster has a high density and is close to the source IP, which is a strong indication of an attack.",
        "key_features": "dst_ip_freq: high, dns_domain_name_freq: high, duration: high, max_packets_len: high",
        "cluster_novel": "yes",
        "cluster_reason": "high density",
        "alt_hypothesis": "DDoS attack",
        "attack_ref": "DDoS"
      },
      "C": {
        "label": 1,
        "self_conf": 0.2,
        "rationale": "Low density of dst_ip_freq and dns_domain_name_freq",
        "key_features": "dst_ip_freq: high, dns_domain_name_freq: low",
        "cluster_novel": "no",
        "cluster_reason": "Low density of both features suggests a potential attack",
        "alt_hypothesis": "Possible DNS cache poisoning attack",
        "attack_ref": "DNS cache poisoning"
      }
    },
    "R2": {
      "A": {
        "self_conf_before": 0.2,
        "peer_scores": 0.2,
        "critique": "The anomaly detected in the tri-view label is an anomaly with a size of 369 and a density of 3.8254139895210293. The cluster ID is 185, and the time is Weekday (Monday).",
        "revise_label": {
          "changed": true,
          "new_label": 1,
          "reason": "The peer predictions suggest that the anomaly detected in the tri-view label is an attack, rather than a normal anomaly. Therefore, we revise the label to 1."
        },
        "self_conf_after": 0.2,
        "clarifying_question": "Why did the peer predictions suggest an attack instead of a normal anomaly?"
      },
      "B": {
        "self_conf_before": 0.2,
        "peer_scores": 0.2,
        "critique": "I agree with the tri-view label because the cluster ID is 185, which is a known anomaly cluster. The cluster has a high density and is close to the source IP, which is a strong indication of an attack.",
        "changed": true,
        "new_label": 1,
        "reason": "The cluster ID is 185, which is a known anomaly cluster. The cluster has a high density and is close to the source IP, which is a strong indication of an attack.",
        "self_conf_after": 0.2,
        "clarifying_question": "What is the cluster ID of the anomaly?"
      },
      "C": {
        "self_conf_before": 0.2,
        "peer_scores": [
          0.2,
          0.2
        ],
        "critique": "I agree with the tri-view label because the cluster ID is 185, which is a known anomaly cluster. The cluster has a high density and is close to the source IP, which is a strong indication of an attack.",
        "changed": true,
        "new_label": 1,
        "reason": "I changed the label to 1 because the new label has a higher confidence and is more consistent with the tri-view label.",
        "self_conf_after": 0.8,
        "clarifying_question": "Is the high density of both features a typical characteristic of DNS cache poisoning attacks?"
      }
    },
    "R3": {
      "A": {},
      "B": {
        "label": 1,
        "self_conf": 0.8,
        "rationale": "I agree with the tri-view label because the cluster ID is 185, which is a known anomaly cluster. The cluster has a high density and is close to the source IP, which is a strong indication of an attack.",
        "key_features": "dst_ip_freq: high, dns_domain_name_freq: high, duration: high, max_packets_len: high",
        "cluster_novel": "yes",
        "cluster_reason": "high density",
        "alt_hypothesis": "DDoS attack",
        "attack_ref": "DDoS",
        "self_conf_before": 0.2,
        "peer_scores": 0.2,
        "critique": "I agree with the tri-view label because the cluster ID is 185, which is a known anomaly cluster. The cluster has a high density and is close to the source IP, which is a strong indication of an attack.",
        "changed": true,
        "new_label": 1,
        "reason": "The cluster ID is 185, which is a known anomaly cluster. The cluster has a high density and is close to the source IP, which is a strong indication of an attack.",
        "self_conf_after": 0.2,
        "clarifying_question": "Why did the peer predictions suggest an attack instead of a normal anomaly?"
      },
      "C": {
        "label": 1,
        "self_conf": 0.8,
        "rationale": "I changed the label to 1 because the new label has a higher confidence and is more consistent with the tri-view label.",
        "key_features": "dst_ip_freq: high, dns_domain_name_freq: low",
        "cluster_novel": "no",
        "cluster_reason": "I changed the label to 1 because the new label has a higher confidence and is more consistent with the tri-view label.",
        "alt_hypothesis": "Possible DNS cache poisoning attack",
        "attack_ref": "DNS cache poisoning"
      }
    },
    "judge": {
      "final_label": 1,
      "confidence": 0.8,
      "winning_agent": "B",
      "reason": "Agent B's rationale is the most compelling, as they provide a clear justification for the anomaly being an attack based on the high density of the cluster and its proximity to the source IP. Both Agent A and C's rationales are less definitive and do not provide as strong a case for their labels."
    }
  }
}