{
  "sample_summary": {
    "sample_id": "43-6",
    "tri_view_label": 1,
    "slm_final_vote": 1,
    "confidence": 0.8,
    "referee_label": 1
  },
  "debate_dynamics": {
    "dominant_agent": "A",
    "least_agent": "C"
  },
  "_rounds": {
    "R1": {
      "A": {
        "label": 1,
        "self_conf": 0.2,
        "rationale": "The anomaly detected in the tri-view label is an anomaly with a size of 388 and a density of 5.583944755872989. The cluster ID is 157, and the time is Weekday (Monday).",
        "key_features": [
          "dst_ip_freq: high",
          "dns_domain_name_freq: -0.7119602307056717"
        ],
        "cluster_novel": "unknown",
        "cluster_reason": "unknown",
        "alt_hypothesis": "burst scan",
        "attack_ref": "DDoS"
      },
      "B": {
        "label": 1,
        "self_conf": 0.2,
        "rationale": "I agree with the tri-view label because the cluster ID is 157, which is a known anomaly. The cluster has a high density and is close to the source, which is suspicious. The attack type is also unknown, which could indicate a new attack.",
        "key_features": "dst_ip_freq: high, dns_domain_name_freq: low, duration: long, max_packets_len: high",
        "cluster_novel": "yes",
        "cluster_reason": "high density, close to source",
        "alt_hypothesis": "unknown attack",
        "attack_ref": "unknown"
      },
      "C": {
        "label": 1,
        "self_conf": 0.2,
        "rationale": "High packet frequency during weekdays",
        "key_features": "dst_ip_freq: high",
        "cluster_novel": "no",
        "cluster_reason": "Low density",
        "alt_hypothesis": "Possible malware activity",
        "attack_ref": "Malware scanning"
      }
    },
    "R2": {
      "A": {
        "self_conf_before": 0.2,
        "peer_scores": 0.2,
        "critique": "I agree with the tri-view label because the cluster ID is 157, which is a known anomaly. The cluster has a high density and is close to the source, which is suspicious. The attack type is also unknown, which could indicate a new attack.",
        "revise_label": {
          "changed": true,
          "new_label": 1,
          "reason": "High packet frequency during weekdays"
        },
        "self_conf_after": 0.2,
        "clarifying_question": "What is the reason for the change in label from 1 to 1 based on the peer responses?"
      },
      "B": {
        "self_conf_before": 0.2,
        "peer_scores": 0.2,
        "critique": "I agree with the tri-view label because the cluster ID is 157, which is a known anomaly. The cluster has a high density and is close to the source, which is suspicious. The attack type is also unknown, which could indicate a new attack.",
        "changed": false,
        "new_label": 1,
        "reason": "I changed my label because the cluster ID is a known anomaly, and the cluster has a high density and is close to the source, which are suspicious. The attack type is unknown, which could indicate a new attack.",
        "self_conf_after": 0.2,
        "clarifying_question": "What is the attack type?"
      },
      "C": {
        "self_conf_before": 0.2,
        "peer_scores": [
          0.2,
          0.2
        ],
        "critique": "I agree with the tri-view label because the cluster ID is 157, which is a known anomaly. The cluster has a high density and is close to the source, which is suspicious. The attack type is also unknown, which could indicate a new attack.",
        "changed": true,
        "new_label": 1,
        "reason": "I have more confidence in the tri-view label due to the larger size and density of the anomaly compared to the peers' labels.",
        "self_conf_after": 0.8,
        "clarifying_question": "Is there any evidence other than the cluster ID and density to support the tri-view label?"
      }
    },
    "R3": {
      "A": {},
      "B": {},
      "C": {
        "need_more_info": false,
        "questions": []
      }
    },
    "judge": {
      "final_label": 1,
      "confidence": 0.8,
      "winning_agent": "C",
      "reason": "Agent C had the highest confidence in the tri-view label and provided a justification based on the larger size and density of the anomaly compared to the peers' labels."
    }
  }
}