{
  "sample_summary": {
    "sample_id": "43-7",
    "tri_view_label": 1,
    "slm_final_vote": 1,
    "confidence": 0.5,
    "referee_label": null
  },
  "debate_dynamics": {
    "dominant_agent": "A",
    "least_agent": "C"
  },
  "_rounds": {
    "R1": {
      "A": {
        "label": 1,
        "self_conf": 0.2,
        "rationale": "The anomaly has a tri-view label of 1 (anomaly) and a confidence of 0.2. The cluster ID is 57, with a size of 387, a density of 5.391438791977703, and a distance of 0.27275366819907404.",
        "key_features": [
          "dst_ip_freq: high",
          "dns_domain_name_freq: -0.7119602307056717"
        ],
        "cluster_novel": "unknown",
        "cluster_reason": "unknown",
        "alt_hypothesis": "burst scan",
        "attack_ref": "DDoS"
      },
      "B": {
        "label": 1,
        "self_conf": 0.2,
        "rationale": "I agree with the tri-view label because the cluster ID is 57, and the cluster is dense and close to the target",
        "key_features": "dst_ip_freq: 0.962, dns_domain_name_freq: -0.711, duration: -0.192, max_packets_len: 0.693",
        "cluster_novel": "yes",
        "cluster_reason": "high density",
        "alt_hypothesis": "burst scan",
        "attack_ref": "DDoS"
      },
      "C": {
        "label": 1,
        "self_conf": 0.2,
        "rationale": "High packet frequency during weekdays",
        "key_features": "dst_ip_freq: high",
        "cluster_novel": "no",
        "cluster_reason": "Low density",
        "alt_hypothesis": "Possible malware activity",
        "attack_ref": "Malware"
      }
    },
    "R2": {
      "A": {
        "self_conf_before": 0.2,
        "peer_scores": 0.2,
        "critique": "The anomaly has a tri-view label of 1 (anomaly) and a confidence of 0.2. The cluster ID is 57, with a size of 387, a density of 5.391438791977703, and a distance of 0.27275366819907404. The cluster_novel reason is unknown. The cluster_reason is unknown. The alt_hypothesis is burst scan. The attack_ref is DDoS.",
        "revise_label": {
          "changed": true,
          "new_label": 1,
          "reason": "The cluster ID is 57, with a size of 387, a density of 5.391438791977703, and a distance of 0.27275366819907404. The cluster_novel reason is unknown. The cluster_reason is unknown. The alt_hypothesis is burst scan. The attack_ref is DDoS."
        },
        "self_conf_after": 0.2,
        "clarifying_question": "What is the cluster ID of the anomaly, and what is the density, size, and distance of the cluster?"
      },
      "B": {
        "self_conf_before": 0.2,
        "peer_scores": 0.2,
        "critique": "I agree with the tri-view label because the cluster ID is 57, and the cluster is dense and close to the target",
        "changed": false,
        "new_label": 1,
        "reason": "I changed my label because I agree with the tri-view label",
        "self_conf_after": 0.2,
        "clarifying_question": "What is the cluster ID?"
      },
      "C": {
        "self_conf_before": 0.2,
        "peer_scores": [
          0.2,
          0.2
        ],
        "critique": "The rationale seems to be based on the cluster density and distance, but the tri-view label suggests an anomaly. The confidence score is also low, indicating a potential disagreement between the peers.",
        "changed": true,
        "new_label": 1,
        "reason": "Revised label based on the tri-view label and the low confidence score.",
        "self_conf_after": 0.4,
        "clarifying_question": "Could the cluster density and distance be influenced by other factors besides the target?"
      }
    },
    "R3": {
      "A": {},
      "B": {},
      "C": {
        "label": 1,
        "self_conf": 0.2,
        "rationale": "High packet frequency during weekdays",
        "key_features": "dst_ip_freq: high",
        "cluster_novel": "no",
        "cluster_reason": "Low density",
        "alt_hypothesis": "Possible malware activity",
        "attack_ref": "Malware"
      }
    },
    "judge": {
      "_raw_output": "{\n  \"final_label\": 1,\n  \"confidence\": 0.4,\n  \"winning_agent\": \"C\",\n  \"reason\": \"Agent C's label remained consistent throughout the debate, and while all agents agreed on the anomaly label, Agent C provided a clear rationale based on the given data. The low confidence score across all agents indicates potential disagreement, making it necessary to consider each agent's reasoning. Agent C's rationale, 'High packet frequency during weekdays,' is a valid justification for an anomaly, and their 'dst_ip_freq: high' key feature aligns with Agent A's observation. Although Agent B agreed with the tri-view label, their rationale did not provide additional insight beyond the cluster density and distance. Therefore, Agent C's reasoning is more compelling and justifies the winning label.\""
    }
  }
}