{
  "sample_summary": {
    "sample_id": "43-8",
    "tri_view_label": 1,
    "slm_final_vote": 1,
    "confidence": 0.3,
    "referee_label": 1
  },
  "debate_dynamics": {
    "dominant_agent": "A",
    "least_agent": "B"
  },
  "_rounds": {
    "R1": {
      "A": {
        "label": 1,
        "self_conf": 0.2,
        "rationale": "The anomaly detected in the tri-view label is an anomaly with a tri-view label of 1 (anomaly) and confidence of 0.2. The cluster ID is 17, with a size of 457, density of 3.489450674462485, and a distance of 0.40763645472774623. The time was Weekday (Monday).",
        "key_features": [
          "dst_ip_freq: -0.3183606169854546",
          "dns_domain_name_freq: 1.4045859516912094",
          "duration: -0.1919549547934756",
          "max_packets_len: -1.0272234839047787"
        ],
        "cluster_novel": "unknown",
        "cluster_reason": "unknown",
        "alt_hypothesis": "burst scan",
        "attack_ref": "DDoS"
      },
      "B": {
        "label": 1,
        "self_conf": 0.2,
        "rationale": "I agree with the tri-view label because the cluster ID is 17, which is a known anomaly cluster. The cluster has a high density and is located far from the center of the network, which is also a sign of an anomaly. The cluster is also on a weekday, which is unusual for a cluster. The key features are: dst_ip_freq: high, dns_domain_name_freq: low, duration: short, max_packets_len: low. The cluster also has a novel cluster and a benign hypothesis: it is a DDoS attack from a foreign IP address. The attack ref is unknown."
      },
      "C": {
        "label": 1,
        "self_conf": 0.2,
        "rationale": "High packet frequency during weekdays",
        "key_features": "dst_ip_freq: high",
        "cluster_novel": "no",
        "cluster_reason": "Low density",
        "alt_hypothesis": "Possible malware activity",
        "attack_ref": "Malware"
      }
    },
    "R2": {
      "A": {
        "self_conf_before": 0.2,
        "peer_scores": 0.2,
        "critique": "I agree with the tri-view label because the cluster ID is 17, which is a known anomaly cluster. The cluster has a high density and is located far from the center of the network, which is also a sign of an anomaly. The cluster is also on a weekday, which is unusual for a cluster. The key features are: dst_ip_freq: high, dns_domain_name_freq: low, duration: short, max_packets_len: low. The cluster also has a novel cluster and a benign hypothesis: it is a DDoS attack from a foreign IP address. The attack ref is unknown.",
        "revise_label": {
          "changed": true,
          "new_label": 1,
          "reason": "The cluster ID is 17, which is a known anomaly cluster. The cluster has a high density and is located far from the center of the network, which is also a sign of an anomaly. The cluster is also on a weekday, which is unusual for a cluster. The key features are: dst_ip_freq: high, dns_domain_name_freq: low, duration: short, max_packets_len: low. The cluster also has a novel cluster and a benign hypothesis: it is a DDoS attack from a foreign IP address. The attack ref is unknown."
        },
        "self_conf_after": 0.2,
        "clarifying_question": "What is the significance of the cluster ID being 17, which is a known anomaly cluster, and how does it relate to the cluster's location, density, and novelty?"
      },
      "B": {
        "revise_label": {
          "changed": false,
          "new_label": null,
          "reason": ""
        }
      },
      "C": {
        "self_conf_before": 0.2,
        "peer_scores": 0.2,
        "critique": "I agree with the peers that the anomaly detected in the tri-view label is an anomaly with a tri-view label of 1 and confidence of 0.2. However, I have a different rationale based on the cluster characteristics and the attack reference.",
        "changed": false,
        "new_label": 1,
        "reason": "The cluster characteristics and the attack reference suggest a possible malware activity, which aligns with my initial hypothesis.",
        "self_conf_after": 0.4,
        "clarifying_question": "Could the observed anomalies be caused by a legitimate network activity, such as a DDoS attack from a legitimate IP address?"
      }
    },
    "R3": {
      "A": {},
      "B": {},
      "C": {
        "label": 1,
        "self_conf": 0.2,
        "rationale": "High packet frequency during weekdays",
        "key_features": "dst_ip_freq: high",
        "cluster_novel": "no",
        "cluster_reason": "Low density",
        "alt_hypothesis": "Possible malware activity",
        "attack_ref": "Malware"
      }
    },
    "judge": {
      "final_label": 1,
      "confidence": 0.3,
      "winning_agent": "C",
      "reason": "Agent C's hypothesis of possible malware activity aligns with the observed key features and the low density of the cluster. While Agents A and B also identified anomalies, their justifications did not provide a clearer explanation than Agent C's."
    }
  }
}