{
  "sample_summary": {
    "sample_id": "43-9",
    "tri_view_label": 1,
    "slm_final_vote": 1,
    "confidence": 0.8,
    "referee_label": 1
  },
  "debate_dynamics": {
    "dominant_agent": "A",
    "least_agent": "B"
  },
  "_rounds": {
    "R1": {
      "A": {
        "label": 1,
        "self_conf": 0.2,
        "rationale": "The anomaly detected in the tri-view label is an anomaly with a size of 388 and a density of 5.583944755872989. The cluster ID is 157, and the time is Weekday (Monday).",
        "key_features": [
          "dst_ip_freq: high",
          "dns_domain_name_freq: -0.7119602307056717"
        ],
        "cluster_novel": "unknown",
        "cluster_reason": "unknown",
        "alt_hypothesis": "burst scan",
        "attack_ref": "DDoS"
      },
      "B": {
        "label": 1,
        "self_conf": 0.2,
        "rationale": "I agree with the tri-view label because the cluster ID is 157, which is a known anomaly cluster. The cluster size is 388, which is larger than the average cluster size of 5.583, and the density is 5.583, which is higher than the average density of 5.583. The cluster is also located in the same time zone as the tri-view label, which is Monday. The cluster has a high density and a high distance from the tri-view label, which indicates that it is a potential threat. The cluster also has a high duration and a high maximum packet length, which are typical features of a DDoS attack. Therefore, I agree with the tri-view label and I think that the cluster is an anomaly.",
        "key_features": "dst_ip_freq: high, dns_domain_name_freq: low, duration: long, max_packets_len: long",
        "cluster_novel": "yes",
        "cluster_reason": "high density and high distance",
        "alt_hypothesis": "DDoS attack",
        "attack_ref": "DDoS"
      },
      "C": {
        "label": 1,
        "self_conf": 0.2,
        "rationale": "High packet frequency during weekdays",
        "key_features": "dst_ip_freq: high",
        "cluster_novel": "no",
        "cluster_reason": "Low density",
        "alt_hypothesis": "Possible malware activity",
        "attack_ref": "Malware detected"
      }
    },
    "R2": {
      "A": {
        "self_conf_before": 0.2,
        "peer_scores": 0.2,
        "critique": "The anomaly detected in the tri-view label is an anomaly with a size of 388 and a density of 5.583944755872989. The cluster ID is 157, and the time is Weekday (Monday).",
        "revise_label": {
          "changed": true,
          "new_label": 1,
          "reason": "The cluster ID is 157, and the time is Weekday (Monday)."
        },
        "self_conf_after": 0.2,
        "clarifying_question": "Is the cluster ID 157 and the time Weekday (Monday) a valid reason for changing the label?"
      },
      "B": {
        "revise_label": {
          "changed": false,
          "new_label": null,
          "reason": ""
        }
      },
      "C": {
        "revise_label": {
          "changed": false,
          "new_label": null,
          "reason": ""
        }
      }
    },
    "R3": {
      "A": {},
      "B": {},
      "C": {
        "need_more_info": true,
        "questions": [
          "Is the cluster ID 157 and the time Weekday (Monday) a valid reason for changing the label?"
        ]
      }
    },
    "judge": {
      "final_label": 1,
      "confidence": 0.8,
      "winning_agent": "A",
      "reason": "The cluster ID 157 and the time Weekday (Monday) are consistent with the tri-view label and have been used as reasons for labeling the anomaly by multiple agents. Therefore, it is a valid reason for changing the label."
    }
  }
}