{
  "sample_summary": {
    "sample_id": "44-3",
    "tri_view_label": 1,
    "slm_final_vote": 1,
    "confidence": 0.8,
    "referee_label": 1
  },
  "debate_dynamics": {
    "dominant_agent": "A",
    "least_agent": "B"
  },
  "_rounds": {
    "R1": {
      "A": {
        "label": 1,
        "self_conf": 0.2,
        "rationale": "The anomaly detected in the tri-view label is an anomaly with a tri-view label of 1 (anomaly) and confidence of 0.2. The cluster ID is 14, with a size of 1240, density of 5.469984736809316, and a distance of 0.07712835009296416.",
        "key_features": [
          "dst_ip_freq: high",
          "dns_domain_name_freq: -0.7119602307056717"
        ],
        "cluster_novel": "unknown",
        "cluster_reason": "unusual size",
        "alt_hypothesis": "false positive",
        "attack_ref": "unknown"
      },
      "B": {
        "label": 1,
        "self_conf": 0.2,
        "rationale": "I agree with the tri-view label because the cluster ID is 14, which is a known anomaly cluster. The cluster size is 1240, which is larger than the average cluster size of 5.469984736809316. The cluster density is 5.469984736809316, which is also higher than the average cluster density of 5.469984736809316. The cluster is also located in a high-density area, which increases the likelihood of anomalies. The cluster is also located in a high-traffic area, which increases the likelihood of false positives. Therefore, I agree with the tri-view label.",
        "key_features": "dst_ip_freq: 0.962, dns_domain_name_freq: -0.711, duration: -0.192, max_packets_len: 0.693",
        "cluster_novel": "yes",
        "cluster_reason": "high density",
        "alt_hypothesis": "false positive",
        "attack_ref": "DDoS"
      },
      "C": {
        "label": 1,
        "self_conf": 0.2,
        "rationale": "High packet frequency during weekends",
        "key_features": "dst_ip_freq: high",
        "cluster_novel": "no",
        "cluster_reason": "Low density",
        "alt_hypothesis": "Possible malware activity",
        "attack_ref": "Malware scanning"
      }
    },
    "R2": {
      "A": {
        "self_conf_before": 0.2,
        "peer_scores": 0.2,
        "critique": "The anomaly detected in the tri-view label is an anomaly with a tri-view label of 1 (anomaly) and confidence of 0.2. The cluster ID is 14, with a size of 1240, density of 5.469984736809316, and a distance of 0.07712835009296416. The cluster is also located in a high-density area, which increases the likelihood of false positives. Therefore, I agree with the tri-view label.",
        "revise_label": {
          "changed": true,
          "new_label": 1,
          "reason": "High packet frequency during weekends"
        },
        "self_conf_after": 0.2,
        "clarifying_question": "Why do you agree with the tri-view label despite the peer response of 0.2?"
      },
      "B": {
        "revise_label": {
          "changed": false,
          "new_label": null,
          "reason": ""
        }
      },
      "C": {
        "self_conf_before": 0.2,
        "peer_scores": 0.2,
        "critique": "I agree with the tri-view label because the cluster ID is 14, which is a known anomaly cluster. The cluster size is 1240, which is larger than the average cluster size of 5.469984736809316. The cluster density is 5.469984736809316, which is also higher than the average cluster density of 5.469984736809316. The cluster is also located in a high-density area, which increases the likelihood of anomalies. The cluster is also located in a high-traffic area, which increases the likelihood of false positives. Therefore, I agree with the tri-view label.",
        "changed": false,
        "new_label": 1,
        "reason": "I agree with the tri-view label because the cluster characteristics and location suggest an anomaly.",
        "self_conf_after": 0.8,
        "clarifying_question": "Could the cluster characteristics and location be deceiving? Are there any other factors that could contribute to the anomaly?"
      }
    },
    "R3": {
      "A": {},
      "B": {},
      "C": {
        "label": 1,
        "self_conf": 0.2,
        "rationale": "High packet frequency during weekends",
        "key_features": "dst_ip_freq: high",
        "cluster_novel": "no",
        "cluster_reason": "Low density",
        "alt_hypothesis": "Possible malware activity",
        "attack_ref": "Malware scanning"
      }
    },
    "judge": {
      "final_label": 1,
      "confidence": 0.8,
      "winning_agent": "C",
      "reason": "Agent C's confidence increased significantly in Round 2, and their rationale of 'High packet frequency during weekends' aligns with Agent A's initial rationale. While Agent B's arguments are valid, they do not provide new information or significantly change the assessment. Therefore, Agent C's revised label is adopted."
    }
  }
}