{
  "sample_summary": {
    "sample_id": "44-6",
    "tri_view_label": 1,
    "slm_final_vote": 1,
    "confidence": 0.6,
    "referee_label": 1
  },
  "debate_dynamics": {
    "dominant_agent": "A",
    "least_agent": "B"
  },
  "_rounds": {
    "R1": {
      "A": {
        "label": 1,
        "self_conf": 0.2,
        "rationale": "The anomaly detected in the tri-view label is an anomaly with a size of 72 and a density of 3.310982909514947. The cluster ID is 79, and the time is Weekend (Tuesday).",
        "key_features": [
          "dst_ip_freq: high",
          "dns_domain_name_freq: low"
        ],
        "cluster_novel": "unknown",
        "cluster_reason": "unknown",
        "alt_hypothesis": "burst scan",
        "attack_ref": "DDoS"
      },
      "B": {
        "label": 1,
        "self_conf": 0.2,
        "rationale": "I agree with the tri-view label because the cluster ID is 79, which is a known anomaly cluster. The cluster size is 72, which is larger than the average cluster size of 60. The cluster density is 3.310982, which is higher than the average cluster density of 2. The cluster is also located in a dense area, which increases the likelihood of anomalies. The cluster is also located on a Tuesday, which is a busy day for network traffic, and may increase the noise level. Therefore, I believe that this cluster is an anomaly and should be investigated further.",
        "key_features": "dst_ip_freq: high, dns_domain_name_freq: low, duration: long, max_packets_len: high",
        "cluster_novel": "yes",
        "cluster_reason": "high density, busy day",
        "alt_hypothesis": "false positive",
        "attack_ref": "DDoS"
      },
      "C": {
        "label": 1,
        "self_conf": 0.2,
        "rationale": "High packet frequency during weekends",
        "key_features": "dst_ip_freq: high",
        "cluster_novel": "no",
        "cluster_reason": "Low density",
        "alt_hypothesis": "Possible bot activity",
        "attack_ref": "Bot activity"
      }
    },
    "R2": {
      "A": {
        "self_conf_before": 0.2,
        "peer_scores": 0.2,
        "critique": "High packet frequency during weekends",
        "revise_label": {
          "changed": true,
          "new_label": 1,
          "reason": "The cluster ID is 79, and the cluster density is 3.310982, which are both higher than the average cluster density of 2. Therefore, I believe that this cluster is an anomaly and should be investigated further."
        },
        "self_conf_after": 0.2,
        "clarifying_question": "Why do you believe that this cluster is an anomaly and should be investigated further?"
      },
      "B": {
        "revise_label": {
          "changed": false,
          "new_label": null,
          "reason": ""
        }
      },
      "C": {
        "self_conf_before": 0.2,
        "peer_scores": 0.2,
        "critique": "I agree with the peers that this cluster is an anomaly and should be investigated further. The cluster size, density, location, and time of day all suggest that this cluster may be an outlier caused by a bot activity or a malfunction in the system.",
        "changed": true,
        "new_label": 1,
        "reason": "I believe that this cluster is an anomaly and should be investigated further.",
        "self_conf_after": 0.4,
        "clarifying_question": "Could the bot activity be caused by a specific application or service running on the cluster?"
      }
    },
    "R3": {
      "A": {},
      "B": {
        "need_more_info": false,
        "questions": [
          "Could the bot activity be caused by a specific application or service running on the cluster?"
        ]
      },
      "C": {
        "need_more_info": false,
        "questions": [
          "Why do you believe that this cluster is an anomaly and should be investigated further?"
        ]
      }
    },
    "judge": {
      "final_label": 1,
      "confidence": 0.6,
      "winning_agent": "C",
      "reason": "Agent C's revised label aligns with the majority vote and has the highest confidence level among the agents after the clarifying questions. The cluster's high packet frequency during weekends, combined with the other features, suggests that this cluster may be an anomaly caused by bot activity."
    }
  }
}