{
  "sample_summary": {
    "sample_id": "44-7",
    "tri_view_label": 1,
    "slm_final_vote": 1,
    "confidence": 0.6,
    "referee_label": 1
  },
  "debate_dynamics": {
    "dominant_agent": "A",
    "least_agent": "C"
  },
  "_rounds": {
    "R1": {
      "A": {
        "label": 1,
        "self_conf": 0.2,
        "rationale": "The anomaly detected in the tri-view label is an anomaly with a tri-view label of 1 (anomaly) and confidence of 0.2. The cluster ID is 170, with a size of 1262, a density of 5.42281126662333, and a distance of 0.16836053182566116. The time was Weekend (Tuesday).",
        "key_features": [
          "dst_ip_freq: high",
          "dns_domain_name_freq: -0.7119602307056717"
        ],
        "cluster_novel": "unknown",
        "cluster_reason": "unusual size",
        "alt_hypothesis": "false positive",
        "attack_ref": "unknown"
      },
      "B": {
        "label": 1,
        "self_conf": 0.2,
        "rationale": "I agree with the tri-view label because the cluster ID is 170, which is a known attack type.",
        "key_features": "dst_ip_freq: 0.962, dns_domain_name_freq: -0.711, duration: -0.192, max_packets_len: 0.693",
        "cluster_novel": "yes",
        "cluster_reason": "low density",
        "alt_hypothesis": "false positive",
        "attack_ref": "DDoS"
      },
      "C": {
        "label": 1,
        "self_conf": 0.2,
        "rationale": "High packet frequency during weekends",
        "key_features": "dst_ip_freq: high",
        "cluster_novel": "no",
        "cluster_reason": "Low density",
        "alt_hypothesis": "Possible malware activity",
        "attack_ref": "Malware scanning"
      }
    },
    "R2": {
      "A": {
        "self_conf_before": 0.2,
        "peer_scores": 0.2,
        "critique": "I agree with the tri-view label because the cluster ID is 170, which is a known attack type.",
        "revise_label": {
          "changed": false,
          "new_label": 1,
          "reason": "High packet frequency during weekends"
        },
        "self_conf_after": 0.2,
        "clarifying_question": "What is the reason for the peer's change in label?"
      },
      "B": {
        "self_conf_before": 0.2,
        "peer_scores": 0.2,
        "critique": "I agree with the tri-view label because the cluster ID is 170, which is a known attack type.",
        "changed": false,
        "new_label": 1,
        "reason": "I have changed my label to 1 because the cluster ID is 170, which is a known attack type.",
        "self_conf_after": 0.2,
        "clarifying_question": "What is the cluster ID of the anomaly?"
      },
      "C": {
        "self_conf_before": 0.2,
        "peer_scores": [
          0.2,
          0.2
        ],
        "critique": "The rationale still holds, but the confidence score has decreased from 0.2 to 0.1. This suggests that the anomaly may be less significant.",
        "changed": false,
        "new_label": 1,
        "reason": "The confidence score decrease suggests that the anomaly may be less significant. Additionally, the cluster ID and density values suggest a potential outlier that may warrant further investigation.",
        "self_conf_after": 0.1,
        "clarifying_question": "Is the decrease in confidence due to the specific cluster or the overall activity level during weekends?"
      }
    },
    "R3": {
      "A": {
        "need_more_info": true,
        "questions": [
          {
            "label": "What is the cluster ID of the anomaly?",
            "self_conf": 0.2,
            "rationale": "The cluster ID is 170, which is a known attack type. The cluster ID is 170, with a size of 1262, a density of 5.42281126662333, and a distance of 0.16836053182566116. The time was Weekend (Tuesday).",
            "key_features": [
              "dst_ip_freq: high",
              "dns_domain_name_freq: -0.7119602307056717"
            ],
            "cluster_novel": "unknown",
            "cluster_reason": "unusual size",
            "alt_hypothesis": "false positive",
            "attack_ref": "unknown"
          },
          {
            "label": "What is the reason for the peer's change in label?",
            "self_conf": 0.2,
            "clarifying_question": "What is the reason for the peer's change in label?"
          }
        ]
      },
      "B": {},
      "C": {
        "need_more_info": false,
        "questions": [
          "What is the reason for the peer's change in label?"
        ]
      }
    },
    "judge": {
      "final_label": 1,
      "confidence": 0.6,
      "winning_agent": "A",
      "reason": "Agent A's rationale, that the cluster ID is 170 and is a known attack type, is the most compelling reason for labeling this anomaly as an attack. While Agent B and Agent C also provide valid reasons, their confidence in their labels is low and their reasons do not clearly outweigh Agent A's. Therefore, Agent A's label is the most likely to be correct."
    }
  }
}