{
  "sample_summary": {
    "sample_id": "44-9",
    "tri_view_label": 1,
    "slm_final_vote": 1,
    "confidence": 0.4,
    "referee_label": 1
  },
  "debate_dynamics": {
    "dominant_agent": "A",
    "least_agent": "C"
  },
  "_rounds": {
    "R1": {
      "A": {
        "label": 1,
        "self_conf": 0.2,
        "rationale": "Anomaly detected in tri-view label 1 (anomaly) with confidence 0.2, cluster ID 14, size 1240, density 5.469984736809316, distance 0.02309615056650013.",
        "key_features": [
          "dst_ip_freq: high",
          "dns_domain_name_freq: -0.7119602307056717"
        ],
        "cluster_novel": "no",
        "cluster_reason": "unknown",
        "alt_hypothesis": "burst scan",
        "attack_ref": "DDoS"
      },
      "B": {
        "label": 1,
        "self_conf": 0.2,
        "rationale": "I agree with the tri-view label because the cluster ID is 14, which is a known anomaly cluster. The cluster has a high density and is located close to the source IP address, which is a strong indication of an attack.",
        "key_features": "dst_ip_freq: high, dns_domain_name_freq: low, duration: long, max_packets_len: high",
        "cluster_novel": "yes",
        "cluster_reason": "high density",
        "alt_hypothesis": "DDoS attack",
        "attack_ref": "DDoS"
      },
      "C": {
        "label": 1,
        "self_conf": 0.2,
        "rationale": "High packet frequency during weekends",
        "key_features": "dst_ip_freq: high",
        "cluster_novel": "no",
        "cluster_reason": "Low density",
        "alt_hypothesis": "Possible malware activity",
        "attack_ref": "Malware scanning"
      }
    },
    "R2": {
      "A": {
        "self_conf_before": 0.2,
        "peer_scores": 0.2,
        "critique": "Anomaly detected in tri-view label 1 (anomaly) with confidence 0.2, cluster ID 14, size 1240, density 5.469984736809316, distance 0.02309615056650013. Do not include markdown, explanations, or formatting fences. Output ONLY the JSON object. ",
        "revise_label": {
          "changed": true,
          "new_label": 1,
          "reason": "High packet frequency during weekends"
        },
        "self_conf_after": 0.2,
        "clarifying_question": "What is the reason for the peer's label change, and how does it affect the label's accuracy?"
      },
      "B": {
        "self_conf_before": 0.2,
        "peer_scores": 0.2,
        "critique": "I agree with the tri-view label because the cluster ID is 14, which is a known anomaly cluster. The cluster has a high density and is located close to the source IP address, which is a strong indication of an attack.",
        "changed": false,
        "new_label": 1,
        "reason": "I changed my label to 1 because the cluster ID is 14, which is a known anomaly cluster. The cluster has a high density and is located close to the source IP address, which is a strong indication of an attack.",
        "self_conf_after": 0.2,
        "clarifying_question": "What is the source IP address?"
      },
      "C": {
        "self_conf_before": 0.2,
        "peer_scores": [
          0.2,
          0.2
        ],
        "critique": "I agree with the peers that the cluster ID and density are consistent with an anomaly, but the rationale based on packet frequency and tri-view label 1 might be misleading due to the isolated nature of the cluster.",
        "changed": false,
        "new_label": 1,
        "reason": "Revised rationale based on cluster density and isolated nature of the cluster.",
        "self_conf_after": 0.4,
        "clarifying_question": "Could the cluster be associated with a specific malware family or strain based on the available features?"
      }
    },
    "R3": {
      "A": {},
      "B": {},
      "C": {
        "label": 1,
        "self_conf": 0.2,
        "rationale": "High packet frequency during weekends",
        "key_features": "dst_ip_freq: high",
        "cluster_novel": "no",
        "cluster_reason": "Low density",
        "alt_hypothesis": "Possible malware activity",
        "attack_ref": "Malware scanning"
      }
    },
    "judge": {
      "final_label": 1,
      "confidence": 0.4,
      "winning_agent": "C",
      "reason": "Agent C's label change was based on the consensus of the cluster ID and density being anomalous, but with a revised rationale that takes into account the isolated nature of the cluster. This reasoning is consistent with the available data and does not contradict the other agents' arguments."
    }
  }
}