{
  "sample_summary": {
    "sample_id": "45-0",
    "tri_view_label": 1,
    "slm_final_vote": 1,
    "confidence": 0.8,
    "referee_label": 1
  },
  "debate_dynamics": {
    "dominant_agent": "A",
    "least_agent": "B"
  },
  "_rounds": {
    "R1": {
      "A": {
        "label": 1,
        "self_conf": 0.2,
        "rationale": "The anomaly detected in the tri-view label is an anomaly with a size of 1034 and a density of 5.696788642274461. The cluster ID is 75, and the time is Weekend (Tuesday).",
        "key_features": [
          "dst_ip_freq: high",
          "dns_domain_name_freq: -0.7119602307056717"
        ],
        "cluster_novel": "unknown",
        "cluster_reason": "unknown",
        "alt_hypothesis": "burst scan",
        "attack_ref": "DDoS"
      },
      "B": {},
      "C": {
        "label": 1,
        "self_conf": 0.2,
        "rationale": "High packet frequency during weekends",
        "key_features": "dst_ip_freq: high",
        "cluster_novel": "no",
        "cluster_reason": "Low density",
        "alt_hypothesis": "Possible bot activity",
        "attack_ref": "Bot activity"
      }
    },
    "R2": {
      "A": {
        "self_conf_before": 0.2,
        "peer_scores": 0.2,
        "critique": "The anomaly detected in the tri-view label is an anomaly with a size of 1034 and a density of 5.696788642274461. The cluster ID is 75, and the time is Weekend (Tuesday).",
        "revise_label": {
          "changed": true,
          "new_label": 1,
          "reason": "High packet frequency during weekends"
        },
        "self_conf_after": 0.2,
        "clarifying_question": "What is the reason for the peer's label change and how does it affect the anomaly detection label?"
      },
      "B": {
        "revise_label": {
          "changed": false,
          "new_label": null,
          "reason": ""
        }
      },
      "C": {
        "self_conf_before": 0.2,
        "peer_scores": [
          0.2,
          null
        ],
        "critique": "The rationale provided by the peers lacks sufficient context and does not provide a clear understanding of the anomaly. The confidence score is also lower than the original estimate.",
        "changed": true,
        "new_label": 1,
        "reason": "The rationale provided by the peers does not address the specific characteristics of the anomaly, such as its size and density, which are indicative of bot activity. Additionally, the cluster ID and time of day are not relevant to the anomaly itself.",
        "self_conf_after": 0.8,
        "clarifying_question": "Could you provide more context and information about the anomaly, such as the specific features that are triggering the alert and the observed behavior during weekends?"
      }
    },
    "R3": {
      "A": {},
      "B": {},
      "C": {}
    },
    "judge": {
      "final_label": 1,
      "confidence": 0.8,
      "winning_agent": "C",
      "reason": "Agent C provided a clear and compelling rationale for the anomaly being related to bot activity, based on the high packet frequency during weekends and the lack of context and relevance in Agent A's rationale. Agent B did not provide any rationale or revision in Round 3."
    }
  }
}