{
  "sample_summary": {
    "sample_id": "45-2",
    "tri_view_label": 1,
    "slm_final_vote": 1,
    "confidence": 0.8,
    "referee_label": 1
  },
  "debate_dynamics": {
    "dominant_agent": "A",
    "least_agent": "A"
  },
  "_rounds": {
    "R1": {
      "A": {
        "label": 1,
        "self_conf": 0.2,
        "rationale": "The anomaly detected in the tri-view label is an anomaly with a size of 1063 and a density of 5.463529872713533. The cluster ID is 170, and the time is Weekend (Tuesday).",
        "key_features": [
          "dst_ip_freq: high",
          "dns_domain_name_freq: -0.7119602307056717"
        ],
        "cluster_novel": "unknown",
        "cluster_reason": "unknown",
        "alt_hypothesis": "burst scan",
        "attack_ref": "DDoS"
      },
      "B": {
        "label": 1,
        "self_conf": 0.2,
        "rationale": "I agree with the tri-view label because the cluster ID is 170, which is a known anomaly cluster. The cluster size is 1063, which is larger than the average cluster size of 5. The cluster density is 5.463529872713533, which is higher than the average cluster density of 4. The cluster dist is 0.06318750099567957, which is closer to the center of the cluster than the average cluster dist of 0.05. The cluster is also on a Tuesday, which is a weekend day, which is unusual for this cluster. Therefore, I think this is an anomaly.",
        "key_features": "dst_ip_freq: 0.962, dns_domain_name_freq: -0.711, duration: -0.192, max_packets_len: 0.693",
        "cluster_novel": "yes",
        "cluster_reason": "larger size, higher density, closer to center, on a weekend day",
        "alt_hypothesis": "false positive",
        "attack_ref": "DDoS"
      },
      "C": {
        "label": 1,
        "self_conf": 0.2,
        "rationale": "High packet frequency during weekends",
        "key_features": "dst_ip_freq: high",
        "cluster_novel": "no",
        "cluster_reason": "Low density",
        "alt_hypothesis": "Possible DDoS attack",
        "attack_ref": "DDoS"
      }
    },
    "R2": {
      "A": {
        "self_conf_before": 0.2,
        "peer_scores": 0.2,
        "critique": "The anomaly detected in the tri-view label is an anomaly with a size of 1063 and a density of 5.463529872713533. The cluster ID is 170, and the time is Weekend (Tuesday).",
        "revise_label": {
          "changed": true,
          "new_label": 1,
          "reason": "The cluster ID is 170, and the time is Weekend (Tuesday)."
        },
        "self_conf_after": 0.2,
        "clarifying_question": "Is the anomaly detected in the tri-view label an anomaly with a size of 1063 and a density of 5.463529872713533, or is it an anomaly with a size of 1063 and a density of 5.463529872713533, but on a different day than the time of detection?"
      },
      "B": {
        "self_conf_before": 0.2,
        "peer_scores": 0.2,
        "critique": "I agree with the tri-view label because the cluster ID is 170, which is a known anomaly cluster. The cluster size is 1063, which is larger than the average cluster size of 5. The cluster density is 5.463529872713533, which is higher than the average cluster density of 4. The cluster dist is 0.06318750099567957, which is closer to the center of the cluster than the average cluster dist of 0.05. The cluster is also on a Tuesday, which is a weekend day, which is unusual for this cluster. Therefore, I think this is an anomaly.",
        "changed": false,
        "new_label": 1,
        "reason": "I changed my label because the cluster ID is known to be an anomaly, and the cluster size and density are larger than the average. The cluster is also on a weekend day, which is unusual for this cluster. Therefore, I think this is an anomaly.",
        "self_conf_after": 0.2,
        "clarifying_question": "What is the average cluster size and density for this cluster?"
      },
      "C": {
        "self_conf_before": 0.2,
        "peer_scores": 0.2,
        "critique": "I agree with the tri-view label because the cluster ID is 170, which is a known anomaly cluster. The cluster size is 1063, which is larger than the average cluster size of 5. The cluster density is 5.463529872713533, which is higher than the average cluster density of 4. The cluster dist is 0.06318750099567957, which is closer to the center of the cluster than the average cluster dist of 0.05. The cluster is also on a Tuesday, which is a weekend day, which is unusual for this cluster. Therefore, I think this is an anomaly.",
        "changed": true,
        "new_label": 1,
        "reason": "I agree with the tri-view label because the cluster characteristics and time of the anomaly are consistent with an anomaly.",
        "self_conf_after": 0.8,
        "clarifying_question": "Is there any other evidence besides the cluster characteristics and time that suggests this could be a DDoS attack?"
      }
    },
    "R3": {
      "A": {},
      "B": {
        "label": 1,
        "self_conf": 0.8,
        "questions": [
          "Is there any other evidence besides the cluster characteristics and time that suggests this could be a DDoS attack?"
        ],
        "cluster_novel": "yes",
        "cluster_reason": "larger size, higher density, closer to center, on a weekend day",
        "alt_hypothesis": "false positive",
        "attack_ref": "DDoS"
      },
      "C": {
        "label": 1,
        "self_conf": 0.2,
        "rationale": "I agree with the tri-view label because the cluster characteristics and time of the anomaly are consistent with an anomaly.",
        "key_features": "dst_ip_freq: high",
        "cluster_novel": "no",
        "cluster_reason": "Low density",
        "alt_hypothesis": "Possible DDoS attack",
        "attack_ref": "DDoS"
      }
    },
    "judge": {
      "final_label": 1,
      "confidence": 0.8,
      "winning_agent": "B",
      "reason": "Agent B provided a clear justification for the anomaly being an anomaly based on the cluster size, density, proximity to the cluster center, and the fact that it occurred on a weekend day, which is unusual for this cluster. Agent C's reasoning was not as comprehensive, and Agent A did not provide any new information in Round 3."
    }
  }
}