{
  "sample_summary": {
    "sample_id": "45-3",
    "tri_view_label": 1,
    "slm_final_vote": 1,
    "confidence": 0.8,
    "referee_label": 1
  },
  "debate_dynamics": {
    "dominant_agent": "A",
    "least_agent": "B"
  },
  "_rounds": {
    "R1": {
      "A": {
        "label": 1,
        "self_conf": 0.2,
        "rationale": "The anomaly detected in the tri-view label is an anomaly with a size of 1034 and a density of 5.696788642274461. The cluster ID is 75, and the time is Weekend (Tuesday).",
        "key_features": [
          "dst_ip_freq: high",
          "dns_domain_name_freq: -0.7119602307056717"
        ],
        "cluster_novel": "unknown",
        "cluster_reason": "unknown",
        "alt_hypothesis": "burst scan",
        "attack_ref": "DDoS"
      },
      "B": {
        "label": 1,
        "self_conf": 0.2,
        "rationale": "I agree with the tri-view label because the cluster ID is 75, which is a known anomaly cluster. The cluster has a high density and is located close to the source IP, which is suspicious. The cluster also has a high duration and a high max_packets_len, which are typical features of a DDoS attack. The cluster is also located on a weekend, which is unusual for a normal network traffic. Therefore, I think this is a valid anomaly.",
        "key_features": "dst_ip_freq: high, dns_domain_name_freq: low, duration: high, max_packets_len: high",
        "cluster_novel": "yes",
        "cluster_reason": "high density, close to source IP, weekend",
        "alt_hypothesis": "DDoS attack",
        "attack_ref": "DDoS"
      },
      "C": {
        "label": 1,
        "self_conf": 0.2,
        "rationale": "High packet frequency during weekends",
        "key_features": "dst_ip_freq: high",
        "cluster_novel": "no",
        "cluster_reason": "Low density",
        "alt_hypothesis": "Possible DDoS attack",
        "attack_ref": "DDoS"
      }
    },
    "R2": {
      "A": {
        "self_conf_before": 0.2,
        "peer_scores": 0.2,
        "critique": "I agree with the tri-view label because the cluster ID is 75, which is a known anomaly cluster. The cluster has a high density and is located close to the source IP, which is suspicious. The cluster also has a high duration and a high max_packets_len, which are typical features of a DDoS attack. The cluster is also located on a weekend, which is unusual for a normal network traffic. Therefore, I think this is a valid anomaly.",
        "revise_label": {
          "changed": true,
          "new_label": 1,
          "reason": "The anomaly detected in the tri-view label is an anomaly with a size of 1034 and a density of 5.696788642274461. The cluster ID is 75, and the time is Weekend (Tuesday)."
        },
        "self_conf_after": 0.2,
        "clarifying_question": "What is the anomaly detected in the tri-view label, and why is it an anomaly with a size of 1034 and a density of 5.696788642274461?"
      },
      "B": {
        "revise_label": {
          "changed": false,
          "new_label": null,
          "reason": ""
        }
      },
      "C": {
        "revise_label": {
          "changed": false,
          "new_label": null,
          "reason": ""
        }
      }
    },
    "R3": {
      "A": {},
      "B": {},
      "C": {
        "need_more_info": false,
        "questions": null
      }
    },
    "judge": {
      "final_label": 1,
      "confidence": 0.8,
      "winning_agent": "A",
      "reason": "All agents agree on the anomaly label (1), and Agent A provided the most detailed justification in Round 1, including specific cluster features and the anomaly size and density. Therefore, Agent A is the winning agent."
    }
  }
}