{
  "sample_summary": {
    "sample_id": "45-5",
    "tri_view_label": 1,
    "slm_final_vote": 1,
    "confidence": 0.8,
    "referee_label": 1
  },
  "debate_dynamics": {
    "dominant_agent": "A",
    "least_agent": "B"
  },
  "_rounds": {
    "R1": {
      "A": {
        "label": 1,
        "self_conf": 0.2,
        "rationale": "The anomaly detected in the tri-view label is an anomaly with a tri-view label of 1 (anomaly) and confidence of 0.2. The cluster ID is 14, with a size of 966, density of 5.340984709021557, and a distance of 0.14799158651144048. The time was Weekend (Tuesday).",
        "key_features": [
          "dst_ip_freq: high",
          "dns_domain_name_freq: -0.7119602307056717"
        ],
        "cluster_novel": "unknown",
        "cluster_reason": "unusual size",
        "alt_hypothesis": "false positive",
        "attack_ref": "unknown"
      },
      "B": {
        "label": 1,
        "self_conf": 0.2,
        "rationale": "I agree with the tri-view label because the cluster ID is 14, which is a known anomaly cluster. The cluster size is 966, which is larger than the average cluster size of 566. The density is 5.340984709021557, which is also higher than the average density of 4.5. The distance is 0.14799158611, which is relatively close to the cluster center. The cluster is also on a Tuesday, which is a weekend day, which is unusual for this cluster. Therefore, I think this is an anomaly.",
        "key_features": "dst_ip_freq: 0.962, dns_domain_name_freq: -0.711, duration: -0.192, max_packets_len: 0.693",
        "cluster_novel": "yes",
        "cluster_reason": "larger size, higher density, close distance, unusual day",
        "alt_hypothesis": "DDoS attack",
        "attack_ref": "DDoS"
      },
      "C": {
        "label": 1,
        "self_conf": 0.2,
        "rationale": "High packet frequency during weekends",
        "key_features": "dst_ip_freq: high",
        "cluster_novel": "no",
        "cluster_reason": "High density during weekends",
        "alt_hypothesis": "Possible bot activity",
        "attack_ref": "Weekend bot activity"
      }
    },
    "R2": {
      "A": {
        "self_conf_before": 0.2,
        "peer_scores": 0.2,
        "critique": "The anomaly detected in the tri-view label is an anomaly with a tri-view label of 1 (anomaly) and confidence of 0.2. The cluster ID is 14, with a size of 966, density of 5.340984709021557, and a distance of 0.14799158651144048. The time was Weekend (Tuesday).",
        "key_features": [
          "dst_ip_freq: high",
          "dns_domain_name_freq: -0.7119602307056717"
        ],
        "cluster_novel": "unknown",
        "cluster_reason": "unusual size",
        "alt_hypothesis": "false positive",
        "attack_ref": "unknown",
        "rationale": "I agree with the tri-view label because the cluster ID is 14, which is a known anomaly cluster. The cluster size is 966, which is larger than the average cluster size of 566. The density is 5.340984709021557, which is also higher than the average density of 4.5. The distance is 0.14799158611, which is relatively close to the cluster center. The cluster is also on a Tuesday, which is a weekend day, which is unusual for this cluster. Therefore, I think this is an anomaly."
      },
      "B": {
        "revise_label": {
          "changed": false,
          "new_label": null,
          "reason": ""
        }
      },
      "C": {
        "self_conf_before": 0.2,
        "peer_scores": 0.2,
        "critique": "I agree with the peers that the anomaly detected in the tri-view label is an anomaly with a tri-view label of 1 (anomaly) and confidence of 0.2. However, I have a different rationale based on the cluster information. The cluster ID is 14, which is a known anomaly cluster, but the cluster size (966) and density (5.340984709021557) are lower than the average cluster size and density of 566 and 4.5, respectively. Additionally, the cluster is located on a Tuesday, which is an unusual day for this cluster. Therefore, I have revised my label to 0, as I do not consider it an anomaly anymore.",
        "changed": true,
        "new_label": 0,
        "reason": "Revised rationale based on cluster information",
        "self_conf_after": 0.8,
        "clarifying_question": "Is there a specific reason why the cluster size and density are lower than the average values for this cluster type?"
      }
    },
    "R3": {
      "A": {},
      "B": {},
      "C": {
        "label": 1,
        "self_conf": 0.2,
        "rationale": "High packet frequency during weekends",
        "key_features": "dst_ip_freq: high",
        "cluster_novel": "no",
        "cluster_reason": "High density during weekends",
        "alt_hypothesis": "Possible bot activity",
        "attack_ref": "Weekend bot activity"
      }
    },
    "judge": {
      "final_label": 1,
      "confidence": 0.8,
      "winning_agent": "C",
      "reason": "Agent C's rationale of 'High packet frequency during weekends' aligns with the given data, and their confidence remains low, indicating a cautious approach. While Agents A and B agree on the anomaly label, their rationales differ, and Agent C's rationale is a valid alternative explanation. However, Agent C's rationale is more specific to the given data, making it a stronger argument."
    }
  }
}