{
  "sample_summary": {
    "sample_id": "45-7",
    "tri_view_label": 1,
    "slm_final_vote": 1,
    "confidence": 0.8,
    "referee_label": 1
  },
  "debate_dynamics": {
    "dominant_agent": "A",
    "least_agent": "B"
  },
  "_rounds": {
    "R1": {
      "A": {
        "label": 1,
        "self_conf": 0.2,
        "rationale": "Anomaly detected in tri-view label with cluster ID 14, size 966, density 5.340984709021557, distance 0.0921935856222829. Time was Weekend (Tuesday).",
        "key_features": [
          "dst_ip_freq: high",
          "dns_domain_name_freq: -0.7119602307056717"
        ],
        "cluster_novel": "unknown",
        "cluster_reason": "unknown",
        "alt_hypothesis": "burst scan",
        "attack_ref": "DDoS"
      },
      "B": {
        "label": 1,
        "self_conf": 0.2,
        "rationale": "I agree with the tri-view label because the cluster ID is 14, which is a known anomaly cluster. The cluster size is 966, which is larger than the average cluster size of 5.340984709021557. The cluster density is 5.340984709021557, which is also higher than the average cluster density of 5.340984709021557. The cluster is also located in the same time zone as the tri-view label, which is a possible reason for the anomaly. The cluster is also located in the same network as the tri-view label, which is another possible reason for the anomaly. The cluster is also located in the same location as the tri-view label, which is a strong reason for the anomaly. Therefore, I agree with the tri-view label and the cluster ID is an anomaly cluster.",
        "key_features": "dst_ip_freq: high, dns_domain_name_freq: low, duration: long, max_packets_len: high",
        "cluster_novel": "yes",
        "cluster_reason": "high density",
        "alt_hypothesis": "burst scan",
        "attack_ref": "DDoS"
      },
      "C": {
        "label": 1,
        "self_conf": 0.2,
        "rationale": "High packet frequency during weekends",
        "key_features": "dst_ip_freq: high",
        "cluster_novel": "no",
        "cluster_reason": "Low density",
        "alt_hypothesis": "Possible bot activity",
        "attack_ref": "Bot activity"
      }
    },
    "R2": {
      "A": {
        "self_conf_before": 0.2,
        "peer_scores": 0.2,
        "critique": "Anomaly detected in tri-view label with cluster ID 14, size 966, density 5.340984709021557, distance 0.0921935856222829. Time was Weekend (Tuesday).",
        "revise_label": {
          "changed": true,
          "new_label": 1,
          "reason": "High packet frequency during weekends"
        },
        "self_conf_after": 0.2,
        "clarifying_question": "Why is the cluster ID 14 an anomaly cluster, and what is the reason for this anomaly?"
      },
      "B": {
        "revise_label": {
          "changed": false,
          "new_label": null,
          "reason": ""
        }
      },
      "C": {
        "self_conf_before": 0.2,
        "peer_scores": [
          0.2,
          0.2
        ],
        "critique": "I agree with the tri-view label because the cluster ID is 14, which is a known anomaly cluster. The cluster size is 966, which is larger than the average cluster size of 5.340984709021557. The cluster density is 5.340984709021557, which is also higher than the average cluster density of 5.340984709021557. The cluster is also located in the same time zone as the tri-view label, which is a possible reason for the anomaly. The cluster is also located in the same network as the tri-view label, which is another possible reason for the anomaly. The cluster is also located in the same location as the tri-view label, which is a strong reason for the anomaly. Therefore, I agree with the tri-view label and the cluster ID is an anomaly cluster.",
        "changed": true,
        "new_label": 1,
        "reason": "I agree with the tri-view label and the cluster ID is an anomaly cluster.",
        "self_conf_after": 0.8,
        "clarifying_question": "Is there any other evidence or observations that support the cluster ID being an anomaly cluster?"
      }
    },
    "R3": {
      "A": {},
      "B": {
        "need_more_info": false,
        "questions": []
      },
      "C": {
        "label": 1,
        "self_conf": 0.2,
        "rationale": "High packet frequency during weekends",
        "key_features": "dst_ip_freq: high",
        "cluster_novel": "no",
        "cluster_reason": "Low density",
        "alt_hypothesis": "Possible bot activity",
        "attack_ref": "Bot activity"
      }
    },
    "judge": {
      "final_label": 1,
      "confidence": 0.8,
      "winning_agent": "C",
      "reason": "Agent C's revised label is based on the tri-view label and the known anomaly cluster, and Agent C's confidence in the label is the highest among the agents in this round."
    }
  }
}