{
  "sample_summary": {
    "sample_id": "45-8",
    "tri_view_label": 1,
    "slm_final_vote": 1,
    "confidence": 0.8,
    "referee_label": 1
  },
  "debate_dynamics": {
    "dominant_agent": "A",
    "least_agent": "B"
  },
  "_rounds": {
    "R1": {
      "A": {
        "label": 1,
        "self_conf": 0.2,
        "rationale": "Anomaly detected in tri-view label with cluster ID 14, size 966, density 5.340984709021557, distance 0.06150264879442712. Time was Weekend (Tuesday).",
        "key_features": [
          "dst_ip_freq: high",
          "dns_domain_name_freq: -0.7119602307056717"
        ],
        "cluster_novel": "yes",
        "cluster_reason": "low density",
        "alt_hypothesis": "burst scan",
        "attack_ref": "DDoS"
      },
      "B": {
        "label": 1,
        "self_conf": 0.2,
        "rationale": "I agree with the tri-view label because the cluster ID is 14, which is a known anomaly cluster. The cluster has a high density and is located in a dense area, which is a common characteristic of DDoS attacks. Additionally, the cluster has a high duration and a high max_packets_len, which are also common features of DDoS attacks. Therefore, I believe that this is a DDoS attack.",
        "key_features": "dst_ip_freq: high, dns_domain_name_freq: low, duration: high, max_packets_len: high",
        "cluster_novel": "yes",
        "cluster_reason": "high density and long duration",
        "alt_hypothesis": "DDoS attack",
        "attack_ref": "DDoS"
      },
      "C": {
        "label": 1,
        "self_conf": 0.2,
        "rationale": "High packet frequency during weekends",
        "key_features": "dst_ip_freq: high",
        "cluster_novel": "no",
        "cluster_reason": "Low density",
        "alt_hypothesis": "Possible bot activity",
        "attack_ref": "Bot activity"
      }
    },
    "R2": {
      "A": {
        "self_conf_before": 0.2,
        "peer_scores": 0.2,
        "critique": "Anomaly detected in tri-view label with cluster ID 14, size 966, density 5.340984709021557, distance 0.06150264879442712. Time was Weekend (Tuesday).",
        "revise_label": {
          "changed": true,
          "new_label": 1,
          "reason": "Anomaly detected in tri-view label with cluster ID 14, size 966, density 5.340984709021557, distance 0.06150264879442712. Time was Weekend (Tuesday)."
        },
        "self_conf_after": 0.2,
        "clarifying_question": "What is the new label for the tri-view label with cluster ID 14, size 966, density 5.340984709021557, distance 0.06150264879442712, and time Weekend (Tuesday)?"
      },
      "B": {
        "revise_label": {
          "changed": false,
          "new_label": null,
          "reason": ""
        }
      },
      "C": {
        "self_conf_before": 0.2,
        "peer_scores": 0.2,
        "critique": "My rationale agrees with the peers' conclusions, but I have more context and information to support my decision.",
        "changed": true,
        "new_label": 1,
        "reason": "I have observed a high density of packets during weekends, which is a characteristic of DDoS attacks. Additionally, the cluster ID and density are consistent with known DDoS attack patterns. Therefore, I believe that this is a DDoS attack based on the available evidence.",
        "self_conf_after": 0.8,
        "clarifying_question": "Could there be other factors contributing to the high packet frequency besides bot activity, such as a legitimate DDoS attack?"
      }
    },
    "R3": {
      "A": {},
      "B": {},
      "C": {
        "label": 1,
        "self_conf": 0.2,
        "rationale": "High packet frequency during weekends",
        "key_features": "dst_ip_freq: high",
        "cluster_novel": "no",
        "cluster_reason": "Low density",
        "alt_hypothesis": "Possible bot activity",
        "attack_ref": "Bot activity"
      }
    },
    "judge": {
      "final_label": 1,
      "confidence": 0.8,
      "winning_agent": "C",
      "reason": "Agent C's revised label is based on the available evidence, including the high packet frequency during weekends, which is a known characteristic of DDoS attacks. Although Agent A and Agent B also identified the anomaly, Agent C's reasoning is more comprehensive and provides a stronger justification for the label."
    }
  }
}