{
  "sample_summary": {
    "sample_id": "45-9",
    "tri_view_label": 1,
    "slm_final_vote": 1,
    "confidence": 0.8,
    "referee_label": 1
  },
  "debate_dynamics": {
    "dominant_agent": "A",
    "least_agent": "B"
  },
  "_rounds": {
    "R1": {
      "A": {
        "label": 1,
        "self_conf": 0.2,
        "rationale": "The anomaly detected in the tri-view label is an anomaly with a size of 1063 and a density of 5.463529872713533. The cluster ID is 170, and the time is Weekend (Tuesday).",
        "key_features": [
          "dst_ip_freq: high",
          "dns_domain_name_freq: -0.7119602307056717"
        ],
        "cluster_novel": "unknown",
        "cluster_reason": "unknown",
        "alt_hypothesis": "burst scan",
        "attack_ref": "DDoS"
      },
      "B": {
        "label": 1,
        "self_conf": 0.2,
        "rationale": "I agree with the tri-view label because the cluster ID is 170, which is a known anomaly cluster. The cluster has a high density and is located close to the target. The time is also a factor, as it is a weekend and there may be more attacks during this time. The key features of the cluster are the high frequency of the target's IP address and the low frequency of the target's DNS domain name. These features suggest that the target is being targeted by a DDoS attack. The cluster also has a high duration and a low maximum packet length, which are typical characteristics of a DDoS attack. Therefore, I believe that the cluster is an anomaly and should be investigated further.",
        "key_features": "dst_ip_freq: high, dns_domain_name_freq: low, duration: high, max_packets_len: low",
        "cluster_novel": "yes",
        "cluster_reason": "high density, close to target",
        "alt_hypothesis": "DDoS attack",
        "attack_ref": "DDoS"
      },
      "C": {
        "label": 1,
        "self_conf": 0.2,
        "rationale": "High packet frequency during weekends",
        "key_features": "dst_ip_freq: high",
        "cluster_novel": "no",
        "cluster_reason": "High density during weekends",
        "alt_hypothesis": "Possible bot activity",
        "attack_ref": "Bot activity"
      }
    },
    "R2": {
      "A": {
        "self_conf_before": 0.2,
        "peer_scores": 0.2,
        "critique": "The anomaly detected in the tri-view label is an anomaly with a size of 1063 and a density of 5.463529872713533. The cluster ID is 170, and the time is Weekend (Tuesday). The key features of the cluster are the high frequency of the target's IP address and the low frequency of the target's DNS domain name. Therefore, I believe that the cluster is an anomaly and should be investigated further.",
        "revise_label": {
          "changed": true,
          "new_label": 1,
          "reason": "The cluster ID is 170, and the time is Weekend (Tuesday)."
        },
        "self_conf_after": 0.2,
        "clarifying_question": "What is the new label for the cluster ID 170 and time Weekend (Tuesday)?"
      },
      "B": {
        "revise_label": {
          "changed": false,
          "new_label": null,
          "reason": ""
        }
      },
      "C": {
        "self_conf_before": 0.2,
        "peer_scores": 0.2,
        "critique": "I agree with the peers that the cluster ID and time are consistent with a DDoS attack. The high frequency and low DNS domain name frequency suggest that the target is being targeted by a DDoS attack.",
        "changed": true,
        "new_label": 1,
        "reason": "The peers' analysis confirms my suspicions that the cluster is an anomaly and should be investigated further.",
        "self_conf_after": 0.8,
        "clarifying_question": "What other factors could contribute to the high density and location of the cluster?"
      }
    },
    "R3": {
      "A": {},
      "B": {},
      "C": {
        "label": 1,
        "self_conf": 0.2,
        "rationale": "High packet frequency during weekends",
        "key_features": "dst_ip_freq: high",
        "cluster_novel": "no",
        "cluster_reason": "High density during weekends",
        "alt_hypothesis": "Possible bot activity",
        "attack_ref": "Bot activity"
      }
    },
    "judge": {
      "final_label": 1,
      "confidence": 0.8,
      "winning_agent": "C",
      "reason": "Agent C's confidence increased significantly after peer review, and their hypothesis of possible bot activity aligns with the alternative hypothesis of Agent A and B. However, without further information, it's unclear if the anomaly is specifically a DDoS attack or bot activity. Therefore, the label remains 'anomaly' with a confidence of 0.8."
    }
  }
}