{
  "sample_summary": {
    "sample_id": "46-0",
    "tri_view_label": 1,
    "slm_final_vote": 1,
    "confidence": 0.8,
    "referee_label": 1
  },
  "debate_dynamics": {
    "dominant_agent": "A",
    "least_agent": "C"
  },
  "_rounds": {
    "R1": {
      "A": {
        "label": 1,
        "self_conf": 0.2,
        "rationale": "The anomaly detected in the tri-view label is an anomaly with a size of 971 and a density of 5.453038555211897. The cluster ID is 170, and the time is Weekend (Tuesday).",
        "key_features": [
          "dst_ip_freq: high",
          "dns_domain_name_freq: -0.7119602307056717"
        ],
        "cluster_novel": "unknown",
        "cluster_reason": "unknown",
        "alt_hypothesis": "burst scan",
        "attack_ref": "DDoS"
      },
      "B": {
        "label": 1,
        "self_conf": 0.2,
        "rationale": "I agree with the tri-view label because the cluster ID 170 has a high density and is close to the source IP address. Also, the attack type is unknown, so it could be a false positive.",
        "key_features": "dst_ip_freq: high, dns_domain_name_freq: low, duration: short, max_packets_len: high",
        "cluster_novel": "yes",
        "cluster_reason": "high density",
        "alt_hypothesis": "false positive",
        "attack_ref": "unknown"
      },
      "C": {
        "label": 1,
        "self_conf": 0.2,
        "rationale": "High packet frequency during weekends",
        "key_features": "dst_ip_freq: high",
        "cluster_novel": "no",
        "cluster_reason": "Low density",
        "alt_hypothesis": "Possible DDoS attack",
        "attack_ref": "DDoS"
      }
    },
    "R2": {
      "A": {
        "self_conf_before": 0.2,
        "peer_scores": 0.2,
        "critique": "I agree with the tri-view label because the cluster ID 170 has a high density and is close to the source IP address. Also, the attack type is unknown, so it could be a false positive.",
        "revise_label": {
          "changed": true,
          "new_label": 1,
          "reason": "High packet frequency during weekends"
        },
        "self_conf_after": 0.2,
        "clarifying_question": "What is the reason for the revise label change?"
      },
      "B": {
        "self_conf_before": 0.2,
        "peer_scores": 0.2,
        "critique": "I agree with the tri-view label because the cluster ID 170 has a high density and is close to the source IP address. Also, the attack type is unknown, so it could be a false positive.",
        "changed": false,
        "new_label": 1,
        "reason": "I changed my label because the cluster ID 170 has a high density and is close to the source IP address.",
        "self_conf_after": 0.2,
        "clarifying_question": "What is the attack type?"
      },
      "C": {
        "self_conf_before": 0.2,
        "peer_scores": [
          0.2,
          0.2
        ],
        "critique": "I agree with the peers that the anomaly detected in the tri-view label is an anomaly with a high density and is close to the source IP address. Also, the attack type is unknown, so it could be a false positive.",
        "changed": true,
        "new_label": 1,
        "reason": "I have confirmed the peers' assessment that the anomaly is an outlier and that the cluster ID and time of day suggest a DDoS attack.",
        "self_conf_after": 0.8,
        "clarifying_question": "Could the anomaly be caused by a legitimate network issue, such as a DDoS attack, or is it more likely a false positive?"
      }
    },
    "R3": {
      "A": {
        "need_more_info": true,
        "questions": [
          {
            "type": "clarifying_question",
            "question": "What is the reason for the revise label change?"
          }
        ]
      },
      "B": {
        "label": 1,
        "self_conf": 0.8,
        "rationale": "I agree with the peers that the anomaly detected in the tri-view label is an anomaly with a high density and is close to the source IP address. Also, the attack type is unknown, so it could be a false positive.",
        "key_features": "dst_ip_freq: high, dns_domain_name_freq: low, duration: short, max_packets_len: high",
        "cluster_novel": "yes",
        "cluster_reason": "high density",
        "alt_hypothesis": "false positive",
        "attack_ref": "unknown"
      },
      "C": {
        "label": 1,
        "self_conf": 0.2,
        "rationale": "High packet frequency during weekends",
        "key_features": "dst_ip_freq: high",
        "cluster_novel": "no",
        "cluster_reason": "Low density",
        "alt_hypothesis": "Possible DDoS attack",
        "attack_ref": "DDoS"
      }
    },
    "judge": {
      "final_label": 1,
      "confidence": 0.8,
      "winning_agent": "B",
      "reason": "All agents agree that the anomaly is an anomaly with a high density and is close to the source IP address. Agent B provides the most compelling rationale, as they have a higher confidence level and explicitly state that the high density and proximity to the source IP address suggest an anomaly. Additionally, Agent B's hypothesis of a false positive is a valid consideration, as the attack type is unknown."
    }
  }
}