{
  "sample_summary": {
    "sample_id": "46-1",
    "tri_view_label": 1,
    "slm_final_vote": 1,
    "confidence": 0.8,
    "referee_label": 1
  },
  "debate_dynamics": {
    "dominant_agent": "A",
    "least_agent": "C"
  },
  "_rounds": {
    "R1": {
      "A": {
        "label": 1,
        "self_conf": 0.2,
        "rationale": "The anomaly detected in the tri-view label is an anomaly with a size of 971 and a density of 5.453038555211897. The cluster ID is 170, and the time is Weekend (Tuesday).",
        "key_features": [
          "dst_ip_freq: high",
          "dns_domain_name_freq: -0.7119602307056717"
        ],
        "cluster_novel": "unknown",
        "cluster_reason": "unknown",
        "alt_hypothesis": "burst scan",
        "attack_ref": "DDoS"
      },
      "B": {
        "label": 1,
        "self_conf": 0.2,
        "rationale": "I agree with the tri-view label because the cluster ID 170 has a high density and is close to the target IP address.",
        "key_features": "dst_ip_freq: high, dns_domain_name_freq: low, duration: high, max_packets_len: high",
        "cluster_novel": "yes",
        "cluster_reason": "high density",
        "alt_hypothesis": "false positive",
        "attack_ref": "DDoS"
      },
      "C": {
        "label": 1,
        "self_conf": 0.2,
        "rationale": "High packet frequency during weekends",
        "key_features": "dst_ip_freq: high",
        "cluster_novel": "no",
        "cluster_reason": "High density during weekends",
        "alt_hypothesis": "Possible bot activity",
        "attack_ref": "Weekend bot activity"
      }
    },
    "R2": {
      "A": {
        "self_conf_before": 0.2,
        "peer_scores": 0.2,
        "critique": "I agree with the tri-view label because the cluster ID 170 has a high density and is close to the target IP address.",
        "revise_label": {
          "changed": false,
          "new_label": 1,
          "reason": "High packet frequency during weekends"
        },
        "self_conf_after": 0.2,
        "clarifying_question": "What is the reason for the peer's change in label?"
      },
      "B": {
        "self_conf_before": 0.2,
        "peer_scores": 0.2,
        "critique": "I agree with the tri-view label because the cluster ID 170 has a high density and is close to the target IP address.",
        "changed": false,
        "new_label": 1,
        "reason": "I changed my label because the cluster ID 170 has a high density and is close to the target IP address.",
        "self_conf_after": 0.2,
        "clarifying_question": "What is the target IP address?"
      },
      "C": {
        "self_conf_before": 0.2,
        "peer_scores": [
          0.2,
          0.2
        ],
        "critique": "The rationale seems to be based on the tri-view label, which has a higher confidence score than the other label. However, the cluster ID and time of day are not consistent with the tri-view label.",
        "changed": false,
        "new_label": 1,
        "reason": "The cluster density and time of day are consistent with a bot activity hypothesis, which aligns better with the tri-view label.",
        "self_conf_after": 0.8,
        "clarifying_question": "Could the bot activity be caused by a legitimate user with a high packet frequency during weekends?"
      }
    },
    "R3": {
      "A": {
        "need_more_info": true,
        "questions": [
          {
            "label": "What is the target IP address?",
            "self_conf": 0.8,
            "rationale": "The rationale seems to be based on the tri-view label, which has a higher confidence score than the other label. However, the cluster ID and time of day are not consistent with the tri-view label.",
            "clarifying_question": "What is the reason for the peer's change in label?"
          }
        ]
      },
      "B": {},
      "C": {
        "label": 1,
        "self_conf": 0.2,
        "rationale": "High packet frequency during weekends",
        "key_features": "dst_ip_freq: high",
        "cluster_novel": "no",
        "cluster_reason": "High density during weekends",
        "alt_hypothesis": "Possible bot activity",
        "attack_ref": "Weekend bot activity"
      }
    },
    "judge": {
      "final_label": 1,
      "confidence": 0.8,
      "winning_agent": "C",
      "reason": "Agent C's hypothesis of possible bot activity aligns better with the tri-view label, as both suggest high packet frequency during weekends. The other agents' rationales are not as consistent with the tri-view label."
    }
  }
}