{
  "sample_summary": {
    "sample_id": "46-4",
    "tri_view_label": 1,
    "slm_final_vote": 1,
    "confidence": 0.8,
    "referee_label": 1
  },
  "debate_dynamics": {
    "dominant_agent": "A",
    "least_agent": "C"
  },
  "_rounds": {
    "R1": {
      "A": {
        "label": 1,
        "self_conf": 0.2,
        "rationale": "Anomaly detected in tri-view label 1 (anomaly) with confidence 0.2, cluster ID 14, size 1028, density 5.406958307654259, distance 0.22344948224807007.",
        "key_features": [
          "dst_ip_freq: high",
          "dns_domain_name_freq: -0.7119602307056717"
        ],
        "cluster_novel": "yes",
        "cluster_reason": "unknown",
        "alt_hypothesis": "burst scan",
        "attack_ref": "DDoS"
      },
      "B": {
        "label": 1,
        "self_conf": 0.2,
        "rationale": "I agree with the tri-view label because the cluster ID is 14, which is a known anomaly cluster. The cluster has a high density and is located in a suspicious area. The time is also a factor, as it is a weekend and there may be more malicious activity during this time.",
        "key_features": "dst_ip_freq: high, dns_domain_name_freq: low, duration: long, max_packets_len: high",
        "cluster_novel": "yes",
        "cluster_reason": "high density and suspicious location",
        "alt_hypothesis": "DDoS attack",
        "attack_ref": "DDoS"
      },
      "C": {
        "label": 1,
        "self_conf": 0.2,
        "rationale": "High packet frequency during weekends",
        "key_features": "dst_ip_freq: high",
        "cluster_novel": "no",
        "cluster_reason": "Low density",
        "alt_hypothesis": "Possible malware activity",
        "attack_ref": "Malware scanning"
      }
    },
    "R2": {
      "A": {
        "self_conf_before": 0.2,
        "peer_scores": 0.2,
        "critique": "Anomaly detected in tri-view label 1 (anomaly) with confidence 0.2, cluster ID 14, size 1028, density 5.406958307654259, distance 0.22344948224807007. The peer responses suggest that the cluster ID is a known anomaly cluster, with a high density and a weekend time. The cluster has a high packet frequency during weekends. ",
        "revise_label": {
          "changed": true,
          "new_label": 1,
          "reason": "High packet frequency during weekends"
        },
        "self_conf_after": 0.2,
        "clarifying_question": "What are the peer responses suggesting about the cluster ID and packet frequency during weekends, and how does this relate to the anomaly detection label for tri-view label 1?"
      },
      "B": {
        "self_conf_before": 0.2,
        "peer_scores": 0.2,
        "critique": "I agree with the tri-view label because the cluster ID is 14, which is a known anomaly cluster. The cluster has a high density and is located in a suspicious area. The time is also a factor, as it is a weekend and there may be more malicious activity during this time.",
        "changed": false,
        "new_label": 1,
        "reason": "I have changed my label to 1 because the cluster ID is 14, which is a known anomaly cluster. The cluster has a high density and is located in a suspicious area. The time is also a factor, as it is a weekend and there may be more malicious activity during this time.",
        "self_conf_after": 0.2,
        "clarifying_question": "What is the significance of the cluster ID 14?"
      },
      "C": {
        "self_conf_before": 0.2,
        "peer_scores": [
          0.2,
          0.2
        ],
        "critique": "I agree with the peers that the cluster ID 14 is an anomaly cluster and that the density and location of the cluster suggest malicious activity. However, my original rationale based on packet frequency during weekends was not supported by the peers' explanations.",
        "changed": false,
        "new_label": 1,
        "reason": "I believe that the peers' explanations are more reliable than my original rationale, and that the cluster characteristics and time of day are more indicative of malicious activity.",
        "self_conf_after": 0.8,
        "clarifying_question": "Could the observed anomalies be explained by legitimate factors, such as malware scanning activity during weekends or a known cluster behavior?"
      }
    },
    "R3": {
      "A": {},
      "B": {},
      "C": {
        "label": 1,
        "self_conf": 0.8,
        "rationale": "Possible malware activity",
        "key_features": "dst_ip_freq: high",
        "cluster_novel": "no",
        "cluster_reason": "Low density",
        "alt_hypothesis": "Possible malware activity",
        "attack_ref": "Malware scanning"
      }
    },
    "judge": {
      "final_label": 1,
      "confidence": 0.8,
      "winning_agent": "C",
      "reason": "Agent C's revised label and rationale, with a higher confidence, aligns with the consensus of the peers and provides a more compelling justification for the anomaly label based on the key feature of high dst_ip_freq."
    }
  }
}