{
  "sample_summary": {
    "sample_id": "46-5",
    "tri_view_label": 1,
    "slm_final_vote": 1,
    "confidence": 0.6,
    "referee_label": 1
  },
  "debate_dynamics": {
    "dominant_agent": "A",
    "least_agent": "B"
  },
  "_rounds": {
    "R1": {
      "A": {
        "label": 1,
        "self_conf": 0.2,
        "rationale": "Anomaly detected in tri-view label with cluster ID 14, size 1028, density 5.406958307654259, distance 0.3468081456939692. The anomaly is likely due to a malicious IP address scan.",
        "key_features": [
          "dst_ip_freq: high",
          "dns_domain_name_freq: -0.7119602307056717"
        ],
        "cluster_novel": "unknown",
        "cluster_reason": "unknown",
        "alt_hypothesis": "burst scan",
        "attack_ref": "DDoS"
      },
      "B": {
        "label": 1,
        "self_conf": 0.2,
        "rationale": "I agree with the tri-view label because the cluster ID is 14, which is a known cluster, and the cluster size is 1028, which is larger than the average cluster size of 5.4. The cluster density is 5.406958307654259, which is also higher than the average cluster density of 5.4. The cluster is also close to the source, with a distance of 0.3468081456939692, which is higher than the average cluster distance of 0.3. I think the cluster is anomalous because it has a high density and a high distance from the source, which could indicate a malicious activity.",
        "key_features": "dst_ip_freq: high, dns_domain_name_freq: low, duration: long, max_packets_len: long",
        "cluster_novel": "no",
        "cluster_reason": "high density and high distance",
        "alt_hypothesis": "burst scan",
        "attack_ref": "DDoS"
      },
      "C": {
        "label": 1,
        "self_conf": 0.2,
        "rationale": "High packet frequency during weekends",
        "key_features": "dst_ip_freq: high",
        "cluster_novel": "no",
        "cluster_reason": "Low density",
        "alt_hypothesis": "Possible bot activity",
        "attack_ref": "Bot activity"
      }
    },
    "R2": {
      "A": {
        "self_conf_before": 0.2,
        "peer_scores": 0.2,
        "critique": "Anomaly detected in tri-view label with cluster ID 14, size 1028, density 5.406958307654259, distance 0.3468081456939692. The anomaly is likely due to a malicious IP address scan. The cluster is also close to the source, with a distance of 0.3468081456939692, which could indicate a malicious activity. High packet frequency during weekends",
        "revise_label": {
          "changed": true,
          "new_label": 1,
          "reason": "High packet frequency during weekends"
        },
        "self_conf_after": 0.2,
        "clarifying_question": "What is the significance of the cluster ID 14 and the cluster size 1028 in the tri-view label, and how does it relate to the anomaly detected?"
      },
      "B": {
        "revise_label": {
          "changed": false,
          "new_label": null,
          "reason": ""
        }
      },
      "C": {
        "self_conf_before": 0.2,
        "peer_scores": 0.2,
        "critique": "I agree with the peers that the cluster ID and size are consistent with an anomaly, but the cluster density and distance from the source are more significant indicators of potential malicious activity. Further analysis may be necessary to confirm the cluster's behavior.",
        "changed": true,
        "new_label": 1,
        "reason": "The cluster density and distance from the source are more significant indicators of potential malicious activity than the label and confidence score alone.",
        "self_conf_after": 0.5,
        "clarifying_question": "How can we determine the significance of the cluster density and distance from the source in this case?"
      }
    },
    "R3": {
      "A": {},
      "B": {
        "need_more_info": false,
        "questions": [
          "What is the significance of the cluster ID and size in the tri-view label, and how does it relate to the anomaly detected?",
          "How can we determine the significance of the cluster density and distance from the source in this case?"
        ]
      },
      "C": {
        "label": 1,
        "self_conf": 0.2,
        "rationale": "High packet frequency during weekends",
        "key_features": "dst_ip_freq: high",
        "cluster_novel": "no",
        "cluster_reason": "Low density",
        "alt_hypothesis": "Possible bot activity",
        "attack_ref": "Bot activity"
      }
    },
    "judge": {
      "final_label": 1,
      "confidence": 0.6,
      "winning_agent": "C",
      "reason": "Agent C's hypothesis of high packet frequency during weekends is a valid explanation for the anomaly, and it has a slightly higher self-confidence than the other agents. However, all agents agree on the anomaly label, so the winning_agent is determined based on the highest self-confidence."
    }
  }
}