{
  "sample_summary": {
    "sample_id": "46-6",
    "tri_view_label": 1,
    "slm_final_vote": 1,
    "confidence": 0.8,
    "referee_label": 1
  },
  "debate_dynamics": {
    "dominant_agent": "A",
    "least_agent": "C"
  },
  "_rounds": {
    "R1": {
      "A": {},
      "B": {
        "label": 1,
        "self_conf": 0.2,
        "rationale": "I agree with the tri-view label because the cluster ID is  anomaly and the cluster size is high",
        "key_features": "dst_ip_freq: high, dns_domain_name_freq: high, duration: high, max_packets_len: high",
        "cluster_novel": "yes",
        "cluster_reason": "high density",
        "alt_hypothesis": "false positive",
        "attack_ref": "DDoS"
      },
      "C": {
        "label": 1,
        "self_conf": 0.2,
        "rationale": "Low density of dst_ip_freq and dns_domain_name_freq",
        "key_features": "dst_ip_freq: high, dns_domain_name_freq: low",
        "cluster_novel": "no",
        "cluster_reason": "Low density of both features suggests a potential attack",
        "alt_hypothesis": "Possible DNS cache poisoning attack",
        "attack_ref": "DNS cache poisoning"
      }
    },
    "R2": {
      "A": {
        "self_conf_before": 0.2,
        "peer_scores": 0.2,
        "critique": "I agree with the tri-view label because the cluster ID is  anomaly and the cluster size is high",
        "revise_label": {
          "changed": true,
          "new_label": 1,
          "reason": "Low density of dst_ip_freq and dns_domain_name_freq"
        },
        "self_conf_after": 0.2,
        "clarifying_question": "Why did the peer reviewer change their label from 0 to 1 for the cluster ID  anomaly and the cluster size high?"
      },
      "B": {
        "self_conf_before": 0.2,
        "peer_scores": 0.2,
        "critique": "I agree with the tri-view label because the cluster ID is anomaly and the cluster size is high",
        "changed": true,
        "new_label": 1,
        "reason": "I changed my label because the cluster ID is anomaly and the cluster size is high",
        "self_conf_after": 0.2,
        "clarifying_question": "What is the threshold for high density?"
      },
      "C": {
        "self_conf_before": 0.2,
        "peer_scores": [
          0.2,
          0.8
        ],
        "critique": "I agree with the tri-view label because the cluster ID is an anomaly and the cluster size is high, but I am not sure about the rationale provided by the agent 'B'. The rationale mentions both low density of dst_ip_freq and dns_domain_name_freq, but it is not clear to me how these features are related to the cluster ID and the attack. Additionally, the agent's label and confidence are both lower than the other agent's, which raises questions about the reliability of the label.",
        "changed": true,
        "new_label": 1,
        "reason": "Revised rationale based on the discussion with agent 'B'. The rationale now emphasizes the relationship between the cluster ID, dst_ip_freq, and dns_domain_name_freq, which is more relevant to the attack scenario.",
        "self_conf_after": 0.8,
        "clarifying_question": "Could the agent 'B' please provide more context or clarification regarding the rationale they provided?"
      }
    },
    "R3": {
      "A": {},
      "B": {},
      "C": {}
    },
    "judge": {
      "final_label": 1,
      "confidence": 0.8,
      "winning_agent": "C",
      "reason": "Agent C provided a clear rationale explaining how the low density of dst_ip_freq and dns_domain_name_freq is related to the anomaly and the potential attack, while Agents A and B did not provide any new information or justifications in Round-3."
    }
  }
}