{
  "sample_summary": {
    "sample_id": "46-7",
    "tri_view_label": 1,
    "slm_final_vote": 1,
    "confidence": 0.5,
    "referee_label": null
  },
  "debate_dynamics": {
    "dominant_agent": "A",
    "least_agent": "B"
  },
  "_rounds": {
    "R1": {
      "A": {
        "label": 1,
        "self_conf": 0.2,
        "rationale": "The anomaly detected in the tri-view label is an anomaly with a size of 971 and a density of 5.453038555211897. The cluster ID is 170, and the time is Weekend (Tuesday).",
        "key_features": [
          "dst_ip_freq: high",
          "dns_domain_name_freq: -0.7119602307056717"
        ],
        "cluster_novel": "unknown",
        "cluster_reason": "unknown",
        "alt_hypothesis": "burst scan",
        "attack_ref": "DDoS"
      },
      "B": {},
      "C": {
        "label": 1,
        "self_conf": 0.2,
        "rationale": "High packet frequency during weekends",
        "key_features": "dst_ip_freq: high",
        "cluster_novel": "no",
        "cluster_reason": "Low density",
        "alt_hypothesis": "Possible bot activity",
        "attack_ref": "Bot activity"
      }
    },
    "R2": {
      "A": {
        "self_conf_before": 0.2,
        "peer_scores": 0.2,
        "critique": "The anomaly detected in the tri-view label is an anomaly with a size of 971 and a density of 5.453038555211897. The cluster ID is 170, and the time is Weekend (Tuesday).",
        "revise_label": {
          "changed": true,
          "new_label": 1,
          "reason": "High packet frequency during weekends"
        },
        "self_conf_after": 0.2,
        "clarifying_question": "What is the reason for the peer's label change and how does it affect the anomaly detection label?"
      },
      "B": {
        "revise_label": {
          "changed": false,
          "new_label": null,
          "reason": ""
        }
      },
      "C": {
        "self_conf_before": 0.2,
        "peer_scores": [
          0.2,
          null
        ],
        "critique": "The rationale provided does not align with the observed anomaly characteristics. The cluster density and size appear atypical for a bot attack, and the lack of alternative hypotheses further weakens the confidence in the label.",
        "changed": false,
        "new_label": 1,
        "reason": "Revised rationale based on the peer review comments. The cluster characteristics and time of day suggest a bot attack, which aligns better with the observed anomaly characteristics.",
        "self_conf_after": 0.8,
        "clarifying_question": "Could the cluster density and size be influenced by other factors besides bot activity, such as network congestion or legitimate user activity?"
      }
    },
    "R3": {
      "A": {},
      "B": {},
      "C": {}
    },
    "judge": {
      "_raw_output": "{\n  \"final_label\": 1,\n  \"confidence\": 0.8,\n  \"winning_agent\": \"C\",\n  \"reason\": \"Agent C's revised rationale, based on the peer review comments, aligns better with the observed anomaly characteristics, including the high packet frequency during weekends and the cluster characteristics. Agent C's confidence in the label has also significantly increased.\""
    }
  }
}