{
  "sample_summary": {
    "sample_id": "46-8",
    "tri_view_label": 1,
    "slm_final_vote": 1,
    "confidence": 0.6,
    "referee_label": 1
  },
  "debate_dynamics": {
    "dominant_agent": "A",
    "least_agent": "A"
  },
  "_rounds": {
    "R1": {
      "A": {
        "label": 1,
        "self_conf": 0.2,
        "rationale": "The anomaly detected in the tri-view label is an anomaly with a tri-view label of 1 (anomaly) and confidence of 0.2. The cluster ID is 75, with a size of 1037, density of 5.17712315582783, and a distance of 0.22101988794245012. The time was Weekend (Tuesday).",
        "key_features": [
          "dst_ip_freq: high",
          "dns_domain_name_freq: -0.7119602307056717"
        ],
        "cluster_novel": "unknown",
        "cluster_reason": "unknown",
        "alt_hypothesis": "burst scan",
        "attack_ref": "DDoS"
      },
      "B": {
        "label": 1,
        "self_conf": 0.2,
        "rationale": "I agree with the tri-view label because the cluster ID is 75, which is a known anomaly cluster. The cluster size is 1037, which is larger than the average cluster size of 5.17712315582783. The cluster density is 5.17712315582783, which is also larger than the average cluster density of 5.17712315582783. The cluster is also located in a dense area, which increases the likelihood of anomalies. The cluster is also located on a Tuesday, which is a weekend day, which may increase the likelihood of anomalies due to less network traffic. Therefore, I agree with the tri-view label and the cluster's characteristics.",
        "key_features": "dst_ip_freq: high, dns_domain_name_freq: low, duration: long, max_packets_len: high",
        "cluster_novel": "yes",
        "cluster_reason": "large size, high density, dense location, weekend day",
        "alt_hypothesis": "false positive",
        "attack_ref": "DDoS"
      },
      "C": {
        "label": 1,
        "self_conf": 0.2,
        "rationale": "High packet frequency during weekends",
        "key_features": "dst_ip_freq: high",
        "cluster_novel": "no",
        "cluster_reason": "Low density",
        "alt_hypothesis": "Possible DDoS attack",
        "attack_ref": "DDoS"
      }
    },
    "R2": {
      "A": {
        "revise_label": {
          "changed": false,
          "new_label": null,
          "reason": ""
        }
      },
      "B": {
        "revise_label": {
          "changed": false,
          "new_label": null,
          "reason": ""
        }
      },
      "C": {
        "self_conf_before": 0.2,
        "peer_scores": [
          0.2,
          0.2
        ],
        "critique": "I agree with the tri-view label because the cluster ID is 75, which is a known anomaly cluster. The cluster size is 1037, which is larger than the average cluster size of 5.17712315582783. The cluster density is 5.17712315582783, which is also larger than the average cluster density of 5.17712315582783. The cluster is also located in a dense area, which increases the likelihood of anomalies. The cluster is also located on a Tuesday, which is a weekend day, which may increase the likelihood of anomalies due to less network traffic.",
        "changed": false,
        "new_label": 1,
        "reason": "I agree with the tri-view label and the cluster's characteristics.",
        "self_conf_after": 0.2,
        "clarifying_question": "Could the cluster characteristics be artificially inflated due to the specific location (dense area) and time of day (weekend)?"
      }
    },
    "R3": {
      "A": {},
      "B": {},
      "C": {
        "label": 1,
        "self_conf": 0.2,
        "rationale": "High packet frequency during weekends",
        "key_features": "dst_ip_freq: high",
        "cluster_novel": "no",
        "cluster_reason": "Low density",
        "alt_hypothesis": "Possible DDoS attack",
        "attack_ref": "DDoS"
      }
    },
    "judge": {
      "final_label": 1,
      "confidence": 0.6,
      "winning_agent": "B",
      "reason": "Agent B's rationale provides a more comprehensive justification for the anomaly label, taking into account the larger cluster size, larger cluster density, and the location on a weekend day. These factors increase the likelihood of anomalies and support the tri-view label."
    }
  }
}