{
  "sample_summary": {
    "sample_id": "46-9",
    "tri_view_label": 1,
    "slm_final_vote": 1,
    "confidence": 0.8,
    "referee_label": 1
  },
  "debate_dynamics": {
    "dominant_agent": "A",
    "least_agent": "A"
  },
  "_rounds": {
    "R1": {
      "A": {
        "label": 1,
        "self_conf": 0.2,
        "rationale": "Anomaly detected in cluster 14 with tri-view label 1 (anomaly) and confidence 0.2. Cluster ID: 14, size: 1028, density: 5.406958307654259, dist: 0.08932670270858192.",
        "key_features": [
          "dst_ip_freq: high",
          "dns_domain_name_freq: -0.7119602307056717"
        ],
        "cluster_novel": "yes",
        "cluster_reason": "low density",
        "alt_hypothesis": "burst scan",
        "attack_ref": "DDoS"
      },
      "B": {
        "label": 1,
        "self_conf": 0.2,
        "rationale": "I agree with the tri-view label because the cluster ID is 14, which is a known attack type (DDoS), and the cluster has a high density and is close to the time of the attack (Tuesday).",
        "key_features": "dst_ip_freq: 0.962, dns_domain_name_freq: -0.711, duration: -0.192, max_packets_len: 0.693",
        "cluster_novel": "yes",
        "cluster_reason": "high density",
        "alt_hypothesis": "DDoS",
        "attack_ref": "DDoS"
      },
      "C": {
        "label": 1,
        "self_conf": 0.2,
        "rationale": "High packet frequency during weekends",
        "key_features": "dst_ip_freq: high",
        "cluster_novel": "no",
        "cluster_reason": "Low density",
        "alt_hypothesis": "Possible DDoS attack",
        "attack_ref": "DDoS"
      }
    },
    "R2": {
      "A": {
        "revise_label": {
          "changed": false,
          "new_label": null,
          "reason": ""
        }
      },
      "B": {
        "revise_label": {
          "changed": false,
          "new_label": null,
          "reason": ""
        }
      },
      "C": {
        "self_conf_before": 0.2,
        "peer_scores": [
          0.2,
          0.2
        ],
        "critique": "I agree with the peers that the cluster ID 14 is suspicious due to its high density and proximity to the attack time. However, my original rationale based on packet frequency during weekends was more specific and pointed towards a DDoS attack based on the tri-view label and confidence score.",
        "changed": true,
        "new_label": 1,
        "reason": "I have more confidence in the peers' tri-view label and confidence score compared to my original rationale. Additionally, the cluster ID and density information provided by the peers further support the possibility of a DDoS attack.",
        "self_conf_after": 0.8,
        "clarifying_question": "Is there any additional information or context that could contribute to the high density and proximity to the attack time?"
      }
    },
    "R3": {
      "A": {
        "label": 1,
        "self_conf": 0.8,
        "rationale": "Anomaly detected in cluster 14 with tri-view label 1 (anomaly) and confidence 0.8. Cluster ID: 14, size: 1028, density: 5.406958307654259, dist: 0.08932670270858192, alt_hypothesis: burst scan, attack_ref: DDoS",
        "key_features": [
          "dst_ip_freq: high",
          "dns_domain_name_freq: -0.7119602307056717"
        ],
        "cluster_novel": "yes",
        "cluster_reason": "low density",
        "alt_hypothesis": "burst scan",
        "attack_ref": "DDoS",
        "revise_label": {
          "changed": false,
          "new_label": null,
          "reason": ""
        }
      },
      "B": {
        "need_more_info": false,
        "questions": []
      },
      "C": {
        "label": 1,
        "self_conf": 0.2,
        "rationale": "High packet frequency during weekends",
        "key_features": "dst_ip_freq: high",
        "cluster_novel": "no",
        "cluster_reason": "Low density",
        "alt_hypothesis": "Possible DDoS attack",
        "attack_ref": "DDoS"
      }
    },
    "judge": {
      "final_label": 1,
      "confidence": 0.8,
      "winning_agent": "A",
      "reason": "Agent A's label and confidence have been revised based on the consensus of the peers and the tri-view label with a higher confidence score. The cluster's high density and proximity to the attack time, as well as the key features of high dst_ip_freq and low dns_domain_name_freq, support the anomaly detection and the DDoS hypothesis."
    }
  }
}