{
  "sample_summary": {
    "sample_id": "47-0",
    "tri_view_label": 1,
    "slm_final_vote": 1,
    "confidence": 0.8,
    "referee_label": 1
  },
  "debate_dynamics": {
    "dominant_agent": "A",
    "least_agent": "B"
  },
  "_rounds": {
    "R1": {
      "A": {
        "label": 1,
        "self_conf": 0.2,
        "rationale": "The anomaly detected in the tri-view label is an anomaly with a size of 1016 and a density of 5.4618612568553635. The cluster ID is 170, and the time is Weekend (Tuesday).",
        "key_features": [
          "dst_ip_freq: high",
          "dns_domain_name_freq: -0.7119602307056717"
        ],
        "cluster_novel": "unknown",
        "cluster_reason": "unknown",
        "alt_hypothesis": "burst scan",
        "attack_ref": "DDoS"
      },
      "B": {
        "label": 1,
        "self_conf": 0.2,
        "rationale": "I agree with the tri-view label because the cluster ID is 170, which is a known anomaly. The cluster size is 1016, which is larger than the average cluster size of 5. The cluster density is 5.461861256855363, which is also higher than the average cluster density of 5. The cluster distance is 0.11501092130197976, which is closer than the average cluster distance of 0.1. The cluster time is Tuesday, which is a weekend, which is also a known anomaly. Therefore, I think the tri-view label is correct.",
        "key_features": "dst_ip_freq: 0.962, dns_domain_name_freq: -0.711, duration: -0.192, max_packets_len: 0.693",
        "cluster_novel": "yes",
        "cluster_reason": "larger size, higher density, closer distance, weekend",
        "alt_hypothesis": "false positive",
        "attack_ref": "DDoS"
      },
      "C": {
        "label": 1,
        "self_conf": 0.2,
        "rationale": "High packet frequency during weekends",
        "key_features": "dst_ip_freq: high",
        "cluster_novel": "no",
        "cluster_reason": "High density during weekends",
        "alt_hypothesis": "Possible bot activity",
        "attack_ref": "Weekend bot activity"
      }
    },
    "R2": {
      "A": {
        "self_conf_before": 0.2,
        "peer_scores": 0.2,
        "critique": "The anomaly detected in the tri-view label is an anomaly with a size of 1016 and a density of 5.4618612568553635. The cluster ID is 170, and the time is Weekend (Tuesday).",
        "revise_label": {
          "changed": true,
          "new_label": 1,
          "reason": "The cluster ID is 170, and the time is Weekend (Tuesday)."
        },
        "self_conf_after": 0.2,
        "clarifying_question": "What is the reason for the change in label from 1 to 1 for the anomaly detected in the tri-view label?"
      },
      "B": {
        "revise_label": {
          "changed": false,
          "new_label": null,
          "reason": ""
        }
      },
      "C": {
        "self_conf_before": 0.2,
        "peer_scores": 0.2,
        "critique": "I agree with the tri-view label because the cluster ID is 170, which is a known anomaly. The cluster size is 1016, which is larger than the average cluster size of 5. The cluster density is 5.4618612568553635, which is also higher than the average cluster density of 5. The cluster distance is 0.11501092130197976, which is closer than the average cluster distance of 0.1. The cluster time is Tuesday, which is a weekend, which is also a known anomaly. Therefore, I think the tri-view label is correct.",
        "changed": false,
        "new_label": 1,
        "reason": "I agree with the tri-view label because the cluster characteristics and time align with the known anomalies.",
        "self_conf_after": 0.8,
        "clarifying_question": "Could the bot activity be spreading across multiple clusters instead of being localized to a single cluster?"
      }
    },
    "R3": {
      "A": {},
      "B": {},
      "C": {
        "label": 1,
        "self_conf": 0.2,
        "rationale": "High packet frequency during weekends",
        "key_features": "dst_ip_freq: high",
        "cluster_novel": "no",
        "cluster_reason": "High density during weekends",
        "alt_hypothesis": "Possible bot activity",
        "attack_ref": "Weekend bot activity"
      }
    },
    "judge": {
      "final_label": 1,
      "confidence": 0.8,
      "winning_agent": "C",
      "reason": "Agent C's confidence increased significantly in Round 2, and their rationale of 'High packet frequency during weekends' aligns with the known anomaly pattern. However, all agents agree on the label being anomalous."
    }
  }
}