{
  "sample_summary": {
    "sample_id": "47-2",
    "tri_view_label": 1,
    "slm_final_vote": 1,
    "confidence": 0.8,
    "referee_label": 1
  },
  "debate_dynamics": {
    "dominant_agent": "A",
    "least_agent": "B"
  },
  "_rounds": {
    "R1": {
      "A": {
        "label": 1,
        "self_conf": 0.2,
        "rationale": "The anomaly detected in the tri-view label is an anomaly with a size of 1016 and a density of 5.4618612568553635. The cluster ID is 170, and the time is Weekend (Tuesday).",
        "key_features": [
          "dst_ip_freq: high",
          "dns_domain_name_freq: -0.7119602307056717"
        ],
        "cluster_novel": "unknown",
        "cluster_reason": "unknown",
        "alt_hypothesis": "burst scan",
        "attack_ref": "DDoS"
      },
      "B": {
        "label": 1,
        "self_conf": 0.2,
        "rationale": "I agree with the tri-view label because the cluster ID is 170, which is a known anomaly. The cluster size is 1016, which is larger than the average cluster size of 5.461861256855363. The cluster density is 5.461861256855363, which is also higher than the average cluster density of 5.461. The cluster is also located in a different time zone, which is a possible sign of a malicious activity. The cluster is also located in a different network, which is another possible sign of a malicious activity. Therefore, I agree with the tri-view label and I think that the cluster is an anomaly.",
        "key_features": "dst_ip_freq: high, dns_domain_name_freq: low, duration: long, max_packets_len: high",
        "cluster_novel": "yes",
        "cluster_reason": "low density, shifted center",
        "alt_hypothesis": "burst scan",
        "attack_ref": "DDoS"
      },
      "C": {
        "label": 1,
        "self_conf": 0.2,
        "rationale": "High packet frequency during weekends",
        "key_features": "dst_ip_freq: high",
        "cluster_novel": "no",
        "cluster_reason": "Low density",
        "alt_hypothesis": "Possible malware activity",
        "attack_ref": "Malware scanning"
      }
    },
    "R2": {
      "A": {
        "self_conf_before": 0.2,
        "peer_scores": 0.2,
        "critique": "The anomaly detected in the tri-view label is an anomaly with a size of 1016 and a density of 5.4618612568553635. The cluster ID is 170, and the time is Weekend (Tuesday).",
        "revise_label": {
          "changed": true,
          "new_label": 1,
          "reason": "The cluster ID is 170, and the time is Weekend (Tuesday)."
        },
        "self_conf_after": 0.2,
        "clarifying_question": "Is the cluster ID 170 and the time Weekend (Tuesday) a valid reason for changing the label?"
      },
      "B": {
        "revise_label": {
          "changed": false,
          "new_label": null,
          "reason": ""
        }
      },
      "C": {
        "self_conf_before": 0.2,
        "peer_scores": 0.2,
        "critique": "I agree with the tri-view label because the cluster ID is 170, which is a known anomaly. The cluster size is 1016, which is larger than the average cluster size of 5.461861256855363. The cluster density is 5.461861256855363, which is also higher than the average cluster density of 5.461. The cluster is also located in a different time zone, which is a possible sign of a malicious activity. The cluster is also located in a different network, which is another possible sign of a malicious activity. Therefore, I agree with the tri-view label and I think that the cluster is an anomaly.",
        "changed": false,
        "new_label": 1,
        "reason": "I agree with the tri-view label and I think that the cluster is an anomaly.",
        "self_conf_after": 0.8,
        "clarifying_question": "Is there any other information or context that could be relevant to understanding this anomaly?"
      }
    },
    "R3": {
      "A": {},
      "B": {
        "need_more_info": false,
        "questions": []
      },
      "C": {
        "label": 1,
        "self_conf": 0.2,
        "rationale": "High packet frequency during weekends",
        "key_features": "dst_ip_freq: high",
        "cluster_novel": "no",
        "cluster_reason": "Low density",
        "alt_hypothesis": "Possible malware activity",
        "attack_ref": "Malware scanning"
      }
    },
    "judge": {
      "final_label": 1,
      "confidence": 0.8,
      "winning_agent": "C",
      "reason": "Agent C's confidence increased significantly in Round 2, and while all agents agree on the anomaly label, Agent C's rationale of 'High packet frequency during weekends' is a valid reason for detecting an anomaly."
    }
  }
}