{
  "sample_summary": {
    "sample_id": "47-4",
    "tri_view_label": 1,
    "slm_final_vote": 1,
    "confidence": 0.8,
    "referee_label": 1
  },
  "debate_dynamics": {
    "dominant_agent": "A",
    "least_agent": "C"
  },
  "_rounds": {
    "R1": {
      "A": {
        "label": 1,
        "self_conf": 0.2,
        "rationale": "The anomaly detected in the tri-view label is an anomaly with a size of 1016 and a density of 5.4618612568553635. The cluster ID is 170, and the time is Weekend (Tuesday).",
        "key_features": [
          "dst_ip_freq: high",
          "dns_domain_name_freq: -0.7119602307056717"
        ],
        "cluster_novel": "unknown",
        "cluster_reason": "unknown",
        "alt_hypothesis": "burst scan",
        "attack_ref": "DDoS"
      },
      "B": {
        "label": 1,
        "self_conf": 0.2,
        "rationale": "I agree with the tri-view label because the cluster ID is 170, which is a known attack type.",
        "key_features": "dst_ip_freq: 0.962, dns_domain_name_freq: -0.711, duration: -0.192, max_packets_len: 0.693",
        "cluster_novel": "yes",
        "cluster_reason": "low density",
        "alt_hypothesis": "burst scan",
        "attack_ref": "DDoS"
      },
      "C": {
        "label": 1,
        "self_conf": 0.2,
        "rationale": "High packet frequency during weekends",
        "key_features": "dst_ip_freq: high",
        "cluster_novel": "no",
        "cluster_reason": "High density during weekends",
        "alt_hypothesis": "Possible bot activity",
        "attack_ref": "Weekend bot activity"
      }
    },
    "R2": {
      "A": {
        "self_conf_before": 0.2,
        "peer_scores": 0.2,
        "critique": "I agree with the tri-view label because the cluster ID is 170, which is a known attack type.",
        "revise_label": {
          "changed": true,
          "new_label": 1,
          "reason": "High packet frequency during weekends"
        },
        "self_conf_after": 0.2,
        "clarifying_question": "What is the reason for the peer's change in labeling the anomaly as a cluster with ID 170 and a packet frequency of 1016 during weekends?"
      },
      "B": {
        "self_conf_before": 0.2,
        "peer_scores": 0.2,
        "critique": "I agree with the tri-view label because the cluster ID is 170, which is a known attack type.",
        "changed": false,
        "new_label": 1,
        "reason": "I changed my label because the cluster ID is 170, which is a known attack type.",
        "self_conf_after": 0.2,
        "clarifying_question": "What is the cluster ID?"
      },
      "C": {
        "self_conf_before": 0.2,
        "peer_scores": [
          0.2,
          0.2
        ],
        "critique": "My rationale still holds, but the peer scores suggest a higher level of confidence in the tri-view label.",
        "changed": false,
        "new_label": 1,
        "reason": "The peer scores indicate a higher level of confidence in the tri-view label, which aligns with my original rationale.",
        "self_conf_after": 0.8,
        "clarifying_question": "Could there be other factors contributing to the high density during weekends besides bot activity?"
      }
    },
    "R3": {
      "A": {
        "need_more_info": true,
        "questions": [
          {
            "label": "What is the reason for the peer's change in labeling the anomaly as a cluster with ID 170 and a packet frequency of 1016 during weekends?",
            "self_conf": 0.2,
            "rationale": "The peer's change in labeling the anomaly as a cluster with ID 170 and a packet frequency of 1016 during weekends is due to the peer's increased confidence in the tri-view label, which suggests that the cluster ID is a known attack type. The peer's rationale suggests that the high packet frequency during weekends is a contributing factor to the high density during weekends."
          }
        ]
      },
      "B": {},
      "C": {
        "need_more_info": false,
        "questions": [
          "What is the reason for the cluster ID?"
        ]
      }
    },
    "judge": {
      "final_label": 1,
      "confidence": 0.8,
      "winning_agent": "C",
      "reason": "The peer scores indicate a higher level of confidence in the tri-view label, and Agent C's original rationale of high packet frequency during weekends aligns with the known attack type (cluster ID 170) and the high density during weekends."
    }
  }
}