{
  "sample_summary": {
    "sample_id": "47-5",
    "tri_view_label": 1,
    "slm_final_vote": 1,
    "confidence": 0.6,
    "referee_label": 1
  },
  "debate_dynamics": {
    "dominant_agent": "A",
    "least_agent": "C"
  },
  "_rounds": {
    "R1": {
      "A": {
        "label": 1,
        "self_conf": 0.2,
        "rationale": "The anomaly detected in the tri-view label is an anomaly with a size of 76 and a density of 3.0808212415897067. The cluster ID is 155, and the time is Weekend (Tuesday).",
        "key_features": [
          "dst_ip_freq: high",
          "dns_domain_name_freq: low"
        ],
        "cluster_novel": "unknown",
        "cluster_reason": "unknown",
        "alt_hypothesis": "burst scan",
        "attack_ref": "DDoS"
      },
      "B": {
        "label": 1,
        "self_conf": 0.2,
        "rationale": "I agree with the tri-view label because the cluster ID is  anomaly and the cluster size is high",
        "key_features": "dst_ip_freq: high, dns_domain_name_freq: high, duration: high, max_packets_len: high",
        "cluster_novel": "yes",
        "cluster_reason": "high density",
        "alt_hypothesis": "DDoS",
        "attack_ref": "DDoS"
      },
      "C": {
        "label": 1,
        "self_conf": 0.2,
        "rationale": "High packet frequency during weekends",
        "key_features": "dst_ip_freq: high",
        "cluster_novel": "no",
        "cluster_reason": "High density during weekends",
        "alt_hypothesis": "Possible bot activity",
        "attack_ref": "Weekend bot activity"
      }
    },
    "R2": {
      "A": {
        "self_conf_before": 0.2,
        "peer_scores": 0.2,
        "critique": "I agree with the tri-view label because the cluster ID is 155 and the cluster size is high. The cluster novelty is unknown, while the cluster reason is DDoS. The alt hypothesis is burst scan. The attack ref is DDoS.",
        "revise_label": {
          "changed": true,
          "new_label": 1,
          "reason": "The alt hypothesis is burst scan"
        },
        "self_conf_after": 0.2,
        "clarifying_question": "What is the alt hypothesis in the context of the anomaly detected in the tri-view label, and why is it different from the original label?"
      },
      "B": {
        "self_conf_before": 0.2,
        "peer_scores": 0.2,
        "critique": "I agree with the tri-view label because the cluster ID is an anomaly and the cluster size is high",
        "changed": false,
        "new_label": 1,
        "reason": "I have not changed my label",
        "self_conf_after": 0.2,
        "clarifying_question": "What is the cluster size?"
      },
      "C": {
        "self_conf_before": 0.2,
        "peer_scores": [
          0.2,
          0.2
        ],
        "critique": "The rationale seems to be based on the tri-view label, which may be influenced by other factors besides bot activity. It would be more informative to investigate the cluster ID and time of day more thoroughly before making a label decision.",
        "changed": false,
        "new_label": 1,
        "reason": "The cluster ID and time of day are more likely to be indicative of bot activity than the tri-view label, which may be influenced by other factors such as packet frequency during weekends.",
        "self_conf_after": 0.4,
        "clarifying_question": "Could there be other factors besides bot activity that could be contributing to the high cluster density during weekends?"
      }
    },
    "R3": {
      "A": {
        "need_more_info": true,
        "questions": [
          {
            "label": "What is the cluster size?",
            "self_conf": 0.2,
            "rationale": "The rationale seems to be based on the tri-view label, which may be influenced by other factors besides bot activity. It would be more informative to investigate the cluster ID and time of day more thoroughly before making a label decision.",
            "key_features": [
              "dst_ip_freq: high",
              "dns_domain_name_freq: low"
            ],
            "cluster_novel": "unknown",
            "cluster_reason": "unknown",
            "alt_hypothesis": "burst scan",
            "attack_ref": "DDoS"
          }
        ],
        "clarifying_question": "What is the alt hypothesis in the context of the anomaly detected in the tri-view label, and why is it different from the original label?"
      },
      "B": {
        "need_more_info": false,
        "questions": [
          "What is the alt hypothesis in the context of the anomaly detected in the tri-view label, and why is it different from the original label?"
        ]
      },
      "C": {
        "label": 1,
        "self_conf": 0.4,
        "rationale": "High packet frequency during weekends",
        "key_features": "dst_ip_freq: high",
        "cluster_novel": "no",
        "cluster_reason": "High density during weekends",
        "alt_hypothesis": "Possible bot activity",
        "attack_ref": "Weekend bot activity"
      }
    },
    "judge": {
      "final_label": 1,
      "confidence": 0.6,
      "winning_agent": "C",
      "reason": "Agent C's rationale is based on the cluster density during weekends, which is a more specific and relevant factor to the anomaly than the tri-view label. The other agents' rationales are either based on the tri-view label alone or lack sufficient detail to make a definitive decision."
    }
  }
}