{
  "sample_summary": {
    "sample_id": "47-6",
    "tri_view_label": 1,
    "slm_final_vote": 1,
    "confidence": 0.4,
    "referee_label": 1
  },
  "debate_dynamics": {
    "dominant_agent": "A",
    "least_agent": "B"
  },
  "_rounds": {
    "R1": {
      "A": {
        "label": 1,
        "self_conf": 0.2,
        "rationale": "The anomaly detected in the tri-view label is an anomaly with a tri-view label of 1 (anomaly) and confidence of 0.2. The cluster ID is 14, with a size of 1050, density of 5.419990950832394, and a distance of 0.11225241774370216.",
        "key_features": [
          "dst_ip_freq: high"
        ],
        "cluster_novel": "yes",
        "cluster_reason": "low density",
        "alt_hypothesis": "burst scan",
        "attack_ref": "DDoS"
      },
      "B": {
        "label": 1,
        "self_conf": 0.2,
        "rationale": "I agree with the tri-view label because the cluster ID is 14, which is a known anomaly cluster. The cluster has a high density and is located in a suspicious area. The time is also a factor, as it is a weekend and there may be more attacks during this time.",
        "key_features": "dst_ip_freq: high, dns_domain_name_freq: low, duration: long, max_packets_len: high",
        "cluster_novel": "yes",
        "cluster_reason": "high density, suspicious location",
        "alt_hypothesis": "DDoS attack",
        "attack_ref": "DDoS"
      },
      "C": {
        "label": 1,
        "self_conf": 0.2,
        "rationale": "High packet frequency during weekends",
        "key_features": "dst_ip_freq: high",
        "cluster_novel": "no",
        "cluster_reason": "Low density",
        "alt_hypothesis": "Possible DDoS attack",
        "attack_ref": "DDoS"
      }
    },
    "R2": {
      "A": {
        "self_conf_before": 0.2,
        "peer_scores": 0.2,
        "critique": "The anomaly detected in the tri-view label is an anomaly with a tri-view label of 1 (anomaly) and confidence of 0.2. The cluster ID is 14, with a size of 1050, density of 5.419990950832394, and a distance of 0.11225241774370216. The cluster_novel reason is low density. The cluster_reason is low density. The alt_hypothesis is burst scan. The attack_ref is DDoS.",
        "revise_label": {
          "changed": true,
          "new_label": 1,
          "reason": "The cluster ID is 14, with a size of 1050, density of 5.419990950832394, and a distance of 0.11225241774370216. The cluster_novel reason is low density. The cluster_reason is low density. The alt_hypothesis is burst scan. The attack_ref is DDoS."
        },
        "self_conf_after": 0.2,
        "clarifying_question": "What is the reason for the cluster ID being 14, with a size of 1050, density of 5.419990950832394, and a distance of 0.11225241774370216?"
      },
      "B": {
        "revise_label": {
          "changed": false,
          "new_label": null,
          "reason": ""
        }
      },
      "C": {
        "self_conf_before": 0.2,
        "peer_scores": [
          0.2,
          0.2
        ],
        "critique": "I agree with the peers that the anomaly detected in the tri-view label is an anomaly with a tri-view label of 1 and confidence of 0.2. The cluster ID is 14, which is a known anomaly cluster. The cluster has a high density and is located in a suspicious area. The time is also a factor, as it is a weekend and there may be more attacks during this time.",
        "changed": true,
        "new_label": 1,
        "reason": "I agree with the peers that the anomaly is an anomaly and that the cluster characteristics and time of day suggest a DDoS attack.",
        "self_conf_after": 0.4,
        "clarifying_question": "Is there any evidence other than the tri-view label and confidence to support the claim that this is a DDoS attack?"
      }
    },
    "R3": {
      "A": {},
      "B": {
        "need_more_info": false,
        "questions": []
      },
      "C": {
        "label": 1,
        "self_conf": 0.2,
        "rationale": "High packet frequency during weekends",
        "key_features": "dst_ip_freq: high",
        "cluster_novel": "no",
        "cluster_reason": "Low density",
        "alt_hypothesis": "Possible DDoS attack",
        "attack_ref": "DDoS"
      }
    },
    "judge": {
      "final_label": 1,
      "confidence": 0.4,
      "winning_agent": "C",
      "reason": "Agent C's revised label is based on the consensus of the tri-view label and the peers' scores, and the rationale provided is clear and concise. The cluster ID being a known anomaly cluster and the high density and suspicious location also support the claim of a DDoS attack."
    }
  }
}