{
  "sample_summary": {
    "sample_id": "47-8",
    "tri_view_label": 1,
    "slm_final_vote": 1,
    "confidence": 0.8,
    "referee_label": 1
  },
  "debate_dynamics": {
    "dominant_agent": "C",
    "least_agent": "A"
  },
  "_rounds": {
    "R1": {
      "A": {
        "label": 1,
        "self_conf": 0.2,
        "rationale": "The anomaly detected in the tri-view label is an anomaly with a tri-view label of 1 (anomaly) and confidence of 0.2. The cluster ID is 75, with size of 957, density of 5.405118688170376, and distance of 0.2839925448666926.",
        "key_features": [
          "dst_ip_freq: high",
          "dns_domain_name_freq: -0.7119602307056717"
        ],
        "cluster_novel": "unknown",
        "cluster_reason": "unknown",
        "alt_hypothesis": "burst scan",
        "attack_ref": "DDoS"
      },
      "B": {
        "label": 1,
        "self_conf": 0.2,
        "rationale": "I agree with the tri-view label because the cluster ID is 75, which is a known anomaly cluster. The cluster size is 957, which is larger than the average cluster size of 5. The cluster density is 5.405118688170376, which is also higher than the average cluster density of 5. The cluster is also located in a high-traffic area, which increases the likelihood of anomalies. The cluster is also located on a Tuesday, which is a busy day for network traffic. Therefore, I believe that this is an anomaly.",
        "key_features": "dst_ip_freq: 0.962, dns_domain_name_freq: -0.711, duration: -0.192, max_packets_len: 0.693",
        "cluster_novel": "yes",
        "cluster_reason": "high density",
        "alt_hypothesis": "burst scan",
        "attack_ref": "DDoS"
      },
      "C": {
        "label": 1,
        "self_conf": 0.2,
        "rationale": "High packet frequency during weekends",
        "key_features": "dst_ip_freq: high",
        "cluster_novel": "no",
        "cluster_reason": "Low density",
        "alt_hypothesis": "Possible DDoS attack",
        "attack_ref": "DDoS"
      }
    },
    "R2": {
      "A": {
        "revise_label": {
          "changed": false,
          "new_label": null,
          "reason": ""
        }
      },
      "B": {
        "revise_label": {
          "changed": false,
          "new_label": null,
          "reason": ""
        }
      },
      "C": {
        "self_conf_before": 0.2,
        "peer_scores": 0.2,
        "critique": "I agree with the peers that this is an anomaly. The cluster ID, size, density, and time of day all suggest an anomaly. However, the original rationale 'High packet frequency during weekends' is less clear and could be improved by providing more context or data points.",
        "changed": false,
        "new_label": 1,
        "reason": "Anomaly detected in the tri-view label with a tri-view label of 1 and confidence of 0.2. The cluster ID, size, density, and time of day all suggest an anomaly.",
        "self_conf_after": 0.8,
        "clarifying_question": "Could you provide more context or data points to help clarify the original rationale?"
      }
    },
    "R3": {
      "A": {},
      "B": {
        "need_more_info": false,
        "questions": []
      },
      "C": {
        "need_more_info": false,
        "questions": [
          "High packet frequency during weekends"
        ]
      }
    },
    "judge": {
      "final_label": 1,
      "confidence": 0.8,
      "winning_agent": "C",
      "reason": "Agent C provided a clearer rationale in Round 2, acknowledging the anomaly and providing additional context. While all agents agreed on the anomaly label, Agent C's revised rationale was more comprehensive and detailed."
    }
  }
}