{
  "sample_summary": {
    "sample_id": "48-0",
    "tri_view_label": 1,
    "slm_final_vote": 1,
    "confidence": 0.5,
    "referee_label": null
  },
  "debate_dynamics": {
    "dominant_agent": "A",
    "least_agent": "C"
  },
  "_rounds": {
    "R1": {
      "A": {
        "label": 1,
        "self_conf": 0.2,
        "rationale": "The anomaly detected in the tri-view label is an anomaly with a tri-view label of 1 (anomaly) and confidence of 0.2. The cluster ID is 194, with a size of 352, a density of 3.7520408104410135, and a distance of 0.23521828644523096.",
        "key_features": [
          "dst_ip_freq: -0.3183606169854546",
          "dns_domain_name_freq: 1.4045859516912094"
        ],
        "cluster_novel": "yes",
        "cluster_reason": "low density",
        "alt_hypothesis": "burst scan",
        "attack_ref": "DDoS"
      },
      "B": {
        "label": 1,
        "self_conf": 0.2,
        "rationale": "I agree with the tri-view label because the cluster ID is  anomaly and the cluster size is high.",
        "key_features": "dst_ip_freq: high, dns_domain_name_freq: high, duration: high, max_packets_len: high",
        "cluster_novel": "yes",
        "cluster_reason": "high density",
        "alt_hypothesis": "burst scan",
        "attack_ref": "DDoS"
      },
      "C": {
        "label": 1,
        "self_conf": 0.2,
        "rationale": "Low density of dst_ip_freq and dns_domain_name_freq",
        "key_features": "dst_ip_freq: high, dns_domain_name_freq: low",
        "cluster_novel": "no",
        "cluster_reason": "Low density of both features",
        "alt_hypothesis": "Possible bot activity",
        "attack_ref": "Bot activity"
      }
    },
    "R2": {
      "A": {
        "self_conf_before": 0.2,
        "peer_scores": 0.2,
        "critique": "I agree with the tri-view label because the cluster ID is 194, with a size of 352, a density of 3.7520408104410135, and a distance of 0.23521828644523096. The alt hypothesis is burst scan. The attack ref is DDoS.",
        "revise_label": {
          "changed": true,
          "new_label": 1,
          "reason": "Burst scan"
        },
        "self_conf_after": 0.2,
        "clarifying_question": "What is the alt hypothesis for the anomaly detected in the tri-view label, and why is it considered a low density?"
      },
      "B": {
        "self_conf_before": 0.2,
        "peer_scores": 0.2,
        "critique": "I agree with the tri-view label because the cluster ID is an anomaly and the cluster size is high.",
        "changed": false,
        "new_label": 1,
        "reason": "I changed my label because the cluster ID is an anomaly and the cluster size is high.",
        "self_conf_after": 0.2,
        "clarifying_question": "What is the cluster ID?"
      },
      "C": {
        "self_conf_before": 0.2,
        "peer_scores": [
          0.2,
          0.2
        ],
        "critique": "I agree with the peers that the anomaly detected in the tri-view label is an anomaly with a tri-view label of 1 and confidence of 0.2. However, my rationale is based on the density of dst_ip_freq and dns_domain_name_freq, which are both high. I would need more information to determine if the anomaly is an actual bot activity or a normal outlier.",
        "changed": true,
        "new_label": 1,
        "reason": "I have revised my rationale to take into account the density of both dst_ip_freq and dns_domain_name_freq, which are both high, which aligns better with a bot activity scenario.",
        "self_conf_after": 0.4,
        "clarifying_question": "Could the high density of dst_ip_freq and dns_domain_name_freq be influenced by a combination of bot and human activity?"
      }
    },
    "R3": {
      "A": {},
      "B": {
        "need_more_info": false,
        "questions": [
          "Could the high density of dst_ip_freq and dns_domain_name_freq be influenced by a combination of bot and human activity?"
        ]
      },
      "C": {
        "label": 1,
        "self_conf": 0.2,
        "rationale": "I agree with the peers that the anomaly detected in the tri-view label is an anomaly with a tri-view label of 1 and confidence of 0.2. However, my rationale is based on the density of dst_ip_freq and dns_domain_name_freq, which are both high. I would need more information to determine if the anomaly is an actual bot activity or a normal outlier.",
        "changed": true,
        "new_label": 1,
        "reason": "I have revised my rationale to take into account the density of both dst_ip_freq and dns_domain_name_freq, which are both high, which aligns better with a bot activity scenario.",
        "self_conf_after": 0.4,
        "clarifying_question": "Could the high density of dst_ip_freq and dns_domain_name_freq be influenced by a combination of bot and human activity?"
      }
    },
    "judge": {
      "_raw_output": "{\n  \"final_label\": 1,\n  \"confidence\": 0.6,\n  \"winning_agent\": \"C\",\n  \"reason\": \"Agents A and B both agree that the anomaly is labeled as 1 with a confidence of 0.2. However, Agent C provides a more detailed rationale, stating that the high density of both dst_ip_freq and dns_domain_name_freq aligns better with a bot activity scenario. Agent C also asks a clarifying question to gather more information, demonstrating a willingness to consider various perspectives. Therefore, Agent C's argument is more compelling.\""
    }
  }
}