{
  "sample_summary": {
    "sample_id": "48-1",
    "tri_view_label": 1,
    "slm_final_vote": 1,
    "confidence": 0.5,
    "referee_label": null
  },
  "debate_dynamics": {
    "dominant_agent": "A",
    "least_agent": "B"
  },
  "_rounds": {
    "R1": {
      "A": {
        "label": 1,
        "self_conf": 0.2,
        "rationale": "The anomaly detected in the tri-view label is an anomaly with a size of 781 and a density of 5.479065114178395. The cluster ID is 75, and the time is Weekend (Tuesday).",
        "key_features": [
          "dst_ip_freq: high",
          "dns_domain_name_freq: -0.7119602307056717"
        ],
        "cluster_novel": "unknown",
        "cluster_reason": "unknown",
        "alt_hypothesis": "burst scan",
        "attack_ref": "DDoS"
      },
      "B": {
        "label": 1,
        "self_conf": 0.2,
        "rationale": "I agree with the tri-view label because the cluster ID is 75, which is a known anomaly cluster. The cluster size is large, density is high, and the distance is small, indicating a potential attack. The cluster is also on a weekend, which is a common time for attacks to occur.",
        "key_features": "dst_ip_freq: high, dns_domain_name_freq: low, duration: short, max_packets_len: high",
        "cluster_novel": "yes",
        "cluster_reason": "low density, shifted center",
        "alt_hypothesis": "burst scan",
        "attack_ref": "DDoS"
      },
      "C": {
        "label": 1,
        "self_conf": 0.2,
        "rationale": "High packet frequency during weekends",
        "key_features": "dst_ip_freq: high",
        "cluster_novel": "no",
        "cluster_reason": "Low density",
        "alt_hypothesis": "Possible malware activity",
        "attack_ref": "Malware scanning"
      }
    },
    "R2": {
      "A": {
        "self_conf_before": 0.2,
        "peer_scores": 0.2,
        "critique": "I agree with the tri-view label because the cluster ID is 75, which is a known anomaly cluster. The cluster size is large, density is high, and the distance is small, indicating a potential attack. The cluster is also on a weekend, which is a common time for attacks to occur.",
        "revise_label": {
          "changed": true,
          "new_label": 1,
          "reason": "High packet frequency during weekends"
        },
        "self_conf_after": 0.2,
        "clarifying_question": "What is the significance of the packet frequency during weekends in the context of the anomaly detected in the tri-view label?"
      },
      "B": {
        "revise_label": {
          "changed": false,
          "new_label": null,
          "reason": ""
        }
      },
      "C": {
        "self_conf_before": 0.2,
        "peer_scores": [
          0.2,
          0.2
        ],
        "critique": "I agree with the tri-view label because the cluster ID is 75, which is a known anomaly cluster. The cluster size is large, density is high, and the distance is small, indicating a potential attack. The cluster is also on a weekend, which is a common time for attacks to occur.",
        "changed": true,
        "new_label": 1,
        "reason": "I believe the tri-view label is accurate and that the cluster characteristics suggest an attack, despite the low confidence score.",
        "self_conf_after": 0.4,
        "clarifying_question": "Is there any evidence other than the cluster characteristics to support the tri-view label?"
      }
    },
    "R3": {
      "A": {
        "need_more_info": true,
        "questions": [
          {
            "label": "What is the significance of the packet frequency during weekends in the context of the anomaly detected in the tri-view label?",
            "self_conf": 0.2,
            "rationale": "The cluster ID is 75, and the time is Weekend (Tuesday). The packet frequency during weekends is high, indicating that the anomaly detected in the tri-view label is likely a weekend-specific attack. The cluster size is large, density is high, and the distance is small, indicating that the attack is likely to be a large-scale, coordinated attack. The cluster is also on a weekend, which is a common time for attacks to occur. This evidence supports the tri-view label."
          }
        ]
      },
      "B": {
        "label": 1,
        "self_conf": 0.4,
        "rationale": "I agree with the tri-view label because the cluster ID is 75, which is a known anomaly cluster. The cluster size is large, density is high, and the distance is small, indicating a potential attack. The cluster is also on a weekend, which is a common time for attacks to occur.",
        "key_features": "dst_ip_freq: high, dns_domain_name_freq: low, duration: short, max_packets_len: high",
        "cluster_novel": "yes",
        "cluster_reason": "low density, shifted center",
        "alt_hypothesis": "burst scan",
        "attack_ref": "DDoS"
      },
      "C": {
        "label": 1,
        "self_conf": 0.2,
        "rationale": "High packet frequency during weekends",
        "key_features": "dst_ip_freq: high",
        "cluster_novel": "no",
        "cluster_reason": "Low density",
        "alt_hypothesis": "Possible malware activity",
        "attack_ref": "Malware scanning"
      }
    },
    "judge": {
      "_raw_output": "{\n  \"final_label\": 1,\n  \"confidence\": 0.6,\n  \"winning_agent\": \"A\",\n  \"reason\": \"All agents agree on the anomaly label (1), but Agent A provides a more comprehensive justification, including the significance of the high packet frequency during weekends, which is a known characteristic of weekend-specific attacks. This evidence, along with the known anomaly cluster (ID 75) and the large cluster size, density, and distance, strongly supports the tri-view label.\""
    }
  }
}