{
  "sample_summary": {
    "sample_id": "48-3",
    "tri_view_label": 1,
    "slm_final_vote": 1,
    "confidence": 0.6,
    "referee_label": 1
  },
  "debate_dynamics": {
    "dominant_agent": "A",
    "least_agent": "C"
  },
  "_rounds": {
    "R1": {
      "A": {
        "label": 1,
        "self_conf": 0.2,
        "rationale": "Cluster ID: 201, size: 53, density: 1.0287516172014068, dist: 0.8440031301982064, time: Weekend, contrast: Sample is far from cluster center",
        "key_features": [
          "dst_ip_freq: -0.3183606169854546",
          "dns_domain_name_freq: 1.4045859516912094"
        ],
        "cluster_novel": "unknown",
        "cluster_reason": "unknown",
        "alt_hypothesis": "burst scan",
        "attack_ref": "DDoS"
      },
      "B": {
        "label": 1,
        "self_conf": 0.2,
        "rationale": "The sample is far from the cluster center.",
        "key_features": "dst_ip_freq: high, dns_domain_name_freq: high, duration: high",
        "cluster_novel": "yes",
        "cluster_reason": "sample is far from cluster center",
        "alt_hypothesis": "burst scan",
        "attack_ref": "DDoS"
      },
      "C": {
        "label": 1,
        "self_conf": 0.2,
        "rationale": "Low density of dst_ip_freq and dns_domain_name_freq",
        "key_features": "dst_ip_freq: high, dns_domain_name_freq: low",
        "cluster_novel": "no",
        "cluster_reason": "Low density of both features suggests an outlier",
        "alt_hypothesis": "Possible malicious activity",
        "attack_ref": "Low density outlier"
      }
    },
    "R2": {
      "A": {
        "self_conf_before": 0.2,
        "peer_scores": 0.2,
        "critique": "The sample is far from the cluster center. Low density of dst_ip_freq and dns_domain_name_freq. Reason: Burst scan",
        "revise_label": {
          "changed": true,
          "new_label": 1,
          "reason": "Burst scan"
        },
        "self_conf_after": 0.2,
        "clarifying_question": "What is the reason for the label change from 1 to 1 in the peer responses?"
      },
      "B": {
        "self_conf_before": 0.2,
        "peer_scores": 0.2,
        "critique": "The sample is far from the cluster center.",
        "changed": false,
        "new_label": 1,
        "reason": "The sample is far from the cluster center.",
        "self_conf_after": 0.2,
        "clarifying_question": "What is the cluster center?"
      },
      "C": {
        "self_conf_before": 0.2,
        "peer_scores": [
          0.2,
          0.2
        ],
        "critique": "Cluster ID: 201, size: 53, density: 1.0287516172014068, dist: 0.8440031301982064, time: Weekend, contrast: Sample is far from cluster center",
        "changed": true,
        "new_label": 1,
        "reason": "The sample is far from the cluster center, which suggests an outlier",
        "self_conf_after": 0.4,
        "clarifying_question": "What is the significance of the cluster ID and size in this context?"
      }
    },
    "R3": {
      "A": {
        "need_more_info": true,
        "questions": [
          {
            "label": "What is the significance of the cluster ID and size in this context?",
            "self_conf": 0.4,
            "rationale": "Cluster ID: 201, size: 53, density: 1.0287516172014068, dist: 0.8440031301982064, time: Weekend, contrast: Sample is far from cluster center",
            "key_features": [
              "dst_ip_freq: -0.3183606169854546",
              "dns_domain_name_freq: 1.4045859516912094"
            ],
            "cluster_novel": "unknown",
            "cluster_reason": "unknown",
            "alt_hypothesis": "burst scan",
            "attack_ref": "DDoS"
          }
        ]
      },
      "B": {
        "need_more_info": false,
        "questions": [
          "What is the significance of the cluster ID and size in this context?"
        ]
      },
      "C": {
        "label": 1,
        "self_conf": 0.4,
        "rationale": "The sample is far from the cluster center, which suggests an outlier",
        "key_features": "dst_ip_freq: high, dns_domain_name_freq: low",
        "cluster_novel": "no",
        "cluster_reason": "Low density of both features suggests an outlier",
        "alt_hypothesis": "Possible malicious activity",
        "attack_ref": "Low density outlier"
      }
    },
    "judge": {
      "final_label": 1,
      "confidence": 0.6,
      "winning_agent": "C",
      "reason": "Agent C's label and confidence are the highest among the agents, and the rationale of 'The sample is far from the cluster center, which suggests an outlier' is a valid justification for anomaly detection."
    }
  }
}