{
  "sample_summary": {
    "sample_id": "48-4",
    "tri_view_label": 1,
    "slm_final_vote": 1,
    "confidence": 1.0,
    "referee_label": 1
  },
  "debate_dynamics": {
    "dominant_agent": "A",
    "least_agent": "B"
  },
  "_rounds": {
    "R1": {
      "A": {
        "label": 1,
        "self_conf": 0.2,
        "rationale": "The anomaly detected in the tri-view label is an anomaly with a size of 760 and a density of 5.524487797979748. The cluster ID is 14, and the time is Weekend (Tuesday).",
        "key_features": [
          "dst_ip_freq: high",
          "dns_domain_name_freq: -0.7119602307056717"
        ],
        "cluster_novel": "unknown",
        "cluster_reason": "unknown",
        "alt_hypothesis": "burst scan",
        "attack_ref": "DDoS"
      },
      "B": {
        "label": 1,
        "self_conf": 0.2,
        "rationale": "I agree with the tri-view label because the cluster ID is 14, which is a known anomaly cluster. The cluster size is 760, which is larger than the average cluster size of 5.524487797979748. The cluster density is 5.524487797979748, which is also higher than the average cluster density of 5.524487797979748. The cluster is also located in a dense area, which increases the likelihood of anomalies. The cluster is also located on a Tuesday, which is a weekend, which may indicate that the cluster is under more stress and more prone to anomalies. Therefore, I agree with the tri-view label and the cluster ID.",
        "key_features": "dst_ip_freq: 0.962, dns_domain_name_freq: -0.711, duration: -0.192, max_packets_len: 0.693",
        "cluster_novel": "yes",
        "cluster_reason": "high density",
        "alt_hypothesis": "false positive",
        "attack_ref": "DDoS"
      },
      "C": {
        "label": 1,
        "self_conf": 0.2,
        "rationale": "High packet frequency during weekends",
        "key_features": "dst_ip_freq: high",
        "cluster_novel": "no",
        "cluster_reason": "Low density",
        "alt_hypothesis": "Possible bot activity",
        "attack_ref": "Bot activity"
      }
    },
    "R2": {
      "A": {
        "self_conf_before": 0.2,
        "peer_scores": 0.2,
        "critique": "The anomaly detected in the tri-view label is an anomaly with a size of 760 and a density of 5.524487797979748. The cluster ID is 14, and the time is Weekend (Tuesday).",
        "revise_label": {
          "changed": true,
          "new_label": 1,
          "reason": "The cluster ID is 14, and the time is Weekend (Tuesday)."
        },
        "self_conf_after": 0.2,
        "clarifying_question": "Why is the cluster ID 14 and the time Weekend (Tuesday)?"
      },
      "B": {
        "revise_label": {
          "changed": false,
          "new_label": null,
          "reason": ""
        }
      },
      "C": {
        "revise_label": {
          "changed": false,
          "new_label": null,
          "reason": ""
        }
      }
    },
    "R3": {
      "A": {
        "need_more_info": true,
        "questions": [
          "Why is the cluster ID 14 and the time Weekend (Tuesday)?",
          "What is the new label for the cluster ID 14 and the time Weekend (Tuesday)?",
          "What is the reason for the change in the cluster ID and time?",
          "What is the new cluster ID for the time Weekend (Tuesday)?",
          "What is the new label for the time Weekend (Tuesday)?"
        ]
      },
      "B": {},
      "C": {
        "need_more_info": true,
        "questions": [
          "Why is the cluster ID 14 and the time Weekend (Tuesday)?"
        ]
      }
    },
    "judge": {
      "final_label": 1,
      "confidence": 1.0,
      "winning_agent": "A",
      "reason": "Agent A's rationale provides clear justification for the anomaly label based on the given data, including the cluster ID, time, and size of the anomaly. Agents B and C did not provide sufficient information to challenge Agent A's label."
    }
  }
}