{
  "sample_summary": {
    "sample_id": "48-9",
    "tri_view_label": 1,
    "slm_final_vote": 1,
    "confidence": 0.8,
    "referee_label": 1
  },
  "debate_dynamics": {
    "dominant_agent": "C",
    "least_agent": "A"
  },
  "_rounds": {
    "R1": {
      "A": {
        "label": 1,
        "self_conf": 0.2,
        "rationale": "The anomaly detected in the tri-view label is an anomaly with a tri-view label of 1 (anomaly) and confidence of 0.2. The cluster ID is 14, with a size of 760, a density of 5.524487797979748, and a distance of 0.1663475892642888. The time was Weekend (Tuesday).",
        "key_features": [
          "dst_ip_freq: high",
          "dns_domain_name_freq: -0.7119602307056717"
        ],
        "cluster_novel": "unknown",
        "cluster_reason": "unusual size",
        "alt_hypothesis": "false positive",
        "attack_ref": "unknown"
      },
      "B": {
        "label": 1,
        "self_conf": 0.2,
        "rationale": "I agree with the tri-view label because the cluster ID is 14, which is a known anomaly cluster. The cluster size is 760, which is larger than the average cluster size of 524. The cluster density is 5.524487797979748, which is also higher than the average cluster density of 5.24. The cluster is also located in a high-density area, which increases the likelihood of anomalies. The cluster is also located on a Tuesday, which is a weekend day, which may indicate that the cluster is more active and prone to anomalies. Therefore, I agree with the tri-view label and the cluster label.",
        "key_features": "dst_ip_freq: 0.962, dns_domain_name_freq: -0.71, duration: -0.19, max_packets_len: 0.69",
        "cluster_novel": "yes",
        "cluster_reason": "high density",
        "alt_hypothesis": "burst scan",
        "attack_ref": "DDoS"
      },
      "C": {
        "label": 1,
        "self_conf": 0.2,
        "rationale": "High packet frequency during weekends",
        "key_features": "dst_ip_freq: high",
        "cluster_novel": "no",
        "cluster_reason": "Low density",
        "alt_hypothesis": "Possible bot activity",
        "attack_ref": "Bot activity"
      }
    },
    "R2": {
      "A": {
        "revise_label": {
          "changed": false,
          "new_label": null,
          "reason": ""
        }
      },
      "B": {
        "revise_label": {
          "changed": false,
          "new_label": null,
          "reason": ""
        }
      },
      "C": {
        "self_conf_before": 0.2,
        "peer_scores": 0.2,
        "critique": "I agree with the tri-view label because the cluster ID is 14, which is a known anomaly cluster. The cluster size is 760, which is larger than the average cluster size of 524. The cluster density is 5.524487797979748, which is also higher than the average cluster density of 5.24. The cluster is also located in a high-density area, which increases the likelihood of anomalies. The cluster is also located on a Tuesday, which is a weekend day, which may indicate that the cluster is more active and prone to anomalies. Therefore, I agree with the tri-view label and the cluster label.",
        "changed": true,
        "new_label": 1,
        "reason": "I agree with the tri-view label and the cluster label because the cluster ID, size, density, and time of day suggest that the cluster may be an anomaly.",
        "self_conf_after": 0.8,
        "clarifying_question": "Could the cluster be an outlier caused by a technical issue or a legitimate anomaly that is not representative of the cluster's typical behavior?"
      }
    },
    "R3": {
      "A": {
        "label": 1,
        "self_conf": 0.8,
        "rationale": "The anomaly detected in the tri-view label is an anomaly with a tri-view label of 1 (anomaly) and confidence of 0.8. The cluster ID is 14, with a size of 760, a density of 5.524487797979748, and a distance of 0.1663475892642888. The time was Weekend (Tuesday).",
        "key_features": [
          "dst_ip_freq: high",
          "dns_domain_name_freq: -0.7119602307056717"
        ],
        "cluster_novel": "unknown",
        "cluster_reason": "unusual size",
        "alt_hypothesis": "false positive",
        "attack_ref": "unknown",
        "revise_label": {
          "changed": false,
          "new_label": null,
          "reason": ""
        }
      },
      "B": {},
      "C": {
        "label": 1,
        "self_conf": 0.2,
        "rationale": "High packet frequency during weekends",
        "key_features": "dst_ip_freq: high",
        "cluster_novel": "no",
        "cluster_reason": "Low density",
        "alt_hypothesis": "Possible bot activity",
        "attack_ref": "Bot activity"
      }
    },
    "judge": {
      "final_label": 1,
      "confidence": 0.8,
      "winning_agent": "A",
      "reason": "Agent A's rationale provides a comprehensive explanation of the anomaly based on the given data, including the tri-view label, cluster size, density, time of day, and key features. Agent B's rationale is similar but does not add new information. Agent C's rationale is not as strong as the others and does not provide a clear justification for the label."
    }
  }
}