{
  "sample_summary": {
    "sample_id": "49-1",
    "tri_view_label": 1,
    "slm_final_vote": 1,
    "confidence": 0.5,
    "referee_label": null
  },
  "debate_dynamics": {
    "dominant_agent": "A",
    "least_agent": "C"
  },
  "_rounds": {
    "R1": {
      "A": {
        "label": 1,
        "self_conf": 0.2,
        "rationale": "Anomaly detected due to high number of packets with destination IP address 192.168.127.12 and low packet size (0.69 MB).",
        "key_features": [
          "dst_ip_freq: high",
          "dns_domain_name_freq: 1.4"
        ],
        "cluster_novel": "unknown",
        "cluster_reason": "unknown",
        "alt_hypothesis": "burst scan",
        "attack_ref": "DDoS"
      },
      "B": {
        "label": 1,
        "self_conf": 0.2,
        "rationale": "I agree with the tri-view label because the cluster is far from the centroid and in a sparse cluster.",
        "key_features": "dst_ip_freq: high, dns_domain_name_freq: high, duration: high, max_packets_len: high",
        "cluster_novel": "yes",
        "cluster_reason": "sparse cluster",
        "alt_hypothesis": "burst scan",
        "attack_ref": "DDoS"
      },
      "C": {
        "label": 1,
        "self_conf": 0.2,
        "rationale": "Low density of dst_ip_freq and dns_domain_name_freq",
        "key_features": "dst_ip_freq: high, dns_domain_name_freq: high",
        "cluster_novel": "no",
        "cluster_reason": "Low density of features",
        "alt_hypothesis": "Unknown",
        "attack_ref": "Low density of features"
      }
    },
    "R2": {
      "A": {
        "self_conf_before": 0.2,
        "peer_scores": 0.2,
        "critique": "Anomaly detected due to high number of packets with destination IP address 192.168.127.12 and low packet size (0.69 MB).",
        "revise_label": {
          "changed": false,
          "new_label": 0,
          "reason": null
        },
        "self_conf_after": 0.2,
        "clarifying_question": "Why did the anomaly detection system detect this anomaly?"
      },
      "B": {
        "self_conf_before": 0.2,
        "peer_scores": 0.2,
        "critique": "I agree with the tri-view label because the cluster is far from the centroid and in a sparse cluster.",
        "changed": false,
        "new_label": 1,
        "reason": "I have decided to keep the label as 1.",
        "self_conf_after": 0.2,
        "clarifying_question": "What is the threshold for defining a sparse cluster?"
      },
      "C": {
        "self_conf_before": 0.2,
        "peer_scores": [
          0.2,
          0.2
        ],
        "critique": "I agree with the peers that an anomaly is detected due to the high density of packets with destination IP address 192.168.127.12 and low packet size (0.69 MB). However, my rationale is different. My original rationale was based on the low density of features, but the presence of a single outlier with these characteristics suggests an anomaly. Additionally, the cluster is far from the centroid, which could be an indication of an outlier. Therefore, I would keep the label and update my confidence score.",
        "changed": true,
        "new_label": 1,
        "reason": "Anomaly detected due to a single outlier with high density of packets and low packet size",
        "self_conf_after": 0.4,
        "clarifying_question": "How can we determine the significance of the outlier with such a high density of packets and low packet size?"
      }
    },
    "R3": {
      "A": {},
      "B": {},
      "C": {
        "label": 1,
        "self_conf": 0.2,
        "rationale": "Anomaly detected due to a single outlier with high density of packets and low packet size",
        "key_features": "dst_ip_freq: high, dns_domain_name_freq: high",
        "cluster_novel": "no",
        "cluster_reason": "Low density of features",
        "alt_hypothesis": "Unknown",
        "attack_ref": "Low density of features"
      }
    },
    "judge": {
      "_raw_output": "{\n  \"final_label\": 1,\n  \"confidence\": 0.4,\n  \"winning_agent\": \"C\",\n  \"reason\": \"Agent C's rationale of anomaly being detected due to a single outlier with high density of packets and low packet size is the most compelling explanation, as it addresses both the high frequency of the destination IP address and the low packet size.\""
    }
  }
}