{
  "sample_summary": {
    "sample_id": "49-2",
    "tri_view_label": 1,
    "slm_final_vote": 1,
    "confidence": 0.6,
    "referee_label": 1
  },
  "debate_dynamics": {
    "dominant_agent": "A",
    "least_agent": "C"
  },
  "_rounds": {
    "R1": {
      "A": {
        "label": 1,
        "self_conf": 0.2,
        "rationale": "The anomaly is a tri-view label with a tri-view label ID of 201, a cluster ID of 201, and a cluster contrast of sample belongs to a sparse cluster. The cluster ID is 201, which is a sparse cluster with a density of 0.9905438761425795 and a distance of 0.6643793032887805.",
        "key_features": [
          "dst_ip_freq: -0.3183606169854546",
          "dns_domain_name_freq: 1.4045859516912094"
        ],
        "cluster_novel": "yes",
        "cluster_reason": "unusual size",
        "alt_hypothesis": "false positive",
        "attack_ref": "unknown"
      },
      "B": {
        "label": 1,
        "self_conf": 0.2,
        "rationale": "I agree with the tri-view label because the cluster is sparse",
        "key_features": "dst_ip_freq: high, dns_domain_name_freq: high, duration: high",
        "cluster_novel": "yes",
        "cluster_reason": "sparse",
        "alt_hypothesis": "burst scan",
        "attack_ref": "DDoS"
      },
      "C": {
        "label": 1,
        "self_conf": 0.2,
        "rationale": "Low density of dst_ip_freq and dns_domain_name_freq",
        "key_features": "dst_ip_freq: high, dns_domain_name_freq: low",
        "cluster_novel": "no",
        "cluster_reason": "Low density of features",
        "alt_hypothesis": "Possible malicious activity",
        "attack_ref": "Low density of features"
      }
    },
    "R2": {
      "A": {
        "self_conf_before": 0.2,
        "peer_scores": 0.2,
        "critique": "The anomaly is a tri-view label with a tri-view label ID of 201, a cluster ID of 201, and a cluster contrast of sample belongs to a sparse cluster. The cluster ID is 201, which is a sparse cluster with a density of 0.9905438761425795 and a distance of 0.6643793032887805. The cluster_novel reason is unusual size. The cluster_reason is false positive. The alt_hypothesis is false positive. The attack_ref is unknown.",
        "revise_label": {
          "changed": true,
          "new_label": 1,
          "reason": "The anomaly is a tri-view label with a tri-view label ID of 201, a cluster ID of 201, and a cluster contrast of sample belongs to a sparse cluster. The cluster ID is 201, which is a sparse cluster with a density of 0.9905438761425795 and a distance of 0.6643793032887805. The cluster_novel reason is unusual size. The cluster_reason is false positive. The alt_hypothesis is false positive. The attack_ref is unknown."
        },
        "self_conf_after": 0.2,
        "clarifying_question": "What is the reason for the anomaly's label being false positive, and what is the new label that was proposed by the peer responses?"
      },
      "B": {
        "self_conf_before": 0.2,
        "peer_scores": 0.2,
        "critique": "I agree with the tri-view label because the cluster is sparse",
        "changed": false,
        "new_label": 1,
        "reason": "I still think the cluster is sparse",
        "self_conf_after": 0.2,
        "clarifying_question": "What is the cluster's density?"
      },
      "C": {
        "revise_label": {
          "changed": false,
          "new_label": null,
          "reason": ""
        }
      }
    },
    "R3": {
      "A": {},
      "B": {
        "label": 1,
        "self_conf": 0.2,
        "questions": [
          "What is the cluster's density?",
          "What is the cluster's distance?",
          "What is the cluster's reason for being a false positive?"
        ],
        "cluster_novel": "yes",
        "cluster_reason": "sparse",
        "alt_hypothesis": "burst scan",
        "attack_ref": "DDoS"
      },
      "C": {
        "need_more_info": false,
        "questions": [
          "What is the reason for the anomaly's label being false positive, and what is the new label that was proposed by the peer responses?"
        ]
      }
    },
    "judge": {
      "final_label": 1,
      "confidence": 0.6,
      "winning_agent": "A",
      "reason": "All agents agree on the anomaly label being 1, and Agent A provides the most detailed rationale, including the cluster ID, density, and distance, which justifies the label as a sparse cluster. While Agent B agrees with this assessment, they do not provide additional information beyond this agreement. Agent C's low-density hypothesis does not contradict Agent A's rationale and does not provide a compelling alternative explanation. Therefore, Agent A's more comprehensive rationale earns the majority vote."
    }
  }
}