{
  "sample_summary": {
    "sample_id": "49-3",
    "tri_view_label": 1,
    "slm_final_vote": 1,
    "confidence": 0.5,
    "referee_label": 1
  },
  "debate_dynamics": {
    "dominant_agent": "A",
    "least_agent": "C"
  },
  "_rounds": {
    "R1": {
      "A": {
        "label": 1,
        "self_conf": 0.2,
        "rationale": "Cluster ID: 192, size: 82, density: 0.751445951143926, dist: 1.1287010564123514",
        "key_features": [
          "dst_ip_freq: -0.3183606169854546",
          "dns_domain_name_freq: 1.4045859516912094"
        ],
        "cluster_novel": "no",
        "cluster_reason": "unknown",
        "alt_hypothesis": "burst scan",
        "attack_ref": "DDoS"
      },
      "B": {
        "label": 1,
        "self_conf": 0.2,
        "rationale": "I agree with the tri-view label because the cluster is far from the centroid and in a sparse cluster.",
        "key_features": "dst_ip_freq: high, dns_domain_name_freq: high, duration: high, max_packets_len: high",
        "cluster_novel": "yes",
        "cluster_reason": "sparse cluster",
        "alt_hypothesis": "burst scan",
        "attack_ref": "DDoS"
      },
      "C": {
        "label": 1,
        "self_conf": 0.2,
        "rationale": "Low density of dst_ip_freq and dns_domain_name_freq suggest a potential outlier in the cluster.",
        "key_features": "dst_ip_freq: high, dns_domain_name_freq: high",
        "cluster_novel": "no",
        "cluster_reason": "Low density of features suggests a potential outlier in the cluster.",
        "alt_hypothesis": "Possible malicious activity based on outlier behavior.",
        "attack_ref": "Anomaly detected in the cluster."
      }
    },
    "R2": {
      "A": {
        "self_conf_before": 0.2,
        "peer_scores": 0.2,
        "critique": "Cluster ID: 192, size: 82, density: 0.751445951143926, dist: 1.1287010564123514",
        "revise_label": {
          "changed": true,
          "new_label": 1,
          "reason": "Low density of dst_ip_freq and dns_domain_name_freq suggest a potential outlier in the cluster."
        },
        "self_conf_after": 0.2,
        "clarifying_question": "Why did the peer revise your label to 1?"
      },
      "B": {
        "self_conf_before": 0.2,
        "peer_scores": 0.2,
        "critique": "I agree with the tri-view label because the cluster is far from the centroid and in a sparse cluster.",
        "changed": false,
        "new_label": 1,
        "reason": "I changed my label because the cluster is far from the centroid and in a sparse cluster.",
        "self_conf_after": 0.2,
        "clarifying_question": "What is the cluster size?"
      },
      "C": {
        "self_conf_before": 0.2,
        "peer_scores": [
          0.2,
          0.2
        ],
        "critique": "I agree with the peers that the cluster is far from the centroid and in a sparse cluster. However, my original rationale suggested a potential outlier based on low density of dst_ip_freq and dns_domain_name_freq. This inconsistency suggests that the cluster may be an outlier even though the peers agree on the tri-view label.",
        "changed": true,
        "new_label": 1,
        "reason": "I believe the cluster may be an outlier based on the conflicting evidence from both the centroid and the sparse cluster view. Further analysis and investigation may be necessary to confirm or refute this outlier label.",
        "self_conf_after": 0.4,
        "clarifying_question": "Could there be other factors or features contributing to the observed sparse cluster besides the outlier behavior?"
      }
    },
    "R3": {
      "A": {},
      "B": {
        "label": 1,
        "self_conf": 0.4,
        "rationale": "I agree with the peers that the cluster is far from the centroid and in a sparse cluster. However, my original rationale suggested a potential outlier based on low density of dst_ip_freq and dns_domain_name_freq. This inconsistency suggests that the cluster may be an outlier even though the peers agree on the tri-view label.",
        "key_features": "dst_ip_freq: low, dns_domain_name_freq: low, duration: low, max_packets_len: low",
        "cluster_novel": "yes",
        "cluster_reason": "sparse cluster",
        "alt_hypothesis": "burst scan",
        "attack_ref": "DDoS",
        "peer_scores": "0.4",
        "changed": false,
        "new_label": "1",
        "reason": "I changed my label because the cluster is far from the centroid and in a sparse cluster.",
        "self_conf_before": 0.0,
        "clarifying_question": "What is the cluster size?"
      },
      "C": {
        "label": 1,
        "self_conf": 0.2,
        "rationale": "Low density of dst_ip_freq and dns_domain_name_freq suggest a potential outlier in the cluster.",
        "key_features": "dst_ip_freq: high, dns_domain_name_freq: high",
        "cluster_novel": "no",
        "cluster_reason": "Low density of features suggests a potential outlier in the cluster.",
        "alt_hypothesis": "Possible malicious activity based on outlier behavior.",
        "attack_ref": "Anomaly detected in the cluster."
      }
    },
    "judge": {
      "final_label": 1,
      "confidence": 0.5,
      "winning_agent": "B",
      "reason": "Agent B's rationale of the cluster being far from the centroid and in a sparse cluster, along with the agreement from the peers, provides a strong justification for the anomalous label. Agent A's and C's conflicting rationales do not significantly impact the decision, but their low self-confidence and lack of clear justification for the label make their arguments less persuasive."
    }
  }
}