{
  "sample_summary": {
    "sample_id": "49-4",
    "tri_view_label": 1,
    "slm_final_vote": 1,
    "confidence": 0.8,
    "referee_label": 1
  },
  "debate_dynamics": {
    "dominant_agent": "A",
    "least_agent": "C"
  },
  "_rounds": {
    "R1": {
      "A": {
        "label": 1,
        "self_conf": 0.2,
        "rationale": "Anomaly detected in tri-view label with confidence 0.2, cluster ID 270, size 34, density 0.7773299963796967, distance 1.0611937304256767, time Weekend, contrast sample is far from centroid and sparse cluster.",
        "key_features": [
          "dst_ip_freq: -0.3183606169854546",
          "dns_domain_name_freq: 1.4045859516912094"
        ],
        "cluster_novel": "yes",
        "cluster_reason": "unusual size",
        "alt_hypothesis": "false positive",
        "attack_ref": "DDoS"
      },
      "B": {
        "label": 1,
        "self_conf": 0.2,
        "rationale": "I agree with the tri-view label because the cluster is far from the centroid and in a sparse cluster",
        "key_features": "dst_ip_freq: high, dns_domain_name_freq: high, duration: high, max_packets_len: high",
        "cluster_novel": "yes",
        "cluster_reason": "sparse cluster",
        "alt_hypothesis": "burst scan",
        "attack_ref": "DDoS"
      },
      "C": {
        "label": 1,
        "self_conf": 0.2,
        "rationale": "Low density of dst_ip_freq and dns_domain_name_freq",
        "key_features": "dst_ip_freq: high, dns_domain_name_freq: high",
        "cluster_novel": "no",
        "cluster_reason": "Low density of features",
        "alt_hypothesis": "Unknown",
        "attack_ref": "Low density of features"
      }
    },
    "R2": {
      "A": {
        "self_conf_before": 0.2,
        "peer_scores": 0.2,
        "critique": "Anomaly detected in tri-view label with confidence 0.2, cluster ID 270, size 34, density 0.7773299963796967, distance 1.0611937304256767, time Weekend, contrast sample is far from centroid and sparse cluster.",
        "revise_label": {
          "changed": true,
          "new_label": 1,
          "reason": "Low density of dst_ip_freq and dns_domain_name_freq"
        },
        "self_conf_after": 0.2,
        "clarifying_question": "Why did the peer responses suggest a low density of dst_ip_freq and dns_domain_name_freq in the cluster?"
      },
      "B": {
        "self_conf_before": 0.2,
        "peer_scores": 0.2,
        "critique": "I agree with the tri-view label because the cluster is far from the centroid and in a sparse cluster",
        "changed": false,
        "new_label": 1,
        "reason": "I changed my label because the cluster is far from the centroid and in a sparse cluster",
        "self_conf_after": 0.2,
        "clarifying_question": "What is the cluster size?"
      },
      "C": {
        "self_conf_before": 0.2,
        "peer_scores": [
          0.2,
          0.2
        ],
        "critique": "I agree with the tri-view label because the cluster is far from the centroid and in a sparse cluster.",
        "changed": true,
        "new_label": 1,
        "reason": "I changed the label to 1 because the cluster is considered sparse based on the tri-view label and the density of features in the cluster is low compared to the average density of the cluster.",
        "self_conf_after": 0.8,
        "clarifying_question": "Could the cluster be affected by other factors besides the centroid distance?"
      }
    },
    "R3": {
      "A": {},
      "B": {
        "need_more_info": false,
        "questions": [
          "Why did the peer responses suggest a low density of dst_ip_freq and dns_domain_name_freq in the cluster?",
          "Could the cluster be affected by other factors besides the centroid distance?"
        ]
      },
      "C": {
        "label": 1,
        "self_conf": 0.2,
        "rationale": "Low density of dst_ip_freq and dns_domain_name_freq",
        "key_features": "dst_ip_freq: high, dns_domain_name_freq: high",
        "cluster_novel": "no",
        "cluster_reason": "Low density of features",
        "alt_hypothesis": "Unknown",
        "attack_ref": "Low density of features"
      }
    },
    "judge": {
      "final_label": 1,
      "confidence": 0.8,
      "winning_agent": "C",
      "reason": "All agents agree on the anomalous label, but Agent C provides the most specific reasoning: the cluster has a low density of features (dst_ip_freq and dns_domain_name_freq) compared to the average density of the cluster. This justification is clear and consistent with the data provided."
    }
  }
}