{
  "sample_summary": {
    "sample_id": "49-5",
    "tri_view_label": 1,
    "slm_final_vote": 1,
    "confidence": 0.8,
    "referee_label": 1
  },
  "debate_dynamics": {
    "dominant_agent": "A",
    "least_agent": "B"
  },
  "_rounds": {
    "R1": {
      "A": {
        "label": 1,
        "self_conf": 0.2,
        "rationale": "The anomaly detected in the tri-view label is an anomaly with a size of 626 and a density of 3.454339415946403. The cluster ID is 79, and the time is Weekend (Tuesday).",
        "key_features": [
          "dst_ip_freq: high",
          "dns_domain_name_freq: low"
        ],
        "cluster_novel": "unknown",
        "cluster_reason": "unknown",
        "alt_hypothesis": "burst scan",
        "attack_ref": "DDoS"
      },
      "B": {
        "label": 1,
        "self_conf": 0.2,
        "rationale": "I agree with the tri-view label because the cluster ID is 79, which is a known attack type (DDoS) and the cluster size is large (626) and the density is high (3.454339415946403), and the cluster is located in a different time zone (Tuesday) than the rest of the network, which could indicate a malicious activity.",
        "key_features": "dst_ip_freq: high, dns_domain_name_freq: high, duration: high, max_packets_len: high",
        "cluster_novel": "yes",
        "cluster_reason": "high density",
        "alt_hypothesis": "DDoS",
        "attack_ref": "DDoS"
      },
      "C": {
        "label": 1,
        "self_conf": 0.2,
        "rationale": "High packet frequency during weekends",
        "key_features": "dst_ip_freq: high",
        "cluster_novel": "no",
        "cluster_reason": "Low density",
        "alt_hypothesis": "Possible bot activity",
        "attack_ref": "Bot activity"
      }
    },
    "R2": {
      "A": {
        "self_conf_before": 0.2,
        "peer_scores": 0.2,
        "critique": "I agree with the tri-view label because the cluster ID is 79, which is a known attack type (DDoS) and the cluster size is large (626) and the density is high (3.454339415946403), and the cluster is located in a different time zone (Tuesday) than the rest of the network, which could indicate a malicious activity.",
        "revise_label": {
          "changed": true,
          "new_label": 1,
          "reason": "High packet frequency during weekends"
        },
        "self_conf_after": 0.2,
        "clarifying_question": "What is the reason for the peer's recommendation to revise the label from 1 to 1?"
      },
      "B": {
        "revise_label": {
          "changed": false,
          "new_label": null,
          "reason": ""
        }
      },
      "C": {
        "self_conf_before": 0.2,
        "peer_scores": [
          0.2,
          0.2
        ],
        "critique": "I agree with the tri-view label because the cluster ID is 79, which is a known attack type (DDoS) and the cluster size is large (626) and the density is high (3.454339415946403), and the cluster is located in a different time zone (Tuesday) than the rest of the network, which could indicate a malicious activity.",
        "changed": true,
        "new_label": 1,
        "reason": "I agree with the tri-view label and the cluster characteristics suggest a DDoS attack, which is a known attack type that can be more effective during weekends.",
        "self_conf_after": 0.8,
        "clarifying_question": "Is there any evidence other than the cluster characteristics to support the claim of bot activity?"
      }
    },
    "R3": {
      "A": {},
      "B": {},
      "C": {
        "label": 1,
        "self_conf": 0.2,
        "rationale": "High packet frequency during weekends",
        "key_features": "dst_ip_freq: high",
        "cluster_novel": "no",
        "cluster_reason": "Low density",
        "alt_hypothesis": "Possible bot activity",
        "attack_ref": "Bot activity"
      }
    },
    "judge": {
      "final_label": 1,
      "confidence": 0.8,
      "winning_agent": "C",
      "reason": "Agent C's revised label and rationale align with the tri-view label and have a higher confidence level than the other agents. The cluster characteristics suggest a DDoS attack, which is a known attack type that can be more effective during weekends."
    }
  }
}