{
  "sample_summary": {
    "sample_id": "49-7",
    "tri_view_label": 1,
    "slm_final_vote": 1,
    "confidence": 0.6,
    "referee_label": 1
  },
  "debate_dynamics": {
    "dominant_agent": "A",
    "least_agent": "A"
  },
  "_rounds": {
    "R1": {
      "A": {
        "label": 1,
        "self_conf": 0.2,
        "rationale": "The anomaly detected in the tri-view label is an anomaly with a size of 626 and a density of 3.454339415946403. The cluster ID is 79, and the time is Weekend (Tuesday).",
        "key_features": [
          "dst_ip_freq: high",
          "dns_domain_name_freq: low"
        ],
        "cluster_novel": "unknown",
        "cluster_reason": "unknown",
        "alt_hypothesis": "burst scan",
        "attack_ref": "DDoS"
      },
      "B": {
        "label": 1,
        "self_conf": 0.2,
        "rationale": "I agree with the tri-view label because the cluster ID is 79, which is a known anomaly cluster. The cluster size is also quite large, and the density is higher than average. The cluster is also quite far from the center of the network, which is another sign of an anomaly.",
        "key_features": "dst_ip_freq: high, dns_domain_name_freq: high, duration: high, max_packets_len: high",
        "cluster_novel": "yes",
        "cluster_reason": "high density",
        "alt_hypothesis": "DDoS attack",
        "attack_ref": "DDoS"
      },
      "C": {
        "label": 1,
        "self_conf": 0.2,
        "rationale": "High packet frequency during weekends",
        "key_features": "dst_ip_freq: high",
        "cluster_novel": "no",
        "cluster_reason": "High density during weekends",
        "alt_hypothesis": "Possible bot activity",
        "attack_ref": "Weekend bot activity"
      }
    },
    "R2": {
      "A": {
        "revise_label": {
          "changed": false,
          "new_label": null,
          "reason": ""
        }
      },
      "B": {
        "revise_label": {
          "changed": false,
          "new_label": null,
          "reason": ""
        }
      },
      "C": {
        "self_conf_before": 0.2,
        "peer_scores": [
          0.2,
          0.2
        ],
        "critique": "I agree with the tri-view label because the cluster ID is 79, which is a known anomaly cluster. The cluster size is also quite large, and the density is higher than average. The cluster is also quite far from the center of the network, which is another sign of an anomaly.",
        "changed": true,
        "new_label": 1,
        "reason": "I believe the tri-view label is accurate and that the cluster is an anomaly, based on the high density and cluster ID.",
        "self_conf_after": 0.4,
        "clarifying_question": "Could the cluster be caused by a legitimate but rare event, such as a bot attack during the weekends?"
      }
    },
    "R3": {
      "A": {
        "label": 1,
        "self_conf": 0.4,
        "rationale": "The anomaly detected in the tri-view label is an anomaly with a size of 626 and a density of 3.454339415946403. The cluster ID is 79, and the time is Weekend (Tuesday).",
        "key_features": [
          "dst_ip_freq: high",
          "dns_domain_name_freq: low"
        ],
        "cluster_novel": "unknown",
        "cluster_reason": "unknown",
        "alt_hypothesis": "burst scan",
        "attack_ref": "DDoS",
        "revise_label": {
          "changed": false,
          "new_label": null,
          "reason": ""
        }
      },
      "B": {
        "need_more_info": false,
        "questions": [
          "Could the cluster be caused by a legitimate but rare event, such as a bot attack during the weekends?"
        ]
      },
      "C": {
        "need_more_info": false,
        "questions": [
          "High packet frequency during weekends"
        ]
      }
    },
    "judge": {
      "final_label": 1,
      "confidence": 0.6,
      "winning_agent": "C",
      "reason": "Agent C's confidence increased the most after peer critique and clarifying questions, indicating a stronger belief in the anomaly label."
    }
  }
}