{
  "sample_summary": {
    "sample_id": "49-8",
    "tri_view_label": 1,
    "slm_final_vote": 1,
    "confidence": 0.4,
    "referee_label": 1
  },
  "debate_dynamics": {
    "dominant_agent": "A",
    "least_agent": "C"
  },
  "_rounds": {
    "R1": {
      "A": {
        "label": 1,
        "self_conf": 0.2,
        "rationale": "Anomaly detected in tri-view label with confidence 0.2, cluster ID 67, size 24, density 0.8455738738450633, dist 0.8689350476616591, time Weekend, contrast Sample is far from centroid and in a sparse cluster.",
        "key_features": [
          "dst_ip_freq: -0.3183606169854546",
          "dns_domain_name_freq: 1.4045859516912094"
        ],
        "cluster_novel": "unknown",
        "cluster_reason": "unknown",
        "alt_hypothesis": "burst scan",
        "attack_ref": "DDoS"
      },
      "B": {
        "label": 1,
        "self_conf": 0.2,
        "rationale": "The sample is far from the cluster centroid and in a sparse cluster.",
        "key_features": "dst_ip_freq: high, dns_domain_name_freq: high, duration: high, max_packets_len: high",
        "cluster_novel": "yes",
        "cluster_reason": "Sample is far from the cluster centroid and in a sparse cluster",
        "alt_hypothesis": "DDoS",
        "attack_ref": "DDoS"
      },
      "C": {
        "label": 1,
        "self_conf": 0.2,
        "rationale": "Low density of dst_ip_freq and dns_domain_name_freq",
        "key_features": "dst_ip_freq: high, dns_domain_name_freq: high",
        "cluster_novel": "no",
        "cluster_reason": "Low density of features",
        "alt_hypothesis": "Possible malicious activity",
        "attack_ref": "Low density of features"
      }
    },
    "R2": {
      "A": {
        "self_conf_before": 0.2,
        "peer_scores": 0.2,
        "critique": "Anomaly detected in tri-view label with confidence 0.2, cluster ID 67, size 24, density 0.8455738738450633, dist 0.8689350476616591, time Weekend, contrast Sample is far from centroid and in a sparse cluster.",
        "revise_label": {
          "changed": true,
          "new_label": 1,
          "reason": "Low density of dst_ip_freq and dns_domain_name_freq"
        },
        "self_conf_after": 0.2,
        "clarifying_question": "Why did the anomaly detected in tri-view label with confidence 0.2, cluster ID 67, size 24, density 0.8455738738450633, dist 0.8689350476616591, time Weekend, contrast Sample is far from centroid and in a sparse cluster., cause the label to be re-evaluated considering the peer responses?"
      },
      "B": {
        "self_conf_before": 0.2,
        "peer_scores": 0.2,
        "critique": "The sample is far from the cluster centroid and in a sparse cluster.",
        "changed": false,
        "new_label": 1,
        "reason": "The sample is far from the cluster centroid and in a sparse cluster.",
        "self_conf_after": 0.2,
        "clarifying_question": "What is the cluster centroid?"
      },
      "C": {
        "self_conf_before": 0.2,
        "peer_scores": [
          0.2,
          0.2
        ],
        "critique": "Anomaly detected in tri-view label with confidence 0.2, cluster ID 67, size 24, density 0.8455738738450633, dist 0.8689350476616591, time Weekend, contrast Sample is far from centroid and in a sparse cluster.",
        "changed": true,
        "new_label": 1,
        "reason": "The sample is far from the cluster centroid and in a sparse cluster.",
        "self_conf_after": 0.4,
        "clarifying_question": "Could the sample be an outlier due to a temporary event or an issue with the centroid calculation?"
      }
    },
    "R3": {
      "A": {},
      "B": {
        "need_more_info": false,
        "questions": []
      },
      "C": {
        "label": 1,
        "self_conf": 0.2,
        "rationale": "Low density of dst_ip_freq and dns_domain_name_freq",
        "key_features": "dst_ip_freq: high, dns_domain_name_freq: high",
        "cluster_novel": "no",
        "cluster_reason": "Low density of features",
        "alt_hypothesis": "Possible malicious activity",
        "attack_ref": "Low density of features"
      }
    },
    "judge": {
      "final_label": 1,
      "confidence": 0.4,
      "winning_agent": "C",
      "reason": "All agents agree on the anomaly label, but Agent C provides the most specific rationale: the low density of dst_ip_freq and dns_domain_name_freq features. This justification is clear and consistent with the data provided."
    }
  }
}