{
  "sample_summary": {
    "sample_id": "49-9",
    "tri_view_label": 1,
    "slm_final_vote": 1,
    "confidence": 0.1,
    "referee_label": 1
  },
  "debate_dynamics": {
    "dominant_agent": "A",
    "least_agent": "C"
  },
  "_rounds": {
    "R1": {
      "A": {
        "label": 1,
        "self_conf": 0.2,
        "rationale": "The sample is far from the centroid and in a sparse cluster, indicating that it is an anomaly.",
        "key_features": [
          "dst_ip_freq: high",
          "dns_domain_name_freq: low"
        ],
        "cluster_novel": "unknown",
        "cluster_reason": "unusual size",
        "alt_hypothesis": "burst scan",
        "attack_ref": "DDoS"
      },
      "B": {
        "label": 1,
        "self_conf": 0.2,
        "rationale": "The sample is far from the cluster centroid and in a sparse cluster.",
        "key_features": "dst_ip_freq: high, dns_domain_name_freq: high, duration: high, max_packets_len: high",
        "cluster_novel": "yes",
        "cluster_reason": "Sample is far from the cluster centroid and in a sparse cluster",
        "alt_hypothesis": "DDoS",
        "attack_ref": "DDoS"
      },
      "C": {
        "label": 1,
        "self_conf": 0.2,
        "rationale": "Low density of dst_ip_freq and dns_domain_name_freq",
        "key_features": "dst_ip_freq: high, dns_domain_name_freq: high",
        "cluster_novel": "no",
        "cluster_reason": "Low density of features",
        "alt_hypothesis": "Possible malicious activity",
        "attack_ref": "Low density of features"
      }
    },
    "R2": {
      "A": {
        "self_conf_before": 0.2,
        "peer_scores": 0.2,
        "critique": "The sample is far from the cluster centroid and in a sparse cluster. Low density of dst_ip_freq and dns_domain_name_freq",
        "revise_label": {
          "changed": true,
          "new_label": 1,
          "reason": "Low density of dst_ip_freq and dns_domain_name_freq"
        },
        "self_conf_after": 0.2,
        "clarifying_question": "What factors contributed to the low density of dst_ip_freq and dns_domain_name_freq in the sample?"
      },
      "B": {
        "self_conf_before": 0.2,
        "peer_scores": 0.2,
        "critique": "The sample is far from the cluster centroid and in a sparse cluster, indicating that it is an anomaly.",
        "changed": true,
        "new_label": 1,
        "reason": "The sample is far from the cluster centroid and in a sparse cluster, indicating that it is an anomaly.",
        "self_conf_after": 0.2,
        "clarifying_question": "What is the cluster centroid?"
      },
      "C": {
        "self_conf_before": 0.2,
        "peer_scores": [
          0.2,
          0.2
        ],
        "critique": "The rationale still holds, but the confidence score has decreased from 0.2 to 0.1, indicating a lower probability of the sample being an anomaly.",
        "changed": false,
        "new_label": 1,
        "reason": "The sample is located in a sparse cluster and is far from the centroid, which suggests a possible malicious activity.",
        "self_conf_after": 0.1,
        "clarifying_question": "Is the sample an outlier in the context of the entire cluster, or is it an anomaly relative to the other samples in the cluster?"
      }
    },
    "R3": {
      "A": {},
      "B": {
        "label": 1,
        "self_conf": 0.1,
        "rationale": "The sample is far from the cluster centroid and in a sparse cluster.",
        "key_features": "dst_ip_freq: high, dns_domain_name_freq: high, duration: high, max_packets_len: high",
        "cluster_novel": "yes",
        "cluster_reason": "Sample is far from the cluster centroid and in a sparse cluster",
        "alt_hypothesis": "DDoS",
        "attack_ref": "DDoS",
        "self_conf_before": 0.2,
        "peer_scores": 0.2,
        "critique": "The sample is far from the cluster centroid and in a sparse cluster, indicating that it is an anomaly.",
        "changed": true,
        "new_label": 1,
        "reason": "The sample is far from the cluster centroid and in a sparse cluster, indicating that it is an anomaly.",
        "self_conf_after": 0.1,
        "clarifying_question": "What factors contributed to the low density of dst_ip_freq and dns_domain_name_freq in the sample?"
      },
      "C": {
        "label": 1,
        "self_conf": 0.1,
        "rationale": "The sample is located in a sparse cluster and is far from the centroid, which suggests a possible malicious activity.",
        "key_features": "dst_ip_freq: high, dns_domain_name_freq: high",
        "cluster_novel": "no",
        "cluster_reason": "Low density of features",
        "alt_hypothesis": "Possible malicious activity",
        "attack_ref": "Low density of features"
      }
    },
    "judge": {
      "final_label": 1,
      "confidence": 0.1,
      "winning_agent": "B",
      "reason": "Both Agents A and C suggest that the sample is located in a sparse cluster and is far from the centroid, which is a strong indicator of an anomaly. However, Agent B provides more specific key features (high dst_ip_freq, high dns_domain_name_freq, high duration, and high max_packets_len) that support the anomaly label. Therefore, Agent B's argument is more compelling."
    }
  }
}