{
  "sample_summary": {
    "sample_id": "5-0",
    "tri_view_label": 1,
    "slm_final_vote": 1,
    "confidence": 0.8,
    "referee_label": 1
  },
  "debate_dynamics": {
    "dominant_agent": "A",
    "least_agent": "B"
  },
  "_rounds": {
    "R1": {
      "A": {
        "label": 1,
        "self_conf": 0.2,
        "rationale": "The anomaly detected in the tri-view label is an anomaly with a size of 784 and a density of 3.781910128313566. The cluster ID is 74, and the time is Weekday (Friday).",
        "key_features": [
          "dst_ip_freq: high",
          "dns_domain_name_freq: 1.4045859516912094"
        ],
        "cluster_novel": "yes",
        "cluster_reason": "low density",
        "alt_hypothesis": "burst scan",
        "attack_ref": "DDoS"
      },
      "B": {
        "label": 1,
        "self_conf": 0.2,
        "rationale": "I agree with the tri-view label because the cluster ID is 74, which is a known anomaly cluster. The cluster size is 784, which is larger than the average cluster size of 5. The cluster density is 3.781910128313566, which is higher than the average cluster density of 2. The cluster is also located in a dense area, which increases the likelihood of anomalies. The cluster is also relatively close to the source, which could indicate a local attack. The cluster has a high number of packets with a length of 0, which could be a sign of a denial-of-service attack. The cluster also has a high number of packets with a length of 1, which could be a sign of a data exfiltration attack. Therefore, I agree with the tri-view label and the cluster label of 74 as an anomaly.",
        "key_features": "dst_ip_freq: high, dns_domain_name_freq: high, duration: high, max_packets_len: high",
        "cluster_novel": "yes",
        "cluster_reason": "high density, close to source",
        "alt_hypothesis": "DDoS attack",
        "attack_ref": "DDoS"
      },
      "C": {
        "label": 1,
        "self_conf": 0.2,
        "rationale": "High packet frequency during weekdays",
        "key_features": "dst_ip_freq: high",
        "cluster_novel": "no",
        "cluster_reason": "Low density",
        "alt_hypothesis": "Possible malware activity",
        "attack_ref": "Malware detected"
      }
    },
    "R2": {
      "A": {
        "self_conf_before": 0.2,
        "peer_scores": 0.2,
        "critique": "The anomaly detected in the tri-view label is an anomaly with a size of 784 and a density of 3.781910128313566. The cluster ID is 74, and the time is Weekday (Friday).",
        "revise_label": {
          "changed": true,
          "new_label": 74,
          "reason": "The cluster ID is 74, and the time is Weekday (Friday)."
        },
        "self_conf_after": 0.2,
        "clarifying_question": "The cluster ID is 74, and the time is Weekday (Friday)."
      },
      "B": {
        "revise_label": {
          "changed": false,
          "new_label": null,
          "reason": ""
        }
      },
      "C": {
        "self_conf_before": 0.2,
        "peer_scores": 0.2,
        "critique": "I agree with the tri-view label and the cluster label of 74 as an anomaly.",
        "changed": false,
        "new_label": 1,
        "reason": "The cluster label of 74 has a high density and is located in a dense area, which increases the likelihood of anomalies. The cluster also has a high number of packets with a length of 0 and 1, which could be signs of a denial-of-service or data exfiltration attack respectively.",
        "self_conf_after": 0.8,
        "clarifying_question": "Could the cluster label be due to a legitimate anomaly that is not related to the source?"
      }
    },
    "R3": {
      "A": {},
      "B": {},
      "C": {
        "label": 1,
        "self_conf": 0.2,
        "rationale": "High packet frequency during weekdays",
        "key_features": "dst_ip_freq: high",
        "cluster_novel": "no",
        "cluster_reason": "Low density",
        "alt_hypothesis": "Possible malware activity",
        "attack_ref": "Malware detected"
      }
    },
    "judge": {
      "final_label": 1,
      "confidence": 0.8,
      "winning_agent": "C",
      "reason": "Agent C's confidence increased significantly in Round 2, and while all agents agree on the anomaly label, Agent C's rationale of 'High packet frequency during weekdays' aligns with the tri-view label's information, making it a more convincing explanation."
    }
  }
}