{
  "sample_summary": {
    "sample_id": "5-1",
    "tri_view_label": 1,
    "slm_final_vote": 1,
    "confidence": 0.8,
    "referee_label": 1
  },
  "debate_dynamics": {
    "dominant_agent": "A",
    "least_agent": "C"
  },
  "_rounds": {
    "R1": {
      "A": {},
      "B": {
        "label": 1,
        "self_conf": 0.2,
        "rationale": "I agree with the tri-view label because the cluster ID is 24, which is a known attack type.",
        "key_features": "dst_ip_freq: high, dns_domain_name_freq: high, duration: high, max_packets_len: high",
        "cluster_novel": "yes",
        "cluster_reason": "low density",
        "alt_hypothesis": "burst scan",
        "attack_ref": "DDoS"
      },
      "C": {
        "label": 1,
        "self_conf": 0.2,
        "rationale": "Suspicious high DNS domain name frequency",
        "key_features": "dns_domain_name_freq: high",
        "cluster_novel": "no",
        "cluster_reason": "Low density of DNS domain names",
        "alt_hypothesis": "Possible bot activity",
        "attack_ref": "Bot activity"
      }
    },
    "R2": {
      "A": {
        "self_conf_before": 0.2,
        "peer_scores": 0.2,
        "critique": "I agree with the tri-view label because the cluster ID is 24, which is a known attack type.",
        "revise_label": {
          "changed": true,
          "new_label": 1,
          "reason": "Suspicious high DNS domain name frequency"
        },
        "self_conf_after": 0.2,
        "clarifying_question": "What is the significance of the high DNS domain name frequency in the context of the tri-view label?"
      },
      "B": {
        "self_conf_before": 0.2,
        "peer_scores": 0.2,
        "critique": "I agree with the tri-view label because the cluster ID is 24, which is a known attack type.",
        "changed": false,
        "new_label": 1,
        "reason": "I changed my label because the peer's rationale was more convincing.",
        "self_conf_after": 0.2,
        "clarifying_question": "What is the significance of the cluster ID being 24?"
      },
      "C": {
        "self_conf_before": 0.2,
        "peer_scores": [
          0.2,
          0.2
        ],
        "critique": "I agree with the tri-view label because the cluster ID is 24, which is a known attack type.",
        "changed": true,
        "new_label": 1,
        "reason": "I changed the label to 1 due to the increased confidence and the specific cluster ID association.",
        "self_conf_after": 0.8,
        "clarifying_question": "Could the cluster ID be a false positive due to other factors?"
      }
    },
    "R3": {
      "A": {},
      "B": {},
      "C": {}
    },
    "judge": {
      "final_label": 1,
      "confidence": 0.8,
      "winning_agent": "C",
      "reason": "Agent C's revised label and increased confidence, along with the specific association of the cluster ID with a known attack type (DDoS), make it the most convincing argument."
    }
  }
}