{
  "sample_summary": {
    "sample_id": "5-2",
    "tri_view_label": 1,
    "slm_final_vote": 1,
    "confidence": 0.6,
    "referee_label": 1
  },
  "debate_dynamics": {
    "dominant_agent": "A",
    "least_agent": "C"
  },
  "_rounds": {
    "R1": {
      "A": {
        "label": 1,
        "self_conf": 0.2,
        "rationale": "The anomaly is likely a DDoS attack, with a size of 784 and a density of 3.781910128313566.",
        "key_features": [
          "dst_ip_freq: high"
        ],
        "cluster_novel": "unknown",
        "cluster_reason": "unknown",
        "alt_hypothesis": "burst scan",
        "attack_ref": "DDoS"
      },
      "B": {
        "label": 1,
        "self_conf": 0.2,
        "rationale": "I agree with the tri-view label because the cluster ID is 74, which is a known anomaly.",
        "key_features": "dst_ip_freq: high, dns_domain_name_freq: high, duration: high, max_packets_len: high",
        "cluster_novel": "yes",
        "cluster_reason": "high density",
        "alt_hypothesis": "false positive",
        "attack_ref": "DDoS"
      },
      "C": {
        "label": 1,
        "self_conf": 0.2,
        "rationale": "High packet frequency during weekdays",
        "key_features": "dst_ip_freq: high",
        "cluster_novel": "no",
        "cluster_reason": "Low density",
        "alt_hypothesis": "Possible malware activity",
        "attack_ref": "Malware detected"
      }
    },
    "R2": {
      "A": {
        "self_conf_before": 0.2,
        "peer_scores": 0.2,
        "critique": "The anomaly is likely a DDoS attack, with a size of 784 and a density of 3.781910128313566.",
        "revise_label": {
          "changed": true,
          "new_label": 1,
          "reason": "I agree with the tri-view label because the cluster ID is 74, which is a known anomaly."
        },
        "self_conf_after": 0.2,
        "clarifying_question": "What is the cluster ID of the anomaly identified by the tri-view label, and why is it known as a known anomaly?"
      },
      "B": {
        "self_conf_before": 0.2,
        "peer_scores": 0.2,
        "critique": "I agree with the tri-view label because the cluster ID is 74, which is a known anomaly.",
        "changed": false,
        "new_label": 1,
        "reason": "I changed my label because the cluster ID is 74, which is a known anomaly.",
        "self_conf_after": 0.2,
        "clarifying_question": "What is the cluster ID?"
      },
      "C": {
        "self_conf_before": 0.2,
        "peer_scores": [
          0.2,
          0.2
        ],
        "critique": "My rationale seems to contradict the peers' predictions. While the cluster ID is 74, which is a known anomaly, the attack type and density seem less significant compared to the peers' interpretations.",
        "changed": false,
        "new_label": 1,
        "reason": "I believe the peers' label might be more accurate based on the observed packet characteristics. The high density might be indicative of a more significant attack compared to the peers' tri-view label.",
        "self_conf_after": 0.4,
        "clarifying_question": "Could the packet characteristics be deceiving the label? Perhaps there are other factors contributing to the high density besides the cluster ID?"
      }
    },
    "R3": {
      "A": {},
      "B": {
        "need_more_info": false,
        "questions": []
      },
      "C": {
        "label": 1,
        "self_conf": 0.4,
        "rationale": "I believe the peers' label might be more accurate based on the observed packet characteristics. The high density might be indicative of a more significant attack compared to the peers' tri-view label.",
        "key_features": "dst_ip_freq: high",
        "cluster_novel": "no",
        "cluster_reason": "Low density",
        "alt_hypothesis": "Possible malware activity",
        "attack_ref": "Malware detected"
      }
    },
    "judge": {
      "final_label": 1,
      "confidence": 0.6,
      "winning_agent": "B",
      "reason": "Agent B's label is supported by the known anomaly status of the cluster ID 74."
    }
  }
}