{
  "sample_summary": {
    "sample_id": "5-3",
    "tri_view_label": 1,
    "slm_final_vote": 1,
    "confidence": 0.6,
    "referee_label": 1
  },
  "debate_dynamics": {
    "dominant_agent": "A",
    "least_agent": "C"
  },
  "_rounds": {
    "R1": {
      "A": {
        "label": 1,
        "self_conf": 0.2,
        "rationale": "The sample is far from the centroid and in a sparse cluster, indicating that it is an anomaly.",
        "key_features": [
          "dst_ip_freq: high",
          "dns_domain_name_freq: low"
        ],
        "cluster_novel": "unknown",
        "cluster_reason": "unknown",
        "alt_hypothesis": "burst scan",
        "attack_ref": "DDoS"
      },
      "B": {
        "label": 1,
        "self_conf": 0.2,
        "rationale": "The cluster is far from the centroid and in a sparse cluster.",
        "key_features": "dst_ip_freq: high, dns_domain_name_freq: high, duration: high, max_packets_len: high",
        "cluster_novel": "yes",
        "cluster_reason": "sparse cluster",
        "alt_hypothesis": "burst scan",
        "attack_ref": "DDoS"
      },
      "C": {
        "label": 1,
        "self_conf": 0.2,
        "rationale": "Low density of dst_ip_freq and dns_domain_name_freq suggest a potential outlier",
        "key_features": "dst_ip_freq: high, dns_domain_name_freq: high",
        "cluster_novel": "no",
        "cluster_reason": "Low density of features suggests an outlier",
        "alt_hypothesis": "Possible malicious activity based on outlier behavior",
        "attack_ref": "Anomaly detected in dst_ip_freq and dns_domain_name_freq"
      }
    },
    "R2": {
      "A": {
        "self_conf_before": 0.2,
        "peer_scores": 0.2,
        "critique": "The sample is far from the centroid and in a sparse cluster, indicating that it is an anomaly.",
        "revise_label": {
          "changed": true,
          "new_label": 1,
          "reason": "Low density of dst_ip_freq and dns_domain_name_freq suggest a potential outlier"
        },
        "self_conf_after": 0.2,
        "clarifying_question": "What factors suggest a potential outlier in the cluster analysis of the sample?"
      },
      "B": {
        "self_conf_before": 0.2,
        "peer_scores": 0.2,
        "critique": "The cluster is far from the centroid and in a sparse cluster.",
        "changed": false,
        "new_label": 1,
        "reason": "The cluster is far from the centroid and in a sparse cluster.",
        "self_conf_after": 0.2,
        "clarifying_question": "What is the threshold for sparse cluster?"
      },
      "C": {
        "self_conf_before": 0.2,
        "peer_scores": [
          0.2,
          0.2
        ],
        "critique": "The rationale suggests an outlier, but the sample size and cluster context are unclear.",
        "changed": true,
        "new_label": 1,
        "reason": "The sample is located in a sparse cluster with low density of features, indicating potential outlier behavior.",
        "self_conf_after": 0.4,
        "clarifying_question": "Could the outlier be caused by a malicious activity in a specific cluster?"
      }
    },
    "R3": {
      "A": {
        "need_more_info": true,
        "questions": [
          {
            "label": "What factors suggest a potential outlier in the cluster analysis of the sample?",
            "type": "clarifying_question",
            "value": "The cluster is far from the centroid and in a sparse cluster. The sample size is small, and the cluster context is unclear. The rationale suggests an outlier."
          }
        ]
      },
      "B": {
        "need_more_info": false,
        "questions": [
          "What factors suggest a potential outlier in the cluster analysis of the sample?",
          "Could the outlier be caused by a malicious activity in a specific cluster?"
        ]
      },
      "C": {
        "need_more_info": false,
        "questions": [
          "What factors suggest a potential outlier in the cluster analysis of the sample?"
        ]
      }
    },
    "judge": {
      "final_label": 1,
      "confidence": 0.6,
      "winning_agent": "C",
      "reason": "Agent C's revised label is based on a clearer rationale, considering the sample's location in a sparse cluster with low density of features, which is a stronger indicator of potential outlier behavior."
    }
  }
}