{
  "sample_summary": {
    "sample_id": "5-5",
    "tri_view_label": 1,
    "slm_final_vote": 1,
    "confidence": 0.6,
    "referee_label": 1
  },
  "debate_dynamics": {
    "dominant_agent": "A",
    "least_agent": "C"
  },
  "_rounds": {
    "R1": {
      "A": {
        "label": 1,
        "self_conf": 0.2,
        "rationale": "The anomaly detected in the tri-view label is an anomaly with a size of 784 and a density of 3.781910128313566. The cluster ID is 74, and the time is Weekday (Friday).",
        "key_features": [
          "dst_ip_freq: high",
          "dns_domain_name_freq: 1.4045859516912094"
        ],
        "cluster_novel": "yes",
        "cluster_reason": "low density",
        "alt_hypothesis": "burst scan",
        "attack_ref": "DDoS"
      },
      "B": {
        "label": 1,
        "self_conf": 0.2,
        "rationale": "I agree with the tri-view label because the cluster ID is 74, which is a known attack type.",
        "key_features": "dst_ip_freq: high, dns_domain_name_freq: high, duration: high, max_packets_len: high",
        "cluster_novel": "yes",
        "cluster_reason": "low density",
        "alt_hypothesis": "burst scan",
        "attack_ref": "DDoS"
      },
      "C": {
        "label": 1,
        "self_conf": 0.2,
        "rationale": "High packet frequency during weekdays",
        "key_features": "dst_ip_freq: high",
        "cluster_novel": "no",
        "cluster_reason": "Low density",
        "alt_hypothesis": "Possible malware activity",
        "attack_ref": "Malware detected"
      }
    },
    "R2": {
      "A": {
        "self_conf_before": 0.2,
        "peer_scores": 0.2,
        "critique": "I agree with the tri-view label because the cluster ID is 74, which is a known attack type.",
        "revise_label": {
          "changed": false,
          "new_label": 1,
          "reason": "High packet frequency during weekdays"
        },
        "self_conf_after": 0.2,
        "clarifying_question": "What is the reason for the peer's change in label?"
      },
      "B": {
        "self_conf_before": 0.2,
        "peer_scores": 0.2,
        "critique": "I agree with the tri-view label because the cluster ID is 74, which is a known attack type.",
        "changed": true,
        "new_label": 1,
        "reason": "I changed my label because the cluster ID is 74, which is a known attack type.",
        "self_conf_after": 0.2,
        "clarifying_question": "What is the cluster ID?"
      },
      "C": {
        "self_conf_before": 0.2,
        "peer_scores": [
          0.2,
          0.2
        ],
        "critique": "I agree with the peers that the anomaly detected in the tri-view label is an anomaly with a size of 784 and a density of 3.781910128313566. The cluster ID is 74, and the time is Weekday (Friday). However, my rationale is different. I believe that the anomaly may be a false positive due to the low density and the fact that it occurs only on weekdays. I would like to investigate further before changing the label.",
        "changed": true,
        "new_label": 0,
        "reason": "I am concerned about the low density and the fact that the anomaly only occurs on weekdays, which may indicate a false positive.",
        "self_conf_after": 0.4,
        "clarifying_question": "Could the anomaly be caused by a legitimate but rare event, such as a bot bot attacking during the weekend?"
      }
    },
    "R3": {
      "A": {},
      "B": {
        "self_conf": 0.2,
        "peer_scores": 0.2,
        "critique": "I agree with the tri-view label because the cluster ID is 74, which is a known attack type.",
        "changed": true,
        "new_label": 1,
        "reason": "I changed my label because the cluster ID is 74, which is a known attack type.",
        "self_conf_before": 0.2,
        "clarifying_question": "What is the reason for the peer'S change in label?"
      },
      "C": {
        "label": 1,
        "self_conf": 0.2,
        "rationale": "High packet frequency during weekdays",
        "key_features": "dst_ip_freq: high",
        "cluster_novel": "no",
        "cluster_reason": "Low density",
        "alt_hypothesis": "Possible malware activity",
        "attack_ref": "Malware detected"
      }
    },
    "judge": {
      "final_label": 1,
      "confidence": 0.6,
      "winning_agent": "A",
      "reason": "Both Agents A and B agree with the tri-view label and provide evidence of a known attack type (cluster ID 74). However, Agent A's rationale of 'High packet frequency during weekdays' aligns with the initial anomaly detection and has a more specific explanation. Therefore, Agent A's argument is considered more compelling."
    }
  }
}