{
  "sample_summary": {
    "sample_id": "50-0",
    "tri_view_label": 1,
    "slm_final_vote": 1,
    "confidence": 1.0,
    "referee_label": 1
  },
  "debate_dynamics": {
    "dominant_agent": "A",
    "least_agent": "C"
  },
  "_rounds": {
    "R1": {
      "A": {
        "label": 1,
        "self_conf": 0.2,
        "rationale": "The anomaly detected in the tri-view label is an anomaly with a size of 94 and a density of 2.884111830973992. The cluster ID is 107, and the time is Weekend (Tuesday).",
        "key_features": [
          "dst_ip_freq: high",
          "dns_domain_name_freq: low"
        ],
        "cluster_novel": "unknown",
        "cluster_reason": "unknown",
        "alt_hypothesis": "burst scan",
        "attack_ref": "DDoS"
      },
      "B": {
        "label": 1,
        "self_conf": 0.2,
        "rationale": "I agree with the tri-view label because the cluster ID is an anomaly.",
        "key_features": "dst_ip_freq: high, dns_domain_name_freq: high, duration: high, max_packets_len: high",
        "cluster_novel": "yes",
        "cluster_reason": "low density",
        "alt_hypothesis": "burst scan",
        "attack_ref": "DDoS"
      },
      "C": {
        "label": 1,
        "self_conf": 0.2,
        "rationale": "High packet frequency during weekends",
        "key_features": "dst_ip_freq: high",
        "cluster_novel": "no",
        "cluster_reason": "Low density",
        "alt_hypothesis": "Possible bot activity",
        "attack_ref": "Bot activity"
      }
    },
    "R2": {
      "A": {
        "self_conf_before": 0.2,
        "peer_scores": 0.2,
        "critique": "I agree with the tri-view label because the cluster ID is an anomaly.",
        "revise_label": {
          "changed": true,
          "new_label": 1,
          "reason": "High packet frequency during weekends"
        },
        "self_conf_after": 0.2,
        "clarifying_question": "Why did the peer reviewer change the label from 1 to 1?"
      },
      "B": {
        "self_conf_before": 0.2,
        "peer_scores": 0.2,
        "critique": "I agree with the tri-view label because the cluster ID is an anomaly.",
        "changed": false,
        "new_label": 1,
        "reason": "I changed my label because the cluster ID is an anomaly.",
        "self_conf_after": 0.2,
        "clarifying_question": "What is the cluster ID?"
      },
      "C": {
        "self_conf_before": 0.2,
        "peer_scores": [
          0.2,
          0.2
        ],
        "critique": "My rationale agrees with the peers, but the confidence score is lower than expected.",
        "changed": true,
        "new_label": 1,
        "reason": "The confidence score is lower than expected due to the large size and density of the anomaly in the tri-view label.",
        "self_conf_after": 0.4,
        "clarifying_question": "Could there be an explanation other than bot activity that could have caused this anomaly?"
      }
    },
    "R3": {
      "A": {},
      "B": {
        "label": 1,
        "self_conf": 0.2,
        "rationale": "I agree with the tri-view label because the cluster ID is an anomaly.",
        "key_features": "dst_ip_freq: high, dns_domain_name_freq: high, duration: high, max_packets_len: high",
        "cluster_novel": "yes",
        "cluster_reason": "low density",
        "alt_hypothesis": "burst scan",
        "attack_ref": "DDoS",
        "peer_scores": 0.2,
        "critique": "I agree with the tri-view label because the cluster ID is an anomaly.",
        "changed": false,
        "new_label": 1,
        "reason": "I changed my label because the cluster ID is an anomaly.",
        "self_conf_before": 0.2,
        "clarifying_question": "What is the cluster ID?"
      },
      "C": {
        "need_more_info": false,
        "questions": [
          "What is the cluster ID?"
        ]
      }
    },
    "judge": {
      "final_label": 1,
      "confidence": 1.0,
      "winning_agent": "A",
      "reason": "All agents agree on the label being anomalous, and Agent A provided additional information about the high packet frequency during weekends, which justifies the label."
    }
  }
}