{
  "sample_summary": {
    "sample_id": "50-1",
    "tri_view_label": 1,
    "slm_final_vote": 1,
    "confidence": 0.6,
    "referee_label": 1
  },
  "debate_dynamics": {
    "dominant_agent": "A",
    "least_agent": "B"
  },
  "_rounds": {
    "R1": {
      "A": {
        "label": 1,
        "self_conf": 0.2,
        "rationale": "The anomaly detected in the tri-view label is an anomaly with a size of 1111 and a density of 5.466810859791786. The cluster ID is 170, and the time is Weekend (Tuesday).",
        "key_features": [
          "dst_ip_freq: high",
          "dns_domain_name_freq: -0.7119602307056717"
        ],
        "cluster_novel": "unknown",
        "cluster_reason": "unknown",
        "alt_hypothesis": "burst scan",
        "attack_ref": "DDoS"
      },
      "B": {
        "label": 1,
        "self_conf": 0.2,
        "rationale": "I agree with the tri-view label because the cluster ID is 170, which is a known attack type. The cluster size is 1111, which is larger than the average cluster size of 5. The cluster density is 5.466810859791, which is higher than the average cluster density of 3. The cluster dist is 0.08006145337595796, which is closer to the average cluster dist of 0.08. The cluster time is Weekend (Tuesday), which is a suspicious time for an attack. The cluster features are: dst_ip_freq: 0.9627162748000327, dns_domain_name_freq: -0.711960230705671, duration: -0.192242652145, max_packets_len: 0.6938876922705096. I think this is a strong evidence of an attack."
      },
      "C": {
        "label": 1,
        "self_conf": 0.2,
        "rationale": "High packet frequency during weekends",
        "key_features": "dst_ip_freq: high",
        "cluster_novel": "no",
        "cluster_reason": "Low density",
        "alt_hypothesis": "Possible DDoS attack",
        "attack_ref": "DDoS"
      }
    },
    "R2": {
      "A": {
        "self_conf_before": 0.2,
        "peer_scores": 0.2,
        "critique": "The anomaly detected in the tri-view label is an anomaly with a size of 1111 and a density of 5.466810859791786. The cluster ID is 170, and the time is Weekend (Tuesday).",
        "revise_label": {
          "changed": false,
          "new_label": 0,
          "reason": null
        },
        "self_conf_after": 0.2,
        "clarifying_question": "Is the cluster ID 170, which is a known attack type, a valid label for this anomaly?"
      },
      "B": {
        "revise_label": {
          "changed": false,
          "new_label": null,
          "reason": ""
        }
      },
      "C": {
        "revise_label": {
          "changed": false,
          "new_label": null,
          "reason": ""
        }
      }
    },
    "R3": {
      "A": {},
      "B": {},
      "C": {
        "need_more_info": true,
        "questions": [
          "Is the cluster ID 170, which is a known attack type, a valid label for this anomaly?"
        ]
      }
    },
    "judge": {
      "final_label": 1,
      "confidence": 0.6,
      "winning_agent": "A",
      "reason": "Agent A's initial label is supported by the cluster ID being a known attack type (170), which is consistent among all agents."
    }
  }
}