{
  "sample_summary": {
    "sample_id": "50-2",
    "tri_view_label": 1,
    "slm_final_vote": 1,
    "confidence": 0.2,
    "referee_label": 1
  },
  "debate_dynamics": {
    "dominant_agent": "A",
    "least_agent": "C"
  },
  "_rounds": {
    "R1": {
      "A": {
        "label": 1,
        "self_conf": 0.2,
        "rationale": "The anomaly detected in the tri-view label is an anomaly with a tri-view label of 1 (anomaly) and confidence of 0.2. The cluster ID is 194, with size of 165, density of 3.7187752556189952, and distance of 0.2754320073300783. The time was Weekend (Tuesday).",
        "key_features": [
          "dst_ip_freq: -0.3183606169854546",
          "dns_domain_name_freq: 1.4045859516912094",
          "duration: -0.1919547340475658",
          "max_packets_len: -0.5969456898609417"
        ],
        "cluster_novel": "unknown",
        "cluster_reason": "unknown",
        "alt_hypothesis": "burst scan",
        "attack_ref": "DDoS"
      },
      "B": {
        "label": 1,
        "self_conf": 0.2,
        "rationale": "I agree with the tri-view label because the cluster ID is  anomaly and the cluster size is high",
        "key_features": "dst_ip_freq: high, dns_domain_name_freq: high, duration: high",
        "cluster_novel": "yes",
        "cluster_reason": "high density",
        "alt_hypothesis": "burst scan",
        "attack_ref": "DDoS"
      },
      "C": {
        "label": 1,
        "self_conf": 0.2,
        "rationale": "High packet frequency during weekends",
        "key_features": "dst_ip_freq: high",
        "cluster_novel": "no",
        "cluster_reason": "Low density",
        "alt_hypothesis": "Possible DDoS attack",
        "attack_ref": "DDoS"
      }
    },
    "R2": {
      "A": {
        "self_conf_before": 0.2,
        "peer_scores": 0.2,
        "critique": "The cluster ID is 194, with size of 165, density of 3.7187752556189952, and distance of 0.2754320073300783. The time was Weekend (Tuesday).",
        "revise_label": {
          "changed": true,
          "new_label": 1,
          "reason": "High packet frequency during weekends"
        },
        "self_conf_after": 0.2,
        "clarifying_question": "Why did the peer responses suggest that the anomaly detected in the tri-view label is an anomaly with a tri-view label of 1 (anomaly) and confidence of 0.2?"
      },
      "B": {
        "self_conf_before": 0.2,
        "peer_scores": 0.2,
        "critique": "I agree with the tri-view label because the cluster ID is an anomaly and the cluster size is high",
        "changed": false,
        "new_label": 1,
        "reason": "I changed my label because the cluster ID is an anomaly and the cluster size is high",
        "self_conf_after": 0.2,
        "clarifying_question": "What is the cluster ID?"
      },
      "C": {
        "self_conf_before": 0.2,
        "peer_scores": [
          0.2,
          0.2
        ],
        "critique": "The rationale still holds, but the confidence score has decreased from 0.2 to 0.1 due to the conflicting label from the other agent.",
        "changed": true,
        "new_label": 1,
        "reason": "The confidence score dropped below the threshold (0.5) indicating a potential change in the anomaly. The conflicting label from another agent with a higher confidence score suggests a possible DDoS attack.",
        "self_conf_after": 0.1,
        "clarifying_question": "Could the observed anomaly be caused by a legitimate but less frequent DDoS attack on a different cluster?"
      }
    },
    "R3": {
      "A": {},
      "B": {
        "need_more_info": false,
        "questions": [
          "Could the observed anomaly be caused by a legitimate but less frequent DDoS attack on a different cluster?"
        ]
      },
      "C": {
        "label": 1,
        "self_conf": 0.2,
        "rationale": "High packet frequency during weekends",
        "key_features": "dst_ip_freq: high",
        "cluster_novel": "no",
        "cluster_reason": "Low density",
        "alt_hypothesis": "Possible DDoS attack",
        "attack_ref": "DDoS"
      }
    },
    "judge": {
      "final_label": 1,
      "confidence": 0.2,
      "winning_agent": "C",
      "reason": "Agent C's hypothesis of high packet frequency during weekends aligns with the given data, and although all agents agree on the anomaly label, Agent C's rationale is the most specific and directly relates to the provided features."
    }
  }
}