{
  "sample_summary": {
    "sample_id": "50-3",
    "tri_view_label": 1,
    "slm_final_vote": 1,
    "confidence": 0.8,
    "referee_label": 1
  },
  "debate_dynamics": {
    "dominant_agent": "A",
    "least_agent": "C"
  },
  "_rounds": {
    "R1": {
      "A": {
        "label": 1,
        "self_conf": 0.2,
        "rationale": "Anomaly detected due to high frequency of destination IPs and DNS domain names in the sample.",
        "key_features": [
          "dst_ip_freq: high",
          "dns_domain_name_freq: high"
        ],
        "cluster_novel": "unknown",
        "cluster_reason": "unusual size",
        "alt_hypothesis": "burst scan",
        "attack_ref": "DDoS"
      },
      "B": {
        "label": 1,
        "self_conf": 0.2,
        "rationale": "I agree with the tri-view label because the cluster is far from the centroid and in a sparse cluster.",
        "key_features": "dst_ip_freq: high, dns_domain_name_freq: high, duration: long, max_packets_len: high",
        "cluster_novel": "yes",
        "cluster_reason": "sparse cluster",
        "alt_hypothesis": "burst scan",
        "attack_ref": "DDoS"
      },
      "C": {
        "label": 1,
        "self_conf": 0.2,
        "rationale": "Low density of dst_ip_freq and dns_domain_name_freq suggest a potential outlier",
        "key_features": "dst_ip_freq: high, dns_domain_name_freq: high",
        "cluster_novel": "no",
        "cluster_reason": "Low density of features suggests an outlier",
        "alt_hypothesis": "Possible malicious activity based on outlier behavior",
        "attack_ref": "Anomaly detected in dst_ip_freq and dns_domain_name_freq"
      }
    },
    "R2": {
      "A": {
        "self_conf_before": 0.2,
        "peer_scores": 0.2,
        "critique": "Anomaly detected due to high frequency of destination IPs and DNS domain names in the sample. The cluster is far from the centroid and in a sparse cluster. Low density of dst_ip_freq and dns_domain_name_freq suggest a potential outlier.",
        "revise_label": {
          "changed": true,
          "new_label": 1,
          "reason": "Low density of dst_ip_freq and dns_domain_name_freq suggest a potential outlier"
        },
        "self_conf_after": 0.2,
        "clarifying_question": "What is the potential outlier identified by the peer predictions, and why is it suggested?"
      },
      "B": {
        "self_conf_before": 0.2,
        "peer_scores": 0.2,
        "critique": "I agree with the tri-view label because the cluster is far from the centroid and in a sparse cluster.",
        "changed": false,
        "new_label": 1,
        "reason": "I have changed my label to 1 because the cluster is far from the centroid and in a sparse cluster.",
        "self_conf_after": 0.2,
        "clarifying_question": "What is the threshold for sparse cluster?"
      },
      "C": {
        "self_conf_before": 0.2,
        "peer_scores": [
          0.2,
          0.2
        ],
        "critique": "I agree with the peers that the cluster is far from the centroid and in a sparse cluster. The rationale aligns with the outlier behavior, suggesting a potential malicious activity based on the high density of destination IPs and DNS domain names in the sample.",
        "changed": true,
        "new_label": 1,
        "reason": "I changed the label to 1 due to the consensus of the peers and the alignment with the outlier behavior.",
        "self_conf_after": 0.8,
        "clarifying_question": "Could the outlier behavior be explained by other factors, such as the presence of malicious bot traffic or an issue with the data collection process?"
      }
    },
    "R3": {
      "A": {},
      "B": {},
      "C": {
        "label": 1,
        "self_conf": 0.2,
        "rationale": "Low density of dst_ip_freq and dns_domain_name_freq suggest a potential outlier",
        "key_features": "dst_ip_freq: high, dns_domain_name_freq: high",
        "cluster_novel": "no",
        "cluster_reason": "Low density of features suggests an outlier",
        "alt_hypothesis": "Possible malicious activity based on outlier behavior",
        "attack_ref": "Anomaly detected in dst_ip_freq and dns_domain_name_freq"
      }
    },
    "judge": {
      "final_label": 1,
      "confidence": 0.8,
      "winning_agent": "C",
      "reason": "Agent C's label remained consistent throughout the debate, and the consensus of the peers, along with the potential outlier behavior identified by the low density of destination IPs and DNS domain names in the sample, supports the anomaly detection."
    }
  }
}