{
  "sample_summary": {
    "sample_id": "50-6",
    "tri_view_label": 1,
    "slm_final_vote": 1,
    "confidence": 0.6,
    "referee_label": 1
  },
  "debate_dynamics": {
    "dominant_agent": "A",
    "least_agent": "B"
  },
  "_rounds": {
    "R1": {
      "A": {
        "label": 1,
        "self_conf": 0.2,
        "rationale": "Anomaly detected in tri-view label with cluster ID 14, size 1105, density 5.266800343471724, distance 0.33754781262908184.",
        "key_features": [
          "dst_ip_freq: high",
          "dns_domain_name_freq: -0.7119602307056717"
        ],
        "cluster_novel": "unknown",
        "cluster_reason": "unknown",
        "alt_hypothesis": "burst scan",
        "attack_ref": "DDoS"
      },
      "B": {
        "label": 1,
        "self_conf": 0.2,
        "rationale": "I agree with the tri-view label because the cluster ID is 14, which is a known anomaly cluster. The cluster size is 1105, which is larger than the average cluster size of 5.266, and the density is 5.266, which is higher than the average density of 5.266. The cluster is also located in the same time zone as the tri-view label, which is a possible reason for the anomaly. The cluster has a high density and a large size, which could indicate a high-frequency attack or a large-scale attack. The cluster also has a high distance from the tri-view label, which could indicate a low-frequency attack or a long-term attack. Therefore, I agree with the tri-view label and I think that the cluster is an anomaly.",
        "key_features": "dst_ip_freq: high, dns_domain_name_freq: low, duration: long, max_packets_len: high",
        "cluster_novel": "yes",
        "cluster_reason": "high density, large size, long duration",
        "alt_hypothesis": "high-frequency attack",
        "attack_ref": "DDoS"
      },
      "C": {
        "label": 1,
        "self_conf": 0.2,
        "rationale": "High packet frequency during weekends",
        "key_features": "dst_ip_freq: high",
        "cluster_novel": "no",
        "cluster_reason": "High density during weekends",
        "alt_hypothesis": "Possible bot activity",
        "attack_ref": "Weekend bot activity"
      }
    },
    "R2": {
      "A": {
        "self_conf_before": 0.2,
        "peer_scores": 0.2,
        "critique": "Anomaly detected in tri-view label with cluster ID 14, size 1105, density 5.266800343471724, distance 0.33754781262908184. Based on the cluster ID, cluster size, density, and distance, I agree with the tri-view label and think that the cluster is an anomaly. The cluster has a high density and a large size, which could indicate a high-frequency attack or a large-scale attack. The cluster also has a high distance from the tri-view label, which could indicate a low-frequency attack or a long-term attack. Therefore, I think that the cluster is an anomaly.",
        "revise_label": {
          "changed": true,
          "new_label": 1,
          "reason": "Based on the peer responses, I agree with the tri-view label and think that the cluster is an anomaly. The cluster has a high density and a large size, which could indicate a high-frequency attack or a large-scale attack. The cluster also has a high distance from the tri-view label, which could indicate a low-frequency attack or a long-term attack. Therefore, I think that the cluster is an anomaly."
        },
        "self_conf_after": 0.2,
        "clarifying_question": "Based on the peer responses, what is the conclusion about the cluster's anomaly status?"
      },
      "B": {
        "revise_label": {
          "changed": false,
          "new_label": null,
          "reason": ""
        }
      },
      "C": {
        "self_conf_before": 0.2,
        "peer_scores": 0.2,
        "critique": "I agree with the tri-view label because the cluster ID is 14, which is a known anomaly cluster. The cluster size is 1105, which is larger than the average cluster size of 5.266, and the density is 5.266, which is higher than the average density of 5.266. The cluster is also located in the same time zone as the tri-view label, which is a possible reason for the anomaly. The cluster has a high density and a large size, which could indicate a high-frequency attack or a large-scale attack. The cluster also has a high distance from the tri-view label, which could indicate a low-frequency attack or a long-term attack. Therefore, I agree with the tri-view label and I think that the cluster is an anomaly.",
        "changed": false,
        "new_label": 1,
        "reason": "I agree with the tri-view label because the cluster ID is 14, which is a known anomaly cluster.",
        "self_conf_after": 0.2,
        "clarifying_question": "Could the cluster be an outlier caused by a temporary spike in the traffic?"
      }
    },
    "R3": {
      "A": {},
      "B": {
        "need_more_info": false,
        "questions": []
      },
      "C": {
        "label": 1,
        "self_conf": 0.2,
        "rationale": "High packet frequency during weekends",
        "key_features": "dst_ip_freq: high",
        "cluster_novel": "no",
        "cluster_reason": "High density during weekends",
        "alt_hypothesis": "Possible bot activity",
        "attack_ref": "Weekend bot activity"
      }
    },
    "judge": {
      "final_label": 1,
      "confidence": 0.6,
      "winning_agent": "A",
      "reason": "All agents agree that the cluster is an anomaly based on its high density and large size. Agent A provides additional justification for the anomaly being a potential DDoS attack due to the high packet frequency and the cluster's distance from the tri-view label. Since Agent A's justification aligns with the tri-view label and is more detailed, they are deemed the winning agent."
    }
  }
}