{
  "sample_summary": {
    "sample_id": "50-7",
    "tri_view_label": 1,
    "slm_final_vote": 1,
    "confidence": 0.8,
    "referee_label": 1
  },
  "debate_dynamics": {
    "dominant_agent": "A",
    "least_agent": "C"
  },
  "_rounds": {
    "R1": {
      "A": {},
      "B": {
        "label": 1,
        "self_conf": 0.2,
        "rationale": "I agree with the tri-view label because the cluster ID is  anomaly and the cluster size is high",
        "key_features": "dst_ip_freq: high, dns_domain_name_freq: high, duration: high",
        "cluster_novel": "yes",
        "cluster_reason": "high density",
        "alt_hypothesis": "burst scan",
        "attack_ref": "DDoS"
      },
      "C": {
        "label": 1,
        "self_conf": 0.2,
        "rationale": "Low density of dst_ip_freq and dns_domain_name_freq",
        "key_features": "dst_ip_freq: high, dns_domain_name_freq: low",
        "cluster_novel": "no",
        "cluster_reason": "Low density of both features suggests a potential attack",
        "alt_hypothesis": "Possible bot activity based on high dst_ip_freq",
        "attack_ref": "Bot activity"
      }
    },
    "R2": {
      "A": {
        "self_conf_before": 0.2,
        "peer_scores": 0.2,
        "critique": "I agree with the tri-view label because the cluster ID is  anomaly and the cluster size is high",
        "revise_label": {
          "changed": true,
          "new_label": 1,
          "reason": "Low density of dst_ip_freq and dns_domain_name_freq"
        },
        "self_conf_after": 0.2,
        "clarifying_question": "Why did the peer reviewer change their label from 0 to 1 for the cluster ID  anomaly and the cluster size high?"
      },
      "B": {
        "self_conf_before": 0.2,
        "peer_scores": 0.2,
        "critique": "I agree with the tri-view label because the cluster ID is anomaly and the cluster size is high",
        "changed": false,
        "new_label": 1,
        "reason": "I changed my label because the cluster ID is an anomaly",
        "self_conf_after": 0.2,
        "clarifying_question": "What is the cluster ID?"
      },
      "C": {
        "self_conf_before": 0.2,
        "peer_scores": [
          0.2,
          0.8
        ],
        "critique": "I agree with the tri-view label because the cluster ID is an anomaly and the cluster size is high",
        "changed": true,
        "new_label": 1,
        "reason": "I changed the label to 1 because the cluster size and ID suggest a bot activity",
        "self_conf_after": 0.8,
        "clarifying_question": "Is the bot activity isolated to this specific cluster or is it present in other clusters as well?"
      }
    },
    "R3": {
      "A": {},
      "B": {},
      "C": {}
    },
    "judge": {
      "final_label": 1,
      "confidence": 0.8,
      "winning_agent": "C",
      "reason": "Agent C's revised label and higher self-confidence after peer review indicate a bot activity based on the high dst_ip_freq and low dns_domain_name_freq."
    }
  }
}