{
  "sample_summary": {
    "sample_id": "50-9",
    "tri_view_label": 1,
    "slm_final_vote": 1,
    "confidence": 0.5,
    "referee_label": null
  },
  "debate_dynamics": {
    "dominant_agent": "A",
    "least_agent": "C"
  },
  "_rounds": {
    "R1": {
      "A": {
        "label": 1,
        "self_conf": 0.2,
        "rationale": "Anomaly detected in tri-view label with confidence 0.2, cluster ID 67, size 4, density 0.8268385476995233, dist 1.275716817677136, time Weekend, cluster contrast far from centroid and sparse cluster.",
        "key_features": [
          "dst_ip_freq: -0.3183606169854546",
          "dns_domain_name_freq: 1.4045859516912094"
        ],
        "cluster_novel": "unknown",
        "cluster_reason": "unknown",
        "alt_hypothesis": "burst scan",
        "attack_ref": "DDoS"
      },
      "B": {
        "label": 1,
        "self_conf": 0.2,
        "rationale": "I agree with the tri-view label because the cluster is far from the centroid and in a sparse cluster.",
        "key_features": "dst_ip_freq: high, dns_domain_name_freq: high, duration: high, max_packets_len: high",
        "cluster_novel": "yes",
        "cluster_reason": "sparse cluster",
        "alt_hypothesis": "burst scan",
        "attack_ref": "DDoS"
      },
      "C": {
        "label": 1,
        "self_conf": 0.2,
        "rationale": "Low density of dst_ip_freq and dns_domain_name_freq",
        "key_features": "dst_ip_freq: high, dns_domain_name_freq: low",
        "cluster_novel": "no",
        "cluster_reason": "Low density of features",
        "alt_hypothesis": "Possible malicious activity",
        "attack_ref": "Low density of features"
      }
    },
    "R2": {
      "A": {
        "self_conf_before": 0.2,
        "peer_scores": 0.2,
        "critique": "Anomaly detected in tri-view label with confidence 0.2, cluster ID 67, size 4, density 0.8268385476995233, dist 1.275716817677136, time Weekend, cluster contrast far from centroid and sparse cluster.",
        "revise_label": {
          "changed": true,
          "new_label": 1,
          "reason": "Low density of dst_ip_freq and dns_domain_name_freq"
        },
        "self_conf_after": 0.2,
        "clarifying_question": "Why did the peer responses suggest a low density of dst_ip_freq and dns_domain_name_freq in the tri-view label?"
      },
      "B": {
        "self_conf_before": 0.2,
        "peer_scores": 0.2,
        "critique": "I agree with the tri-view label because the cluster is far from the centroid and in a sparse cluster.",
        "changed": false,
        "new_label": 1,
        "reason": "I changed my label because the cluster is far from the centroid and in a sparse cluster.",
        "self_conf_after": 0.2,
        "clarifying_question": "What is the cluster size?"
      },
      "C": {
        "self_conf_before": 0.2,
        "peer_scores": [
          0.2,
          0.2
        ],
        "critique": "I agree with the peers that an anomaly is detected in the tri-view label. However, the cluster size and density values suggest a more complex attack rather than a simple anomaly.",
        "changed": true,
        "new_label": 1,
        "reason": "I have revised my label to 1 based on the peers' consensus and the more nuanced analysis of the cluster characteristics.",
        "self_conf_after": 0.4,
        "clarifying_question": "Could the cluster be associated with a specific malware family or strain based on the distribution of features?"
      }
    },
    "R3": {
      "A": {},
      "B": {
        "need_more_info": false,
        "questions": []
      },
      "C": {
        "label": 1,
        "self_conf": 0.4,
        "rationale": "I have revised my label to 1 based on the peers' consensus and the more nuanced analysis of the cluster characteristics.",
        "key_features": "dst_ip_freq: high, dns_domain_name_freq: low",
        "cluster_novel": "no",
        "cluster_reason": "Low density of features",
        "alt_hypothesis": "Possible malicious activity",
        "attack_ref": "Low density of features"
      }
    },
    "judge": {
      "_raw_output": "{\n  \"final_label\": 1,\n  \"confidence\": 0.6,\n  \"winning_agent\": \"C\",\n  \"reason\": \"Agent C's label change was based on the consensus of the peers and a more nuanced analysis of the cluster characteristics. The low density of features suggests a complex attack, which aligns with Agent C's alternative hypothesis of possible malicious activity.\""
    }
  }
}