{
  "sample_summary": {
    "sample_id": "51-1",
    "tri_view_label": 1,
    "slm_final_vote": 1,
    "confidence": 0.6,
    "referee_label": 1
  },
  "debate_dynamics": {
    "dominant_agent": "A",
    "least_agent": "B"
  },
  "_rounds": {
    "R1": {
      "A": {
        "label": 1,
        "self_conf": 0.2,
        "rationale": "The anomaly detected in the tri-view label is an anomaly with a tri-view label of 1 (anomaly) and confidence of 0.2. The cluster ID is 14, with a size of 1079, density of 5.3642851480220095, and a time of Weekend (Tuesday).",
        "key_features": [
          "dst_ip_freq: high",
          "dns_domain_name_freq: -0.7119602307056717"
        ],
        "cluster_novel": "unknown",
        "cluster_reason": "unknown",
        "alt_hypothesis": "burst scan",
        "attack_ref": "DDoS"
      },
      "B": {
        "label": 1,
        "self_conf": 0.2,
        "rationale": "I agree with the tri-view label because the cluster ID is 14, which is a known anomaly cluster. The cluster has a high density and is located close to the source IP address, which is suspicious. The cluster also has a high duration and a high max_packets_len, which are typical features of a DDoS attack. The cluster is also located on a Tuesday, which is a weekend day, which is unusual for a cluster. Therefore, I think this is a DDoS attack.",
        "key_features": "dst_ip_freq: high, dns_domain_name_freq: low, duration: high, max_packets_len: high",
        "cluster_novel": "yes",
        "cluster_reason": "high density, close to source IP, high duration and max_packets_len",
        "alt_hypothesis": "DDoS attack",
        "attack_ref": "DDoS"
      },
      "C": {
        "label": 1,
        "self_conf": 0.2,
        "rationale": "High packet frequency during weekends",
        "key_features": "dst_ip_freq: high",
        "cluster_novel": "no",
        "cluster_reason": "Low density",
        "alt_hypothesis": "Possible DDoS attack",
        "attack_ref": "DDoS"
      }
    },
    "R2": {
      "A": {
        "self_conf_before": 0.2,
        "peer_scores": 0.2,
        "critique": "I agree with the tri-view label because the cluster ID is 14, which is a known anomaly cluster. The cluster has a high density and is located close to the source IP address, which is suspicious. The cluster also has a high duration and a high max_packets_len, which are typical features of a DDoS attack. The cluster is also located on a Tuesday, which is a weekend day, which is unusual for a cluster. Therefore, I think this is a DDoS attack.",
        "revise_label": {
          "changed": true,
          "new_label": 1,
          "reason": "High packet frequency during weekends"
        },
        "self_conf_after": 0.2,
        "clarifying_question": "What is the significance of the high packet frequency during weekends in the context of the DDoS attack detected in the tri-view label?"
      },
      "B": {
        "revise_label": {
          "changed": false,
          "new_label": null,
          "reason": ""
        }
      },
      "C": {
        "self_conf_before": 0.2,
        "peer_scores": [
          0.2,
          0.2
        ],
        "critique": "I agree with the peers that the cluster ID and density are suspicious for a DDoS attack, and the timing of the attack on a weekend day is unusual. However, the rationale provided by peer A is more specific and provides additional details about the cluster and the attack characteristics. Therefore, I will keep the label and confidence.",
        "changed": false,
        "new_label": 1,
        "reason": "Revised rationale based on additional information from peer A.",
        "self_conf_after": 0.4,
        "clarifying_question": "Is there any other information or evidence that supports the peers' suspicions besides the cluster ID and density?"
      }
    },
    "R3": {
      "A": {},
      "B": {},
      "C": {
        "label": 1,
        "self_conf": 0.2,
        "rationale": "High packet frequency during weekends",
        "key_features": "dst_ip_freq: high",
        "cluster_novel": "no",
        "cluster_reason": "Low density",
        "alt_hypothesis": "Possible DDoS attack",
        "attack_ref": "DDoS"
      }
    },
    "judge": {
      "final_label": 1,
      "confidence": 0.6,
      "winning_agent": "C",
      "reason": "Agent C's label remained consistent throughout the debate, and while the other agents provided valuable insights, their labels changed. Agent C's rationale of 'High packet frequency during weekends' is a valid reason for considering this a DDoS attack."
    }
  }
}