{
  "sample_summary": {
    "sample_id": "51-2",
    "tri_view_label": 1,
    "slm_final_vote": 1,
    "confidence": 0.6,
    "referee_label": 1
  },
  "debate_dynamics": {
    "dominant_agent": "A",
    "least_agent": "C"
  },
  "_rounds": {
    "R1": {
      "A": {
        "label": 1,
        "self_conf": 0.2,
        "rationale": "The anomaly detected in the tri-view label is an anomaly with a size of 1078 and a density of 5.592439182385883. The cluster ID is 75, and the time is Weekend (Tuesday).",
        "key_features": [
          "dst_ip_freq: high",
          "dns_domain_name_freq: -0.7119602307056717"
        ],
        "cluster_novel": "unknown",
        "cluster_reason": "unknown",
        "alt_hypothesis": "burst scan",
        "attack_ref": "DDoS"
      },
      "B": {
        "label": 1,
        "self_conf": 0.2,
        "rationale": "I agree with the tri-view label because the cluster ID is  anomaly and the cluster size is large",
        "key_features": "dst_ip_freq: high, dns_domain_name_freq: low, duration:  long, max_packets_len: high",
        "cluster_novel": "yes",
        "cluster_reason": "low density",
        "alt_hypothesis": "false positive",
        "attack_ref": "DDoS"
      },
      "C": {
        "label": 1,
        "self_conf": 0.2,
        "rationale": "High packet frequency during weekends",
        "key_features": "dst_ip_freq: high",
        "cluster_novel": "no",
        "cluster_reason": "Low density",
        "alt_hypothesis": "Possible malware activity",
        "attack_ref": "Malware scanning"
      }
    },
    "R2": {
      "A": {
        "self_conf_before": 0.2,
        "peer_scores": 0.2,
        "critique": "I agree with the tri-view label because the cluster ID is  anomaly and the cluster size is large",
        "revise_label": {
          "changed": true,
          "new_label": 1,
          "reason": "High packet frequency during weekends"
        },
        "self_conf_after": 0.2,
        "clarifying_question": "Why did the peer revise your label to 1?"
      },
      "B": {
        "self_conf_before": 0.2,
        "peer_scores": 0.2,
        "critique": "I agree with the tri-view label because the cluster ID is an anomaly and the cluster size is large",
        "changed": false,
        "new_label": 1,
        "reason": "I have not changed my label",
        "self_conf_after": 0.2,
        "clarifying_question": "What is the cluster size?"
      },
      "C": {
        "self_conf_before": 0.2,
        "peer_scores": [
          0.2,
          0.2
        ],
        "critique": "I agree with the peers that the anomaly detected in the tri-view label is an anomaly with a size of 1078 and a density of 5.592439182385883. The cluster ID is 75, and the time is Weekend (Tuesday). However, my rationale is different. I believe that the anomaly may be a legitimate outlier caused by a rare event, rather than a malware attack. I would need more data to support my conclusion.",
        "changed": false,
        "new_label": 1,
        "reason": "I believe the anomaly may be a legitimate outlier caused by a rare event, rather than a malware attack.",
        "self_conf_after": 0.4,
        "clarifying_question": "Could the anomaly be caused by a malware attack, or is it more likely a false positive due to the specific cluster and time of the event?"
      }
    },
    "R3": {
      "A": {},
      "B": {
        "need_more_info": false,
        "questions": [
          "Could the anomaly be caused by a malware attack, or is it more likely a false positive due to the specific cluster and time of the event?"
        ]
      },
      "C": {
        "label": 1,
        "self_conf": 0.2,
        "rationale": "High packet frequency during weekends",
        "key_features": "dst_ip_freq: high",
        "cluster_novel": "no",
        "cluster_reason": "Low density",
        "alt_hypothesis": "Possible malware activity",
        "attack_ref": "Malware scanning"
      }
    },
    "judge": {
      "final_label": 1,
      "confidence": 0.6,
      "winning_agent": "C",
      "reason": "Agent C's label is consistent with the tri-view label and provides a clear rationale based on the given data. While Agents A and B also agree with the tri-view label, their rationales are not as explicit or supported by the data as Agent C's."
    }
  }
}