{
  "sample_summary": {
    "sample_id": "51-3",
    "tri_view_label": 1,
    "slm_final_vote": 1,
    "confidence": 0.8,
    "referee_label": 1
  },
  "debate_dynamics": {
    "dominant_agent": "A",
    "least_agent": "B"
  },
  "_rounds": {
    "R1": {
      "A": {
        "label": 1,
        "self_conf": 0.2,
        "rationale": "The anomaly detected in the tri-view label is an anomaly with a size of 1079 and a density of 5.3642851480220095. The cluster ID is 14, and the time is Weekend (Tuesday).",
        "key_features": [
          "dst_ip_freq: high",
          "dns_domain_name_freq: -0.7119602307056717"
        ],
        "cluster_novel": "unknown",
        "cluster_reason": "unknown",
        "alt_hypothesis": "burst scan",
        "attack_ref": "DDoS"
      },
      "B": {
        "label": 1,
        "self_conf": 0.2,
        "rationale": "I agree with the tri-view label because the cluster ID is 14, which is a known anomaly cluster. The cluster size is 1079, which is larger than the average cluster size of 5.36428514822. The cluster density is 5.36428514822, which is also higher than the average cluster density of 5.36428514822. The cluster is also located in a high-density area, which increases the likelihood of anomalies. The cluster is also close to the origin, which means that it is more likely to be affected by external factors. Therefore, I agree with the tri-view label and the cluster label.",
        "key_features": "dst_ip_freq: high, dns_domain_name_freq: low, duration: long, max_packets_len: high",
        "cluster_novel": "yes",
        "cluster_reason": "high density, close to origin",
        "alt_hypothesis": "DDoS attack",
        "attack_ref": "DDoS"
      },
      "C": {
        "label": 1,
        "self_conf": 0.2,
        "rationale": "High packet frequency during weekends",
        "key_features": "dst_ip_freq: high",
        "cluster_novel": "no",
        "cluster_reason": "Low density",
        "alt_hypothesis": "Possible malware activity",
        "attack_ref": "Malware"
      }
    },
    "R2": {
      "A": {
        "self_conf_before": 0.2,
        "peer_scores": 0.2,
        "critique": "The anomaly detected in the tri-view label is an anomaly with a size of 1079 and a density of 5.3642851480220095. The cluster ID is 14, and the time is Weekend (Tuesday).",
        "revise_label": {
          "changed": true,
          "new_label": 1,
          "reason": "The cluster ID is 14, and the time is Weekend (Tuesday)."
        },
        "self_conf_after": 0.2,
        "clarifying_question": "What is the new label for the anomaly detected in the tri-view label, and why was it changed from 1 to 1?"
      },
      "B": {
        "revise_label": {
          "changed": false,
          "new_label": null,
          "reason": ""
        }
      },
      "C": {
        "self_conf_before": 0.2,
        "peer_scores": 0.2,
        "critique": "I agree with the tri-view label because the cluster ID is 14, which is a known anomaly cluster. The cluster size is 1079, which is larger than the average cluster size of 5.36428514822. The cluster density is 5.36428514822, which is also higher than the average cluster density of 5.36428514822. The cluster is also located in a high-density area, which increases the likelihood of anomalies. The cluster is also close to the origin, which means that it is more likely to be affected by external factors. Therefore, I agree with the tri-view label and the cluster label.",
        "changed": false,
        "new_label": 1,
        "reason": "I agree with the tri-view label because the cluster characteristics and location suggest that it is an anomaly.",
        "self_conf_after": 0.8,
        "clarifying_question": "Is there any evidence other than the cluster characteristics and location that could support the tri-view label?"
      }
    },
    "R3": {
      "A": {},
      "B": {},
      "C": {
        "label": 1,
        "self_conf": 0.2,
        "rationale": "High packet frequency during weekends",
        "key_features": "dst_ip_freq: high",
        "cluster_novel": "no",
        "cluster_reason": "Low density",
        "alt_hypothesis": "Possible malware activity",
        "attack_ref": "Malware"
      }
    },
    "judge": {
      "final_label": 1,
      "confidence": 0.8,
      "winning_agent": "C",
      "reason": "Agent C's confidence increased significantly in Round 2, and while all agents agree on the label, Agent C's justification of 'High packet frequency during weekends' aligns with the given data and is a valid reason for the anomaly detection."
    }
  }
}