{
  "sample_summary": {
    "sample_id": "51-4",
    "tri_view_label": 1,
    "slm_final_vote": 1,
    "confidence": 0.8,
    "referee_label": 1
  },
  "debate_dynamics": {
    "dominant_agent": "A",
    "least_agent": "B"
  },
  "_rounds": {
    "R1": {
      "A": {
        "label": 1,
        "self_conf": 0.2,
        "rationale": "The anomaly detected in the tri-view label is an anomaly with a size of 1079 and a density of 5.3642851480220095. The cluster ID is 14, and the time is Weekend (Tuesday).",
        "key_features": [
          "dst_ip_freq: high",
          "dns_domain_name_freq: -0.7119602307056717"
        ],
        "cluster_novel": "unknown",
        "cluster_reason": "unknown",
        "alt_hypothesis": "burst scan",
        "attack_ref": "DDoS"
      },
      "B": {
        "label": 1,
        "self_conf": 0.2,
        "rationale": "I agree with the tri-view label because the cluster ID is 14, which is a known anomaly. The cluster size is 1079, which is larger than the average cluster size of 5.36428514822. The cluster density is 5.36428514822, which is also larger than the average cluster density of 5.36428514822. The cluster distance is 0.24093554831264694, which is larger than the average cluster distance of 0.24093554831264694. The cluster is also on a weekend, which is a known anomaly. Therefore, I agree with the tri-view label and the cluster ID is an anomaly.",
        "key_features": "dst_ip_freq: high, dns_domain_name_freq: low, duration: long, max_packets_len: large",
        "cluster_novel": "yes",
        "cluster_reason": "large cluster size, high density, long duration, large max_packets_len",
        "alt_hypothesis": "false positive",
        "attack_ref": "DDoS"
      },
      "C": {
        "label": 1,
        "self_conf": 0.2,
        "rationale": "High packet frequency during weekends",
        "key_features": "dst_ip_freq: high",
        "cluster_novel": "no",
        "cluster_reason": "High density during weekends",
        "alt_hypothesis": "Possible bot activity",
        "attack_ref": "Weekend bot activity"
      }
    },
    "R2": {
      "A": {
        "self_conf_before": 0.2,
        "peer_scores": 0.2,
        "critique": "The anomaly detected in the tri-view label is an anomaly with a size of 1079 and a density of 5.3642851480220095. The cluster ID is 14, and the time is Weekend (Tuesday).",
        "revise_label": {
          "changed": true,
          "new_label": 1,
          "reason": "The cluster ID is 14, and the time is Weekend (Tuesday)."
        },
        "self_conf_after": 0.2,
        "clarifying_question": "The anomaly detected in the tri-view label is an anomaly with a size of 1079 and a density of 5.3642851480220095. The cluster ID is 14, and the time is Weekend (Tuesday)."
      },
      "B": {
        "revise_label": {
          "changed": false,
          "new_label": null,
          "reason": ""
        }
      },
      "C": {
        "self_conf_before": 0.2,
        "peer_scores": 0.2,
        "critique": "I agree with the tri-view label because the cluster ID is 14, which is a known anomaly. The cluster size is 1079, which is larger than the average cluster size of 5.36428514822. The cluster density is 5.36428514822, which is also larger than the average cluster density of 5.36428514822. The cluster distance is 0.24093554831264694, which is larger than the average cluster distance of 0.24093554831264694. The cluster is also on a weekend, which is a known anomaly. Therefore, I agree with the tri-view label and the cluster ID is an anomaly.",
        "changed": true,
        "new_label": 1,
        "reason": "I agree with the tri-view label because the cluster ID is an anomaly and the cluster size and density are larger than average.",
        "self_conf_after": 0.8,
        "clarifying_question": "Is there any evidence other than the cluster ID and size that could explain this anomaly?"
      }
    },
    "R3": {
      "A": {},
      "B": {},
      "C": {
        "label": 1,
        "self_conf": 0.2,
        "rationale": "High packet frequency during weekends",
        "key_features": "dst_ip_freq: high",
        "cluster_novel": "no",
        "cluster_reason": "High density during weekends",
        "alt_hypothesis": "Possible bot activity",
        "attack_ref": "Weekend bot activity"
      }
    },
    "judge": {
      "final_label": 1,
      "confidence": 0.8,
      "winning_agent": "C",
      "reason": "Agent C's revised label is based on the tri-view label and agrees with it. While Agents A and B also agree with the tri-view label, Agent C's reasoning is more explicit and includes the high packet frequency during weekends as a key feature, which adds to the evidence supporting the anomaly label."
    }
  }
}