{
  "sample_summary": {
    "sample_id": "51-6",
    "tri_view_label": 1,
    "slm_final_vote": 1,
    "confidence": 0.5,
    "referee_label": null
  },
  "debate_dynamics": {
    "dominant_agent": "C",
    "least_agent": "A"
  },
  "_rounds": {
    "R1": {
      "A": {
        "label": 1,
        "self_conf": 0.2,
        "rationale": "The anomaly detected in the tri-view label is an anomaly with a tri-view label of 1 (anomaly) and confidence of 0.2. The cluster ID is 14, with a size of 1079, density of 5.3642851480220095, and a distance of 0.024086949159563418.",
        "key_features": [
          "dst_ip_freq: high"
        ],
        "cluster_novel": "yes",
        "cluster_reason": "low density",
        "alt_hypothesis": "burst scan",
        "attack_ref": "DDoS"
      },
      "B": {
        "label": 1,
        "self_conf": 0.2,
        "rationale": "I agree with the tri-view label because the cluster ID is 14, which is a known anomaly cluster. The cluster has a high density and is located close to the source IP address, which is a sign of a possible attack. The cluster also has a high duration and a low max_packets_len, which are typical features of a DDoS attack. The cluster is also on a weekend, which is a time when attacks are more likely to occur. Therefore, I think the cluster is an anomaly and deserves a label of 1.",
        "key_features": "dst_ip_freq: high, dns_domain_name_freq: low, duration: high, max_packets_len: low",
        "cluster_novel": "yes",
        "cluster_reason": "high density, close to source IP",
        "alt_hypothesis": "DDoS attack",
        "attack_ref": "DDoS"
      },
      "C": {
        "label": 1,
        "self_conf": 0.2,
        "rationale": "High packet frequency during weekends",
        "key_features": "dst_ip_freq: high",
        "cluster_novel": "no",
        "cluster_reason": "Low density",
        "alt_hypothesis": "Possible malware activity",
        "attack_ref": "Malware scanning"
      }
    },
    "R2": {
      "A": {
        "revise_label": {
          "changed": false,
          "new_label": null,
          "reason": ""
        }
      },
      "B": {
        "revise_label": {
          "changed": false,
          "new_label": null,
          "reason": ""
        }
      },
      "C": {
        "self_conf_before": 0.2,
        "peer_scores": 0.2,
        "critique": "I agree with the peers that the cluster is an anomaly and deserves a label of 1. My rationale aligns with their explanation that the cluster has a high density, is located close to the source IP address, and has a high duration and low max_packets_len. Additionally, the cluster occurs on a weekend, which is a time when attacks are more likely to occur.",
        "changed": false,
        "new_label": 1,
        "reason": "I agree with the peers that the cluster is an anomaly and deserves a label of 1.",
        "self_conf_after": 0.2,
        "clarifying_question": "Is there any other information or context that could support the peers' conclusions?"
      }
    },
    "R3": {
      "A": {
        "label": 1,
        "self_conf": 0.2,
        "rationale": "The anomaly detected in the tri-view label is an anomaly with a tri-view label of 1 (anomaly) and confidence of 0.2. The cluster ID is 14, with a size of 1079, density of 5.3642851480220095, and a distance of 0.024086949159563418.",
        "key_features": [
          "dst_ip_freq: high"
        ],
        "cluster_novel": "yes",
        "cluster_reason": "low density",
        "alt_hypothesis": "burst scan",
        "attack_ref": "DDoS",
        "revise_label": {
          "changed": false,
          "new_label": null,
          "reason": ""
        }
      },
      "B": {},
      "C": {
        "need_more_info": true,
        "questions": [
          "Is there any other information or context that could support the peers' conclusions?"
        ]
      }
    },
    "judge": {
      "_raw_output": "{\n\"final_label\": 1,\n\"confidence\": 0.6,\n\"winning_agent\": \"A B C\",\n\"reason\": \"All agents agree that the cluster is an anomaly with a label of 1. While Agent C requires more information, their rationale aligns with Agents A and B's explanations. Therefore, the final label is 1 with a confidence of 0.6.\""
    }
  }
}