{
  "sample_summary": {
    "sample_id": "51-8",
    "tri_view_label": 1,
    "slm_final_vote": 1,
    "confidence": 0.5,
    "referee_label": null
  },
  "debate_dynamics": {
    "dominant_agent": "A",
    "least_agent": "C"
  },
  "_rounds": {
    "R1": {
      "A": {
        "label": 1,
        "self_conf": 0.2,
        "rationale": "The anomaly detected in the tri-view label is an anomaly with a size of 1098 and a density of 5.588413709160882. The cluster ID is 170, and the time is Weekend (Tuesday).",
        "key_features": [
          "dst_ip_freq: high",
          "dns_domain_name_freq: -0.7119602307056717"
        ],
        "cluster_novel": "unknown",
        "cluster_reason": "unknown",
        "alt_hypothesis": "burst scan",
        "attack_ref": "DDoS"
      },
      "B": {
        "label": 1,
        "self_conf": 0.2,
        "rationale": "I agree with the tri-view label because the cluster ID is 170, which is associated with an anomaly.",
        "key_features": "dst_ip_freq: 0.962, dns_domain_name_freq: -0.711, duration: -0.192, max_packets_len: 0.693",
        "cluster_novel": "yes",
        "cluster_reason": "low density",
        "alt_hypothesis": "burst scan",
        "attack_ref": "DDoS"
      },
      "C": {
        "label": 1,
        "self_conf": 0.2,
        "rationale": "High packet frequency during weekends",
        "key_features": "dst_ip_freq: high",
        "cluster_novel": "no",
        "cluster_reason": "Low density",
        "alt_hypothesis": "Possible malware activity",
        "attack_ref": "Malware scanning"
      }
    },
    "R2": {
      "A": {
        "self_conf_before": 0.2,
        "peer_scores": 0.2,
        "critique": "I agree with the tri-view label because the cluster ID is 170, which is associated with an anomaly.",
        "revise_label": {
          "changed": true,
          "new_label": 1,
          "reason": "High packet frequency during weekends"
        },
        "self_conf_after": 0.2,
        "clarifying_question": "What is the reason for the peer's change in labeling the anomaly as 1, and what is the new label they suggest?"
      },
      "B": {
        "self_conf_before": 0.2,
        "peer_scores": 0.2,
        "critique": "I agree with the tri-view label because the cluster ID is 170, which is associated with an anomaly.",
        "changed": false,
        "new_label": 1,
        "reason": "I changed my label because the cluster ID is associated with an anomaly.",
        "self_conf_after": 0.2,
        "clarifying_question": "What is the cluster ID associated with the anomaly?"
      },
      "C": {
        "self_conf_before": 0.2,
        "peer_scores": [
          0.2,
          0.2
        ],
        "critique": "My rationale seems to be consistent with the peers' predictions, but I need more context to fully understand the situation.",
        "changed": true,
        "new_label": 1,
        "reason": "I believe the observed anomaly might be related to a malware attack based on the cluster ID and the unusual activity during weekends.",
        "self_conf_after": 0.4,
        "clarifying_question": "Could there be other factors besides the cluster ID and time that could contribute to the observed anomaly?"
      }
    },
    "R3": {
      "A": {
        "need_more_info": true,
        "questions": [
          {
            "label": "What is the cluster ID associated with the anomaly?",
            "self_conf": 0.4,
            "rationale": "My rationale seems to be consistent with the peers' predictions, but I need more context to fully understand the situation.",
            "clarifying_question": "What is the cluster ID associated with the anomaly, according to the peer's predictions, and what additional context do you need to fully understand the situation?"
          }
        ]
      },
      "B": {},
      "C": {
        "need_more_info": false,
        "questions": [
          "What is the reason for the peer's change in labeling the anomaly as 1, and what is the new label they suggest?"
        ]
      }
    },
    "judge": {
      "_raw_output": "{\n  \"final_label\": 1,\n  \"confidence\": 0.6,\n  \"winning_agent\": \"C\",\n  \"reason\": \"Agent C's rationale of possible malware activity aligns with the anomaly's cluster ID and the unusual activity during weekends. Additionally, Agent C's confidence level has increased in Round-3, indicating a stronger belief in the label.\""
    }
  }
}