{
  "sample_summary": {
    "sample_id": "51-9",
    "tri_view_label": 1,
    "slm_final_vote": 1,
    "confidence": 0.5,
    "referee_label": null
  },
  "debate_dynamics": {
    "dominant_agent": "A",
    "least_agent": "B"
  },
  "_rounds": {
    "R1": {
      "A": {
        "label": 1,
        "self_conf": 0.2,
        "rationale": "The anomaly detected in the tri-view label is an anomaly with a tri-view label of 1 (anomaly) and confidence of 0.2. The cluster ID is 14, with a size of 1079, density of 5.3642851480220095, and a distance of 0.06925986875258008.",
        "key_features": [
          "dst_ip_freq: high"
        ],
        "cluster_novel": "unknown",
        "cluster_reason": "unknown",
        "alt_hypothesis": "burst scan",
        "attack_ref": "DDoS"
      },
      "B": {
        "label": 1,
        "self_conf": 0.2,
        "rationale": "I agree with the tri-view label because the cluster ID is 14, which is a known anomaly cluster. The cluster size is also quite large, and the density is higher than the average. The cluster is also quite far from the center of the network, which is another sign of an anomaly. The weekend time also suggests that the cluster is not a normal traffic pattern.",
        "key_features": "dst_ip_freq: high, dns_domain_name_freq: low, duration: long, max_packets_len: high",
        "cluster_novel": "yes",
        "cluster_reason": "high density, far from center",
        "alt_hypothesis": "DDoS attack",
        "attack_ref": "DDoS"
      },
      "C": {
        "label": 1,
        "self_conf": 0.2,
        "rationale": "High packet frequency during weekends",
        "key_features": "dst_ip_freq: high",
        "cluster_novel": "no",
        "cluster_reason": "Low density",
        "alt_hypothesis": "Possible DDoS attack",
        "attack_ref": "DDoS"
      }
    },
    "R2": {
      "A": {
        "self_conf_before": 0.2,
        "peer_scores": 0.2,
        "critique": "The anomaly detected in the tri-view label is an anomaly with a tri-view label of 1 (anomaly) and confidence of 0.2. The cluster ID is 14, with a size of 1079, density of 5.3642851480220095, and a distance of 0.06925986875258008. The cluster_novel reason is unknown. The cluster_reason is unknown. The alt_hypothesis is burst scan. The attack_ref is DDoS.",
        "revise_label": {
          "changed": true,
          "new_label": 1,
          "reason": "The cluster ID is 14, with a size of 1079, density of 5.3642851480220095, and a distance of 0.06925986875258008. The cluster_novel reason is unknown. The cluster_reason is unknown. The alt_hypothesis is burst scan. The attack_ref is DDoS."
        }
      },
      "B": {
        "revise_label": {
          "changed": false,
          "new_label": null,
          "reason": ""
        }
      },
      "C": {
        "self_conf_before": 0.2,
        "peer_scores": 0.2,
        "critique": "I agree with the peers that the cluster ID 14 is an anomaly cluster and that the cluster size and density suggest an anomaly. However, my original rationale based on packet frequency during weekends was more specific and pointed to a DDoS attack rather than an anomaly cluster. I would need more information to change my label.",
        "changed": false,
        "new_label": 1,
        "reason": "I have more evidence now to support the DDoS attack hypothesis, but I still need more data to be confident in the label.",
        "self_conf_after": 0.4,
        "clarifying_question": "What other factors could contribute to the high density and cluster size in this cluster?"
      }
    },
    "R3": {
      "A": {},
      "B": {
        "need_more_info": false,
        "questions": [
          "What other factors could contribute to the high density and cluster size in this cluster?"
        ]
      },
      "C": {
        "label": 1,
        "self_conf": 0.2,
        "rationale": "High packet frequency during weekends",
        "key_features": "dst_ip_freq: high",
        "cluster_novel": "no",
        "cluster_reason": "Low density",
        "alt_hypothesis": "Possible DDoS attack",
        "attack_ref": "DDoS"
      }
    },
    "judge": {
      "_raw_output": "{\n  \"final_label\": 1,\n  \"confidence\": 0.6,\n  \"winning_agent\": \"B\",\n  \"reason\": \"Agent B provided a more comprehensive rationale, including the cluster size, density, and its location being far from the center of the network, which are all signs of an anomaly. Agent C's rationale was specific to packet frequency during weekends, but it did not provide enough evidence to definitively label the anomaly as a DDoS attack.\""
    }
  }
}