{
  "sample_summary": {
    "sample_id": "52-0",
    "tri_view_label": 1,
    "slm_final_vote": 1,
    "confidence": 0.8,
    "referee_label": 1
  },
  "debate_dynamics": {
    "dominant_agent": "A",
    "least_agent": "B"
  },
  "_rounds": {
    "R1": {
      "A": {
        "label": 1,
        "self_conf": 0.2,
        "rationale": "The anomaly detected in the tri-view label is an anomaly with a tri-view label of 1 (anomaly) and confidence of 0.2. The cluster ID is 75, with a size of 307, a density of 5.360212758175362, and a distance of 0.14375478669783134. The time was Weekend (Tuesday).",
        "key_features": [
          "dst_ip_freq: high",
          "dns_domain_name_freq: -0.7119602307056717"
        ],
        "cluster_novel": "unknown",
        "cluster_reason": "unusual size",
        "alt_hypothesis": "false positive",
        "attack_ref": "unknown"
      },
      "B": {
        "label": 1,
        "self_conf": 0.2,
        "rationale": "I agree with the tri-view label because the cluster ID is 75, which is a known anomaly cluster. The cluster size is 307, which is larger than the average cluster size of 200. The cluster density is 5.360212758175362, which is higher than the average cluster density of 3. The cluster is also located in a high-traffic area, which increases the likelihood of anomalies. The cluster is also located on a Tuesday, which is a busy day for network traffic. Therefore, I believe that this is an anomaly.",
        "key_features": "dst_ip_freq: 0.962, dns_domain_name_freq: -0.711, duration: -0.192, max_packets_len: 0.693",
        "cluster_novel": "yes",
        "cluster_reason": "high density",
        "alt_hypothesis": "burst scan",
        "attack_ref": "DDoS"
      },
      "C": {
        "label": 1,
        "self_conf": 0.2,
        "rationale": "High packet frequency during weekends",
        "key_features": "dst_ip_freq: high",
        "cluster_novel": "no",
        "cluster_reason": "Low density",
        "alt_hypothesis": "Possible DDoS attack",
        "attack_ref": "DDoS"
      }
    },
    "R2": {
      "A": {
        "self_conf_before": 0.2,
        "peer_scores": 0.2,
        "critique": "I agree with the tri-view label because the cluster ID is 75, which is a known anomaly cluster. The cluster size is 307, which is larger than the average cluster size of 200. The cluster density is 5.360212758175362, which is higher than the average cluster density of 3. The cluster is also located in a high-traffic area, which increases the likelihood of anomalies. The cluster is also located on a Tuesday, which is a busy day for network traffic. Therefore, I believe that this is an anomaly.",
        "revise_label": {
          "changed": true,
          "new_label": 1,
          "reason": "High packet frequency during weekends"
        },
        "self_conf_after": 0.2,
        "clarifying_question": "Why do you believe that this is an anomaly, and what evidence do you have to support this conclusion?"
      },
      "B": {
        "revise_label": {
          "changed": false,
          "new_label": null,
          "reason": ""
        }
      },
      "C": {
        "self_conf_before": 0.2,
        "peer_scores": 0.2,
        "critique": "I agree with the peers that this is an anomaly. The cluster ID, size, density, and time of day all suggest an anomaly. However, the rationale provided by the peer seems to be more specific and provides more context than the tri-view label alone.",
        "changed": false,
        "new_label": 1,
        "reason": "I believe that this is an anomaly based on the cluster characteristics and the rationale provided by the peer.",
        "self_conf_after": 0.8,
        "clarifying_question": "Could the peer have provided more context or evidence to support their label?"
      }
    },
    "R3": {
      "A": {},
      "B": {
        "need_more_info": false,
        "questions": []
      },
      "C": {
        "label": 1,
        "self_conf": 0.2,
        "rationale": "High packet frequency during weekends",
        "key_features": "dst_ip_freq: high",
        "cluster_novel": "no",
        "cluster_reason": "Low density",
        "alt_hypothesis": "Possible DDoS attack",
        "attack_ref": "DDoS"
      }
    },
    "judge": {
      "final_label": 1,
      "confidence": 0.8,
      "winning_agent": "C",
      "reason": "Agent C's confidence increased significantly after the critique from Agent A, and their rationale is specific and provides context beyond the tri-view label. The cluster characteristics also support the anomaly label."
    }
  }
}