{
  "sample_summary": {
    "sample_id": "52-1",
    "tri_view_label": 1,
    "slm_final_vote": 1,
    "confidence": 0.8,
    "referee_label": 1
  },
  "debate_dynamics": {
    "dominant_agent": "A",
    "least_agent": "B"
  },
  "_rounds": {
    "R1": {
      "A": {
        "label": 1,
        "self_conf": 0.2,
        "rationale": "The anomaly detected in the tri-view label is an anomaly with a size of 307 and a density of 5.360212758175362. The cluster ID is 75, and the time is Weekend (Tuesday).",
        "key_features": [
          "dst_ip_freq: high",
          "dns_domain_name_freq: -0.7119602307056717"
        ],
        "cluster_novel": "unknown",
        "cluster_reason": "unknown",
        "alt_hypothesis": "burst scan",
        "attack_ref": "DDoS"
      },
      "B": {
        "label": 1,
        "self_conf": 0.2,
        "rationale": "I agree with the tri-view label because the cluster ID is 75, which is a known anomaly cluster. The cluster size is 307, which is larger than the average cluster size of 200. The cluster density is 5.360212758175362, which is higher than the average cluster density of 3. The cluster is also located in a dense area, which increases the likelihood of anomalies. The cluster is also located on a Tuesday, which is a weekend day, which may increase the likelihood of anomalies due to increased network traffic. Therefore, I agree with the tri-view label and the rationale behind it.",
        "key_features": "dst_ip_freq: high, dns_domain_name_freq: low, duration: long, max_packets_len: high",
        "cluster_novel": "yes",
        "cluster_reason": "high density, weekend day",
        "alt_hypothesis": "false positive",
        "attack_ref": "DDoS"
      },
      "C": {
        "label": 1,
        "self_conf": 0.2,
        "rationale": "High packet frequency during weekends",
        "key_features": "dst_ip_freq: high",
        "cluster_novel": "no",
        "cluster_reason": "Low density",
        "alt_hypothesis": "Possible DDoS attack",
        "attack_ref": "DDoS"
      }
    },
    "R2": {
      "A": {
        "self_conf_before": 0.2,
        "peer_scores": 0.2,
        "critique": "The anomaly detected in the tri-view label is an anomaly with a size of 307 and a density of 5.360212758175362. The cluster ID is 75, and the time is Weekend (Tuesday).",
        "revise_label": {
          "changed": true,
          "new_label": 1,
          "reason": "The cluster ID is 75, and the time is Weekend (Tuesday)."
        },
        "self_conf_after": 0.2,
        "clarifying_question": "Why is the cluster ID 75 and the time Weekend (Tuesday)?"
      },
      "B": {
        "revise_label": {
          "changed": false,
          "new_label": null,
          "reason": ""
        }
      },
      "C": {
        "self_conf_before": 0.2,
        "peer_scores": 0.2,
        "critique": "I agree with the tri-view label because the cluster ID is 75, which is a known anomaly cluster. The cluster size is 307, which is larger than the average cluster size of 200. The cluster density is 5.360212758175362, which is higher than the average cluster density of 3. The cluster is also located in a dense area, which increases the likelihood of anomalies. The cluster is also located on a Tuesday, which is a weekend day, which may increase the likelihood of anomalies due to increased network traffic. Therefore, I agree with the tri-view label and the rationale behind it.",
        "changed": false,
        "new_label": 1,
        "reason": "I agree with the tri-view label because the cluster ID and density are both above the average values for the cluster. Additionally, the cluster is located in a dense area and on a weekend day, which are both known to be periods of increased network traffic.",
        "self_conf_after": 0.8,
        "clarifying_question": "Is there any other information or context that could support the tri-view label?"
      }
    },
    "R3": {
      "A": {},
      "B": {},
      "C": {
        "label": 1,
        "self_conf": 0.2,
        "rationale": "High packet frequency during weekends",
        "key_features": "dst_ip_freq: high",
        "cluster_novel": "no",
        "cluster_reason": "Low density",
        "alt_hypothesis": "Possible DDoS attack",
        "attack_ref": "DDoS"
      }
    },
    "judge": {
      "final_label": 1,
      "confidence": 0.8,
      "winning_agent": "C",
      "reason": "Agent C's confidence increased significantly in Round 2, and while all agents agree with the label, Agent C's rationale emphasizes the high packet frequency during weekends, which aligns with the known characteristic of DDoS attacks."
    }
  }
}