{
  "sample_summary": {
    "sample_id": "52-2",
    "tri_view_label": 1,
    "slm_final_vote": 1,
    "confidence": 0.6,
    "referee_label": 1
  },
  "debate_dynamics": {
    "dominant_agent": "A",
    "least_agent": "B"
  },
  "_rounds": {
    "R1": {
      "A": {
        "label": 1,
        "self_conf": 0.2,
        "rationale": "The anomaly detected in the tri-view label is an anomaly with a size of 307 and a density of 5.360212758175362. The cluster ID is 75, and the time is Weekend (Tuesday).",
        "key_features": [
          "dst_ip_freq: high",
          "dns_domain_name_freq: -0.7119602307056717"
        ],
        "cluster_novel": "unknown",
        "cluster_reason": "unknown",
        "alt_hypothesis": "burst scan",
        "attack_ref": "DDoS"
      },
      "B": {
        "label": 1,
        "self_conf": 0.2,
        "rationale": "I agree with the tri-view label because the cluster ID is 75, which is a known anomaly cluster. The cluster size is 307, which is larger than the average cluster size of 200. The cluster density is 5.360212758175362, which is higher than the average cluster density of 3. The cluster distance is 0.05661726666926318, which is closer than the average cluster distance of 0.1. The cluster time is Weekend (Tuesday), which is also a known anomaly time. Therefore, I agree with the tri-view label and the cluster label.",
        "key_features": "dst_ip_freq: 0.9627162748000327, dns_domain_name_freq: -0.711960230705671, duration: -0.19224265274501, max_packets_len: 0.6938876922705691",
        "cluster_novel": "yes",
        "cluster_reason": "larger size, higher density, closer distance, Weekend time",
        "alt_hypothesis": "burst scan",
        "attack_ref": "DDoS"
      },
      "C": {
        "label": 1,
        "self_conf": 0.2,
        "rationale": "High packet frequency during weekends",
        "key_features": "dst_ip_freq: high",
        "cluster_novel": "no",
        "cluster_reason": "Low density",
        "alt_hypothesis": "Possible DDoS attack",
        "attack_ref": "DDoS"
      }
    },
    "R2": {
      "A": {
        "self_conf_before": 0.2,
        "peer_scores": 0.2,
        "critique": "The anomaly detected in the tri-view label is an anomaly with a size of 307 and a density of 5.360212758175362. The cluster ID is 75, and the time is Weekend (Tuesday).",
        "revise_label": {
          "changed": true,
          "new_label": 1,
          "reason": "The cluster ID is 75, and the time is Weekend (Tuesday)."
        },
        "self_conf_after": 0.2,
        "clarifying_question": "What is the new label for the anomaly detected in the tri-view label, and why was it changed from 1 to 1?"
      },
      "B": {
        "revise_label": {
          "changed": false,
          "new_label": null,
          "reason": ""
        }
      },
      "C": {
        "self_conf_before": 0.2,
        "peer_scores": [
          0.2,
          0.2
        ],
        "critique": "I agree with the tri-view label because the cluster ID is 75, which is a known anomaly cluster. The cluster size is 307, which is larger than the average cluster size of 200. The cluster density is 5.360212758175362, which is higher than the average cluster density of 3. The cluster distance is 0.05661726666926318, which is closer than the average cluster distance of 0.1. The cluster time is Weekend (Tuesday), which is also a known anomaly time. Therefore, I agree with the tri-view label and the cluster label.",
        "changed": false,
        "new_label": 1,
        "reason": "I agree with the tri-view label because the cluster characteristics and time align with the known anomaly characteristics and time.",
        "self_conf_after": 0.2,
        "clarifying_question": "Could there be other factors contributing to the observed anomalies besides the DDoS attack hypothesis?"
      }
    },
    "R3": {
      "A": {},
      "B": {},
      "C": {
        "label": 1,
        "self_conf": 0.2,
        "rationale": "High packet frequency during weekends",
        "key_features": "dst_ip_freq: high",
        "cluster_novel": "no",
        "cluster_reason": "Low density",
        "alt_hypothesis": "Possible DDoS attack",
        "attack_ref": "DDoS"
      }
    },
    "judge": {
      "final_label": 1,
      "confidence": 0.6,
      "winning_agent": "B",
      "reason": "Agent B provided a comprehensive justification for the anomaly being an anomaly based on the cluster size, density, distance, and time, which aligns with known anomaly characteristics. Agent A and C did not provide significant additional information or justification beyond the tri-view label."
    }
  }
}