{
  "sample_summary": {
    "sample_id": "52-3",
    "tri_view_label": 1,
    "slm_final_vote": 1,
    "confidence": 0.5,
    "referee_label": null
  },
  "debate_dynamics": {
    "dominant_agent": "B",
    "least_agent": "A"
  },
  "_rounds": {
    "R1": {
      "A": {
        "label": 1,
        "self_conf": 0.2,
        "rationale": "Anomaly detected in tri-view label with cluster ID 170, size 310, density 5.4725594385195535, distance 0.10760400657815081.",
        "key_features": [
          "dst_ip_freq: high",
          "dns_domain_name_freq: -0.7119602307056717"
        ],
        "cluster_novel": "yes",
        "cluster_reason": "low density",
        "alt_hypothesis": "burst scan",
        "attack_ref": "DDoS"
      },
      "B": {},
      "C": {
        "label": 1,
        "self_conf": 0.2,
        "rationale": "High packet frequency during weekends",
        "key_features": "dst_ip_freq: high",
        "cluster_novel": "no",
        "cluster_reason": "High density during weekends",
        "alt_hypothesis": "Possible bot activity",
        "attack_ref": "Weekend bot activity"
      }
    },
    "R2": {
      "A": {
        "revise_label": {
          "changed": false,
          "new_label": null,
          "reason": ""
        }
      },
      "B": {
        "self_conf_before": 0.2,
        "peer_scores": 0.2,
        "critique": "I am not sure if my original reasoning still holds.",
        "changed": false,
        "new_label": 1,
        "reason": "I am not sure if my original reasoning still holds.",
        "self_conf_after": 0.2,
        "clarifying_question": "What is the threshold for high packet frequency during weekends?"
      },
      "C": {
        "self_conf_before": 0.2,
        "peer_scores": [
          0.2,
          null
        ],
        "critique": "Anomaly detected in tri-view label with cluster ID 170, size 310, density 5.4725594385195535, distance 0.10760400657815081.",
        "changed": true,
        "new_label": 1,
        "reason": "Anomaly detected in tri-view label with cluster ID 170, which is denser during weekends, possibly due to bot activity on weekends.",
        "self_conf_after": 0.8,
        "clarifying_question": "Could the bot activity be localized to a specific cluster or time of day?"
      }
    },
    "R3": {
      "A": {},
      "B": {},
      "C": {}
    },
    "judge": {
      "_raw_output": "{\n  \"final_label\": 1,\n  \"confidence\": 0.8,\n  \"winning_agent\": \"C\",\n  \"reason\": \"Agent C identified an anomaly in a denser cluster during weekends, which is more likely to be related to bot activity than the anomaly detected by Agent A based on low density.\""
    }
  }
}