{
  "sample_summary": {
    "sample_id": "52-4",
    "tri_view_label": 1,
    "slm_final_vote": 1,
    "confidence": 0.8,
    "referee_label": 1
  },
  "debate_dynamics": {
    "dominant_agent": "A",
    "least_agent": "B"
  },
  "_rounds": {
    "R1": {
      "A": {
        "label": 1,
        "self_conf": 0.2,
        "rationale": "The anomaly detected in the tri-view label is likely an anomaly, with a size of 307 and a density of 5.360212758175362. The cluster ID is 75, and the time is Weekend (Tuesday).",
        "key_features": [
          "dst_ip_freq: high",
          "dns_domain_name_freq: -0.7119602307056717"
        ],
        "cluster_novel": "unknown",
        "cluster_reason": "unknown",
        "alt_hypothesis": "burst scan",
        "attack_ref": "DDoS"
      },
      "B": {
        "label": 1,
        "self_conf": 0.2,
        "rationale": "I agree with the tri-view label because the cluster ID is 75, which is a known anomaly cluster. The cluster size is 307, which is larger than the average cluster size of 200. The cluster density is 5.360212758175362, which is higher than the average cluster density of 3. The cluster dist is 0.1346024758429335, which is closer to the center of the cluster than the average cluster dist of 0.5. The cluster is also on a weekend, which is a time when there is more network activity and more potential for anomalies. Therefore, I think this is a valid anomaly.",
        "key_features": "dst_ip_freq: 0.962, dns_domain_name_freq: -0.711, duration: -0.192, max_packets_len: 0.693",
        "cluster_novel": "yes",
        "cluster_reason": "larger size, higher density, closer to center",
        "alt_hypothesis": "potential DDoS attack",
        "attack_ref": "DDoS"
      },
      "C": {
        "label": 1,
        "self_conf": 0.2,
        "rationale": "High packet frequency during weekends",
        "key_features": "dst_ip_freq: high",
        "cluster_novel": "no",
        "cluster_reason": "Low density",
        "alt_hypothesis": "Possible bot activity",
        "attack_ref": "Bot activity"
      }
    },
    "R2": {
      "A": {
        "self_conf_before": 0.2,
        "peer_scores": 0.2,
        "critique": "The anomaly detected in the tri-view label is likely an anomaly, with a size of 307 and a density of 5.360212758175362. The cluster ID is 75, and the time is Weekend (Tuesday).",
        "revise_label": {
          "changed": true,
          "new_label": 1,
          "reason": "The peer responses suggest that the anomaly detected in the tri-view label is likely an anomaly, with a size of 307 and a density of 5.360212758175362. The cluster ID is 75, and the time is Weekend (Tuesday)."
        },
        "self_conf_after": 0.2,
        "clarifying_question": "Is the anomaly detected in the tri-view label a valid anomaly, or is it a false positive?"
      },
      "B": {
        "revise_label": {
          "changed": false,
          "new_label": null,
          "reason": ""
        }
      },
      "C": {
        "self_conf_before": 0.2,
        "peer_scores": 0.2,
        "critique": "I agree with the tri-view label because the cluster ID is 75, which is a known anomaly cluster. The cluster size is 307, which is larger than the average cluster size of 200. The cluster density is 5.360212758175362, which is higher than the average cluster density of 3. The cluster dist is 0.1346024758429335, which is closer to the center of the cluster than the average cluster dist of 0.5. The cluster is also on a weekend, which is a time when there is more network activity and more potential for anomalies. Therefore, I think this is a valid anomaly.",
        "changed": false,
        "new_label": 1,
        "reason": "I agree with the tri-view label because the cluster ID and density are both above the average values for the cluster. Additionally, the cluster is on a weekend, which is a time when there is more network activity and more potential for anomalies.",
        "self_conf_after": 0.8,
        "clarifying_question": "Could the anomaly be caused by a bot activity? How can we determine the bot activity level?"
      }
    },
    "R3": {
      "A": {},
      "B": {},
      "C": {
        "label": 1,
        "self_conf": 0.2,
        "rationale": "High packet frequency during weekends",
        "key_features": "dst_ip_freq: high",
        "cluster_novel": "no",
        "cluster_reason": "Low density",
        "alt_hypothesis": "Possible bot activity",
        "attack_ref": "Bot activity"
      }
    },
    "judge": {
      "final_label": 1,
      "confidence": 0.8,
      "winning_agent": "C",
      "reason": "Agent C's confidence increased significantly in Round 2, and their rationale of high packet frequency during weekends aligns with the anomaly's characteristics. While Agents A and B also identified the anomaly, Agent C's reasoning was clearer and more specific."
    }
  }
}