{
  "sample_summary": {
    "sample_id": "52-6",
    "tri_view_label": 1,
    "slm_final_vote": 1,
    "confidence": 0.6,
    "referee_label": 1
  },
  "debate_dynamics": {
    "dominant_agent": "A",
    "least_agent": "C"
  },
  "_rounds": {
    "R1": {
      "A": {
        "label": 1,
        "self_conf": 0.2,
        "rationale": "Anomaly detected in cluster 170 with tri-view label 1 (anomaly) and confidence 0.2. Cluster ID: 170, size: 310, density: 5.4725594385195535, dist: 0.1219830299875273.",
        "key_features": [
          "dst_ip_freq: high",
          "dns_domain_name_freq: -0.7119602307056717"
        ],
        "cluster_novel": "yes",
        "cluster_reason": "low density",
        "alt_hypothesis": "burst scan",
        "attack_ref": "DDoS"
      },
      "B": {
        "label": 1,
        "self_conf": 0.2,
        "rationale": "I agree with the tri-view label because the cluster ID is 170, which is a known anomaly.",
        "key_features": "dst_ip_freq: 0.962, dns_domain_name_freq: -0.711, duration: -0.192, max_packets_len: 0.693",
        "cluster_novel": "yes",
        "cluster_reason": "low density",
        "alt_hypothesis": "burst scan",
        "attack_ref": "DDoS"
      },
      "C": {
        "label": 1,
        "self_conf": 0.2,
        "rationale": "High packet frequency during weekends",
        "key_features": "dst_ip_freq: high",
        "cluster_novel": "no",
        "cluster_reason": "High density during weekends",
        "alt_hypothesis": "Possible bot activity",
        "attack_ref": "Weekend bot activity"
      }
    },
    "R2": {
      "A": {
        "self_conf_before": 0.2,
        "peer_scores": 0.2,
        "critique": "Anomaly detected in cluster 170 with tri-view label 1 (anomaly) and confidence 0.2. Cluster ID: 170, size: 310, density: 5.4725594385195535, dist: 0.1219830299875273. Do not include markdown, explanations, or formatting fences. Output ONLY the JSON object. ",
        "revise_label": {
          "changed": true,
          "new_label": 1,
          "reason": "High packet frequency during weekends"
        },
        "self_conf_after": 0.2,
        "clarifying_question": "What is the reason for the peer's label change from 1 to 1?"
      },
      "B": {
        "self_conf_before": 0.2,
        "peer_scores": 0.2,
        "critique": "I agree with the tri-view label because the cluster ID is 170, which is a known anomaly.",
        "changed": true,
        "new_label": 1,
        "reason": "I changed my label because the cluster ID is known to be an anomaly.",
        "self_conf_after": 0.2,
        "clarifying_question": "What is the cluster ID of the known anomaly?"
      },
      "C": {
        "self_conf_before": 0.2,
        "peer_scores": [
          0.2,
          0.2
        ],
        "critique": "I agree with the peers that an anomaly was detected in cluster 170. However, the rationale provided by the agent (anomaly detected in tri-view label 1 with confidence 0.2) is less clear compared to the agent's explanation for cluster 170 in the previous response.",
        "changed": true,
        "new_label": 1,
        "reason": "Revised rationale based on additional context provided by the agent.",
        "self_conf_after": 0.4,
        "clarifying_question": "Could the agent provide more details about the specific anomalies detected in each cluster?"
      }
    },
    "R3": {
      "A": {},
      "B": {},
      "C": {
        "label": 1,
        "self_conf": 0.2,
        "rationale": "High packet frequency during weekends",
        "key_features": "dst_ip_freq: high",
        "cluster_novel": "no",
        "cluster_reason": "High density during weekends",
        "alt_hypothesis": "Possible bot activity",
        "attack_ref": "Weekend bot activity"
      }
    },
    "judge": {
      "final_label": 1,
      "confidence": 0.6,
      "winning_agent": "C",
      "reason": "Agent C's rationale 'High packet frequency during weekends' is clearer and more specific compared to the other agents' responses. While all agents agree on the anomaly, Agent C's explanation provides a more definitive reason."
    }
  }
}