{
  "sample_summary": {
    "sample_id": "52-7",
    "tri_view_label": 1,
    "slm_final_vote": 1,
    "confidence": 1.0,
    "referee_label": 1
  },
  "debate_dynamics": {
    "dominant_agent": "A",
    "least_agent": "C"
  },
  "_rounds": {
    "R1": {
      "A": {
        "label": 1,
        "self_conf": 0.2,
        "rationale": "The anomaly detected in the tri-view label is an anomaly with a size of 111 and a density of 1.7993787053371981. The cluster ID is 107, and the time is Weekend (Tuesday).",
        "key_features": [
          "dst_ip_freq: high",
          "dns_domain_name_freq: 1.4045859516912094"
        ],
        "cluster_novel": "unknown",
        "cluster_reason": "unknown",
        "alt_hypothesis": "burst scan",
        "attack_ref": "DDoS"
      },
      "B": {
        "label": 1,
        "self_conf": 0.2,
        "rationale": "I agree with the tri-view label because the cluster ID is  anomaly and the cluster size is high",
        "key_features": "dst_ip_freq: high, dns_domain_name_freq: high, duration: high, max_packets_len: high",
        "cluster_novel": "yes",
        "cluster_reason": "high density",
        "alt_hypothesis": "burst scan",
        "attack_ref": "DDoS"
      },
      "C": {
        "label": 1,
        "self_conf": 0.2,
        "rationale": "High packet frequency during weekends",
        "key_features": "dst_ip_freq: high",
        "cluster_novel": "no",
        "cluster_reason": "Low density",
        "alt_hypothesis": "Possible DDoS attack",
        "attack_ref": "DDoS"
      }
    },
    "R2": {
      "A": {
        "self_conf_before": 0.2,
        "peer_scores": 0.2,
        "critique": "I agree with the tri-view label because the cluster ID is 107 and the cluster size is high. The cluster novelty is unknown, but the attack reason is DDoS. The alt hypothesis is burst scan. The attack ref is DDoS.",
        "revise_label": {
          "changed": true,
          "new_label": 1,
          "reason": "The attack reason is DDoS, not burst scan."
        },
        "self_conf_after": 0.2,
        "clarifying_question": "What is the attack reason for the anomaly detected in the tri-view label, and how does it differ from the alt hypothesis of burst scan?"
      },
      "B": {
        "self_conf_before": 0.2,
        "peer_scores": 0.2,
        "critique": "I agree with the tri-view label because the cluster ID is an anomaly and the cluster size is high",
        "changed": false,
        "new_label": 1,
        "reason": "I changed my label because the cluster ID is an anomaly and the cluster size is high",
        "self_conf_after": 0.2,
        "clarifying_question": "What is the cluster ID?"
      },
      "C": {
        "self_conf_before": 0.2,
        "peer_scores": [
          0.2,
          0.2
        ],
        "critique": "I agree with the peers that the anomaly detected in the tri-view label is an anomaly with a size of 111 and a density of 1.7993787053371981. The cluster ID is 107, and the time is Weekend (Tuesday). However, my rationale is different. I believe that the anomaly may be a legitimate DDoS attack based on the high packet frequency during weekends.",
        "changed": true,
        "new_label": 1,
        "reason": "I have revised my label to reflect the new evidence suggesting a DDoS attack",
        "self_conf_after": 0.5,
        "clarifying_question": "Is there any evidence other than packet frequency to support the claim of a DDoS attack?"
      }
    },
    "R3": {
      "A": {},
      "B": {
        "need_more_info": false,
        "questions": [
          "Is there any evidence other than packet frequency to support the claim of a DDoS attack?",
          "What is the attack reason for the anomaly detected in the tri-view label, and how does it differ from the alt hypothesis of burst scan?",
          "What is the cluster ID?",
          "What is the cluster size?",
          "What is the cluster density?",
          "What is the cluster duration?",
          "What is the cluster max_packets_len?",
          "What is the cluster cluster_novel?",
          "What is the cluster cluster_reason?",
          "What is the cluster alt_hypothesis?",
          "What is the cluster attack_ref?"
        ]
      },
      "C": {
        "need_more_info": false,
        "questions": []
      }
    },
    "judge": {
      "final_label": 1,
      "confidence": 1.0,
      "winning_agent": "C",
      "reason": "Agent C's revised label aligns with the majority vote and has the highest confidence after considering new evidence and clarifying questions."
    }
  }
}