{
  "sample_summary": {
    "sample_id": "52-8",
    "tri_view_label": 1,
    "slm_final_vote": 1,
    "confidence": 0.8,
    "referee_label": 1
  },
  "debate_dynamics": {
    "dominant_agent": "C",
    "least_agent": "A"
  },
  "_rounds": {
    "R1": {
      "A": {
        "label": 1,
        "self_conf": 0.2,
        "rationale": "The anomaly detected in the tri-view label is an anomaly with a tri-view label of 1 (anomaly) and confidence of 0.2. The cluster ID is 75, with a size of 307, a density of 5.360212758175362, and a distance of 0.060369633377023085. The time was Weekend (Tuesday).",
        "key_features": [
          "dst_ip_freq: high",
          "dns_domain_name_freq: -0.7119602307056717"
        ],
        "cluster_novel": "unknown",
        "cluster_reason": "unusual size",
        "alt_hypothesis": "false positive",
        "attack_ref": "unknown"
      },
      "B": {
        "label": 1,
        "self_conf": 0.2,
        "rationale": "I agree with the tri-view label because the cluster ID is 75, which is a known anomaly cluster. The cluster size is 307, which is larger than the average cluster size of 200. The cluster density is 5.360212758175362, which is higher than the average cluster density of 3. The cluster dist is 0.060369633377023085, which is closer to the center than the average cluster dist of 0.1. The cluster time is Weekend (Tuesday), which is a suspicious time for an attack. Therefore, I think this is an anomaly.",
        "key_features": "dst_ip_freq: 0.9627162748000327, dns_domain_name_freq: -0.711960230705671, duration: -0.19224265274501, max_packets_len: 0.6938876922705691",
        "cluster_novel": "yes",
        "cluster_reason": "larger size, higher density, closer to center",
        "alt_hypothesis": "DDoS",
        "attack_ref": "DDoS"
      },
      "C": {
        "label": 1,
        "self_conf": 0.2,
        "rationale": "High packet frequency during weekends",
        "key_features": "dst_ip_freq: high",
        "cluster_novel": "no",
        "cluster_reason": "Low density",
        "alt_hypothesis": "Possible bot activity",
        "attack_ref": "Bot activity"
      }
    },
    "R2": {
      "A": {
        "revise_label": {
          "changed": false,
          "new_label": null,
          "reason": ""
        }
      },
      "B": {
        "revise_label": {
          "changed": false,
          "new_label": null,
          "reason": ""
        }
      },
      "C": {
        "self_conf_before": 0.2,
        "peer_scores": 0.2,
        "critique": "I agree with the peers that the anomaly detected in the tri-view label is an anomaly with a tri-view label of 1 and confidence of 0.2. However, I have a different rationale based on the cluster features and time of day. My revised rationale is that the cluster is located in an area with a high concentration of known bot activity, and that the attack occurred during the weekend, which is a period known for bot activity. Therefore, I believe that this is an anomaly that merits further investigation.",
        "changed": true,
        "new_label": 1,
        "reason": "Cluster location and time of day suggest bot activity, which is an anomaly that warrants further investigation.",
        "self_conf_after": 0.8,
        "clarifying_question": "What other factors could contribute to the high density of the cluster and the suspicious time of day?"
      }
    },
    "R3": {
      "A": {
        "label": 1,
        "self_conf": 0.8,
        "rationale": "The anomaly detected in the tri-view label is an anomaly with a tri-view label of 1 and confidence of 0.2. The cluster ID is 75, with a size of 307, a density of 5.360212758175362, and a distance of 0.060369633377023085. The time was Weekend (Tuesday).",
        "key_features": [
          "dst_ip_freq: high",
          "dns_domain_name_freq: -0.7119602307056717"
        ],
        "cluster_novel": "unknown",
        "cluster_reason": "unusual size",
        "alt_hypothesis": "false positive",
        "attack_ref": "unknown",
        "revise_label": {
          "changed": false,
          "new_label": null,
          "reason": ""
        }
      },
      "B": {},
      "C": {
        "label": 1,
        "self_conf": 0.2,
        "rationale": "High packet frequency during weekends",
        "key_features": "dst_ip_freq: high",
        "cluster_novel": "no",
        "cluster_reason": "Low density",
        "alt_hypothesis": "Possible bot activity",
        "attack_ref": "Bot activity"
      }
    },
    "judge": {
      "final_label": 1,
      "confidence": 0.8,
      "winning_agent": "C",
      "reason": "Agent C's rationale of high packet frequency during weekends and the cluster's location suggesting bot activity, which is an anomaly that warrants further investigation, aligns with the tri-view label and has a higher self-confidence compared to the other agents."
    }
  }
}