{
  "sample_summary": {
    "sample_id": "53-0",
    "tri_view_label": 1,
    "slm_final_vote": 1,
    "confidence": 0.6,
    "referee_label": 1
  },
  "debate_dynamics": {
    "dominant_agent": "C",
    "least_agent": "A"
  },
  "_rounds": {
    "R1": {
      "A": {
        "label": 1,
        "self_conf": 0.2,
        "rationale": "The anomaly is a tri-view label with a size of 1039 and a density of 5.1322272448297115. The cluster ID is 98, and the time is Weekend (Wednesday).",
        "key_features": [
          "dst_ip_freq: high",
          "dns_domain_name_freq: -0.7119602307056717"
        ],
        "cluster_novel": "unknown",
        "cluster_reason": "unknown",
        "alt_hypothesis": "burst scan",
        "attack_ref": "DDoS"
      },
      "B": {
        "label": 1,
        "self_conf": 0.2,
        "rationale": "I agree with the tri-view label because the cluster ID is 98, which is a known attack type (DDoS) and the cluster size is 1039, which is larger than the average cluster size of 5.13222724482974. The cluster density is also higher than the average density of 5.13222724482974, and the cluster is located in the same time zone as the tri-view label, which is a weekend (Wednesday).",
        "key_features": "dst_ip_freq: 0.962, dns_domain_name_freq: -0.711, duration: -0.192, max_packets_len: 0.693",
        "cluster_novel": "no",
        "cluster_reason": "larger than average cluster size and density, in the same time zone as the tri-view label",
        "alt_hypothesis": "DDoS",
        "attack_ref": "DDoS"
      },
      "C": {
        "label": 1,
        "self_conf": 0.2,
        "rationale": "High packet frequency during weekends",
        "key_features": "dst_ip_freq: high",
        "cluster_novel": "no",
        "cluster_reason": "Low density",
        "alt_hypothesis": "Possible malware activity",
        "attack_ref": "Malware scanning"
      }
    },
    "R2": {
      "A": {
        "revise_label": {
          "changed": false,
          "new_label": null,
          "reason": ""
        }
      },
      "B": {
        "revise_label": {
          "changed": false,
          "new_label": null,
          "reason": ""
        }
      },
      "C": {
        "self_conf_before": 0.2,
        "peer_scores": 0.2,
        "critique": "I agree with the peers that the anomaly is a tri-view label with a large cluster size and density. However, my original rationale based on packet frequency during weekends was more specific and pointed towards a malware attack based on the cluster location and time of day. My revised confidence score of 0.2 is lower than the peers' average confidence of 0.4, indicating a lower level of agreement with my original rationale.",
        "changed": false,
        "new_label": 1,
        "reason": "I revised my rationale based on the additional information from the peers, which provided more specific evidence suggesting a malware attack based on the cluster location and time of day.",
        "self_conf_after": 0.4,
        "clarifying_question": "Is there any additional information or evidence that could support the peers' conclusion that the anomaly is a malware attack?"
      }
    },
    "R3": {
      "A": {
        "label": 1,
        "self_conf": 0.4,
        "rationale": "The anomaly is a tri-view label with a size of 1039 and a density of 5.1322272448297115. The cluster ID is 98, and the time is Weekend (Wednesday).",
        "key_features": [
          "dst_ip_freq: high",
          "dns_domain_name_freq: -0.7119602307056717"
        ],
        "cluster_novel": "unknown",
        "cluster_reason": "unknown",
        "alt_hypothesis": "burst scan",
        "attack_ref": "DDoS",
        "revise_label": {
          "changed": false,
          "new_label": null,
          "reason": ""
        },
        "peer_summaries": [
          {
            "label": 1,
            "conf": 0.2,
            "revise_label": {
              "changed": false,
              "new_label": null,
              "reason": ""
            },
            "peer_summaries": [
              {
                "label": 1,
                "conf": 0.4,
                "revise_label": {
                  "changed": false,
                  "new_label": null,
                  "reason": ""
                }
              }
            ]
          }
        ]
      },
      "B": {},
      "C": {
        "label": 1,
        "self_conf": 0.2,
        "rationale": "High packet frequency during weekends",
        "key_features": "dst_ip_freq: high",
        "cluster_novel": "no",
        "cluster_reason": "Low density",
        "alt_hypothesis": "Possible malware activity",
        "attack_ref": "Malware scanning"
      }
    },
    "judge": {
      "final_label": 1,
      "confidence": 0.6,
      "winning_agent": "A",
      "reason": "All agents agree on the anomaly being a tri-view label with a large cluster size and density. Agent C's original rationale was less specific, but Agent A's rationale, which was supported by Agent B in Round 2, provides more context and justification for the malware attack hypothesis. The majority vote is for Agent A, and the average confidence of the agents is 0.4, so the winning_agent is A and the confidence is set to 0.6."
    }
  }
}