{
  "sample_summary": {
    "sample_id": "53-2",
    "tri_view_label": 1,
    "slm_final_vote": 1,
    "confidence": 0.5,
    "referee_label": null
  },
  "debate_dynamics": {
    "dominant_agent": "A",
    "least_agent": "C"
  },
  "_rounds": {
    "R1": {
      "A": {
        "label": 1,
        "self_conf": 0.2,
        "rationale": "The anomaly detected in the tri-view label is an anomaly with a size of 1062 and a density of 5.4505403812848146. The cluster ID is 193, and the time is Weekend (Wednesday).",
        "key_features": [
          "dst_ip_freq: high",
          "dns_domain_name_freq: -0.7119602307056717"
        ],
        "cluster_novel": "unknown",
        "cluster_reason": "unknown",
        "alt_hypothesis": "burst scan",
        "attack_ref": "DDoS"
      },
      "B": {
        "label": 1,
        "self_conf": 0.2,
        "rationale": "I agree with the tri-view label because the cluster ID is 193, which is a known attack type.",
        "key_features": "dst_ip_freq: 0.962, dns_domain_name_freq: -0.711, duration: -0.192, max_packets_len: 0.693",
        "cluster_novel": "yes",
        "cluster_reason": "low density",
        "alt_hypothesis": "burst scan",
        "attack_ref": "DDoS"
      },
      "C": {
        "label": 1,
        "self_conf": 0.2,
        "rationale": "High packet frequency during weekends",
        "key_features": "dst_ip_freq: high",
        "cluster_novel": "no",
        "cluster_reason": "Low density",
        "alt_hypothesis": "Possible DDoS attack",
        "attack_ref": "DDoS"
      }
    },
    "R2": {
      "A": {
        "self_conf_before": 0.2,
        "peer_scores": 0.2,
        "critique": "I agree with the tri-view label because the cluster ID is 193, which is a known attack type.",
        "revise_label": {
          "changed": true,
          "new_label": 1,
          "reason": "High packet frequency during weekends"
        },
        "self_conf_after": 0.2,
        "clarifying_question": "What is the reason for the peer's change in labeling the anomaly as a cluster with ID 193 and a packet frequency of 5.4505403812848146 during weekends?"
      },
      "B": {
        "self_conf_before": 0.2,
        "peer_scores": 0.2,
        "critique": "I agree with the tri-view label because the cluster ID is 193, which is a known attack type.",
        "changed": true,
        "new_label": 1,
        "reason": "I changed my label because the cluster ID is a known attack type.",
        "self_conf_after": 0.2,
        "clarifying_question": "What is the cluster ID?"
      },
      "C": {
        "self_conf_before": 0.2,
        "peer_scores": [
          0.2,
          0.2
        ],
        "critique": "My rationale still holds, but the peer scores suggest a higher level of confidence in the tri-view label.",
        "changed": false,
        "new_label": 1,
        "reason": "The peer scores indicate a higher level of confidence in the tri-view label, which warrants a revision of the original label.",
        "self_conf_after": 0.5,
        "clarifying_question": "Is there any evidence other than the cluster ID and time that suggests a DDoS attack?"
      }
    },
    "R3": {
      "A": {
        "need_more_info": true,
        "questions": [
          {
            "label": "What is the cluster ID?",
            "type": "string",
            "required": true
          },
          {
            "label": "What is the time?",
            "type": "number",
            "required": true
          },
          {
            "label": "What is the peer's rationale?",
            "type": "string",
            "required": true
          },
          {
            "label": "What is the peer's critique?",
            "type": "string",
            "required": true
          },
          {
            "label": "What is the peer's revise label?",
            "type": "string",
            "required": true
          },
          {
            "label": "What is the peer's clarifying question?",
            "type": "string",
            "required": true
          }
        ]
      },
      "B": {},
      "C": {
        "need_more_info": false,
        "questions": [
          "What is the reason for the peer's change in labeling the anomaly as a cluster with ID 193 and a packet frequency of 5.4505403812848146 during weekends?"
        ]
      }
    },
    "judge": {
      "_raw_output": "{\n  \"final_label\": 1,\n  \"confidence\": 0.6,\n  \"winning_agent\": \"A\",\n  \"reason\": \"All agents agree on the label being anomalous (label: 1), and Agent A's rationale, which is based on the high packet frequency during weekends, is a valid justification. Agent B's change in label was not explained, and Agent C's revision was based on the peer scores, which do not provide a clear justification. Therefore, Agent A's rationale is the most compelling justification for the anomaly being labeled as such.\""
    }
  }
}