{
  "sample_summary": {
    "sample_id": "53-3",
    "tri_view_label": 1,
    "slm_final_vote": 1,
    "confidence": 0.5,
    "referee_label": null
  },
  "debate_dynamics": {
    "dominant_agent": "A",
    "least_agent": "C"
  },
  "_rounds": {
    "R1": {
      "A": {
        "label": 1,
        "self_conf": 0.2,
        "rationale": "The anomaly detected in the tri-view label is an anomaly with a size of 990 and a density of 5.565723335677785. The cluster ID is 139, and the time is Weekend (Wednesday).",
        "key_features": [
          "dst_ip_freq: high",
          "dns_domain_name_freq: -0.7119602307056717"
        ],
        "cluster_novel": "unknown",
        "cluster_reason": "unknown",
        "alt_hypothesis": "burst scan",
        "attack_ref": "DDoS"
      },
      "B": {
        "label": 1,
        "self_conf": 0.2,
        "rationale": "I agree with the tri-view label because the cluster ID is 139, which is a known anomaly cluster. The cluster has a high density and is located in a high-risk area. The time is also a factor, as it is a weekend and there may be more attacks during this time. The cluster's features, such as the high frequency of DNS domain names and the low duration, also indicate a potential attack.",
        "key_features": "dst_ip_freq: high, dns_domain_name_freq: low, duration: low, max_packets_len: high",
        "cluster_novel": "yes",
        "cluster_reason": "low density, shifted center",
        "alt_hypothesis": "false positive",
        "attack_ref": "DDoS"
      },
      "C": {
        "label": 1,
        "self_conf": 0.2,
        "rationale": "High packet frequency during weekends",
        "key_features": "dst_ip_freq: high",
        "cluster_novel": "no",
        "cluster_reason": "Low density",
        "alt_hypothesis": "Possible malware activity",
        "attack_ref": "Malware scanning"
      }
    },
    "R2": {
      "A": {
        "self_conf_before": 0.2,
        "peer_scores": 0.2,
        "critique": "I agree with the tri-view label because the cluster ID is 139, which is a known anomaly cluster. The cluster has a high density and is located in a high-risk area. The time is also a factor, as it is a weekend and there may be more attacks during this time. The cluster's features, such as the high frequency of DNS domain names and the low duration, also indicate a potential attack.",
        "revise_label": {
          "changed": true,
          "new_label": 1,
          "reason": "The anomaly detected in the tri-view label is an anomaly with a size of 990 and a density of 5.565723335677785. The cluster ID is 139, and the time is Weekend (Wednesday)."
        },
        "self_conf_after": 0.2,
        "clarifying_question": "What factors contributed to the anomaly detected in the tri-view label, and how does the cluster's features, such as the high density and low duration, indicate potential attacks during this time?"
      },
      "B": {
        "self_conf_before": 0.2,
        "peer_scores": 0.2,
        "critique": "I agree with the tri-view label because the cluster ID is 139, which is a known anomaly cluster. The cluster has a high density and is located in a high-risk area. The time is also a factor, as it is a weekend and there may be more attacks during this time. The cluster' features, such as the high frequency of DNS domain names and the low duration, also indicate a potential attack.",
        "changed": false,
        "new_label": 1,
        "reason": "I changed my label because the cluster ID is a known anomaly cluster and the time is a factor for potential attacks.",
        "self_conf_after": 0.4,
        "clarifying_question": "What is the cluster ID of the anomaly?"
      },
      "C": {
        "revise_label": {
          "changed": false,
          "new_label": null,
          "reason": ""
        }
      }
    },
    "R3": {
      "A": {},
      "B": {},
      "C": {
        "need_more_info": true,
        "questions": [
          "What factors contributed to the anomaly detected in the tri-view label, and how does the cluster's features, such as the high density and low duration, indicate potential attacks during this time?"
        ]
      }
    },
    "judge": {
      "_raw_output": "{\n  \"final_label\": 1,\n  \"confidence\": 0.6,\n  \"winning_agent\": \"A\",\n  \"reason\": \"All agents agree on the label being anomalous (label: 1). Agent A provides a detailed justification for the anomaly based on the cluster ID, high density, high-risk area, and time being a weekend. Agent B also agrees and adds that the cluster's features, such as high frequency of DNS domain names and low duration, indicate potential attacks. Since both agents provide strong rationales and agree on the label, the winning_agent is A with a confidence of 0.6.\""
    }
  }
}