{
  "sample_summary": {
    "sample_id": "53-6",
    "tri_view_label": 1,
    "slm_final_vote": 1,
    "confidence": 0.6,
    "referee_label": 1
  },
  "debate_dynamics": {
    "dominant_agent": "A",
    "least_agent": "B"
  },
  "_rounds": {
    "R1": {
      "A": {
        "label": 1,
        "self_conf": 0.2,
        "rationale": "The anomaly detected in the tri-view label is an anomaly with a tri-view label of 1 (anomaly) and confidence of 0.2. The cluster ID is 52, with a size of 182, a density of 3.7916641016893786, and a distance of 0.26438473936935036. The time was Weekend (Wednesday).",
        "key_features": [
          "dst_ip_freq: -0.3183606169854546",
          "dns_domain_name_freq: 1.4045859516912094",
          "duration: -0.1919549745095653",
          "max_packets_len: -0.5969456898609417"
        ],
        "cluster_novel": "unknown",
        "cluster_reason": "unknown",
        "alt_hypothesis": "burst scan",
        "attack_ref": "DDoS"
      },
      "B": {
        "label": 1,
        "self_conf": 0.2,
        "rationale": "I agree with the tri-view label because the cluster ID is 52, and the cluster size is 182, which is larger than the average cluster size of 3.791. The cluster density is also higher than the average density of 3.791, and the cluster is relatively close to the source IP address. These features indicate that the cluster is likely to be an anomaly.",
        "key_features": "dst_ip_freq: high, dns_domain_name_freq: high, duration: high, max_packets_len: high",
        "cluster_novel": "yes",
        "cluster_reason": "The cluster is large, dense, and close to the source IP address, which are unusual features for a cluster. These features suggest that the cluster is likely to be an anomaly.",
        "alt_hypothesis": "The cluster is likely to be an anomaly because it has unusual features.",
        "attack_ref": "unknown"
      },
      "C": {
        "label": 1,
        "self_conf": 0.2,
        "rationale": "Low density of dst_ip_freq and dns_domain_name_freq",
        "key_features": "dst_ip_freq: high, dns_domain_name_freq: low",
        "cluster_novel": "no",
        "cluster_reason": "Low density of both features suggests a potential attack",
        "alt_hypothesis": "Possible DNS cache poisoning attack",
        "attack_ref": "DNS cache poisoning"
      }
    },
    "R2": {
      "A": {
        "self_conf_before": 0.2,
        "peer_scores": 0.2,
        "critique": "I agree with the tri-view label because the cluster ID is 52, and the cluster size is 182, which is larger than the average cluster size of 3.791. The cluster density is also higher than the average density of 3.791, and the cluster is relatively close to the source IP address. These features indicate that the cluster is likely to be an anomaly.",
        "revise_label": {
          "changed": true,
          "new_label": 1,
          "reason": "Low density of dst_ip_freq and dns_domain_name_freq"
        },
        "self_conf_after": 0.2,
        "clarifying_question": "What are the features that indicate that the cluster is likely to be an anomaly, as mentioned in the peer responses?"
      },
      "B": {
        "revise_label": {
          "changed": false,
          "new_label": null,
          "reason": ""
        }
      },
      "C": {
        "self_conf_before": 0.2,
        "peer_scores": 0.2,
        "critique": "I agree with the peers that the cluster ID and density of the cluster are both above the average, suggesting an anomaly. However, the rationale provided by the peers is less clear compared to my original rationale.",
        "changed": false,
        "new_label": 1,
        "reason": "I believe that the cluster may be an outlier due to its characteristics, and further analysis is needed to confirm the anomaly.",
        "self_conf_after": 0.4,
        "clarifying_question": "Could the cluster be an outlier due to its characteristics, or is it an artifact of the data selection process?"
      }
    },
    "R3": {
      "A": {},
      "B": {},
      "C": {
        "label": 1,
        "self_conf": 0.2,
        "rationale": "Low density of dst_ip_freq and dns_domain_name_freq",
        "key_features": "dst_ip_freq: high, dns_domain_name_freq: low",
        "cluster_novel": "no",
        "cluster_reason": "Low density of both features suggests a potential attack",
        "alt_hypothesis": "Possible DNS cache poisoning attack",
        "attack_ref": "DNS cache poisoning"
      }
    },
    "judge": {
      "final_label": 1,
      "confidence": 0.6,
      "winning_agent": "C",
      "reason": "Agent C's hypothesis of a possible DNS cache poisoning attack aligns with the original label of the anomaly. The low density of dst_ip_freq and dns_domain_name_feat suggests an attack, and the features provided by Agent C are clear and specific."
    }
  }
}