{
  "sample_summary": {
    "sample_id": "53-7",
    "tri_view_label": 1,
    "slm_final_vote": 1,
    "confidence": 0.8,
    "referee_label": 1
  },
  "debate_dynamics": {
    "dominant_agent": "C",
    "least_agent": "A"
  },
  "_rounds": {
    "R1": {
      "A": {
        "label": 1,
        "self_conf": 0.2,
        "rationale": "The anomaly detected in the tri-view label is an anomaly with a tri-view label of 1 (anomaly) and confidence of 0.2. The cluster ID is 52, with a size of 182, a density of 3.7916641016893786, and a distance of 0.288701188893323. The time was Weekend (Wednesday).",
        "key_features": [
          "dst_ip_freq: -0.3183606169854546",
          "dns_domain_name_freq: 1.4045859516912094",
          "duration: -0.1919549786868811",
          "max_packets_len: -1.0272234839047787"
        ],
        "cluster_novel": "unknown",
        "cluster_reason": "unknown",
        "alt_hypothesis": "burst scan",
        "attack_ref": "DDoS"
      },
      "B": {
        "label": 1,
        "self_conf": 0.2,
        "rationale": "I agree with the tri-view label because the cluster ID is 52, which is a known attack type (DDoS), and the cluster size is 182, which is larger than the average cluster size of 3.791. The cluster density is 3.791, which is also higher than the average cluster density of 3.791. The cluster is also located in a high-traffic area, which increases the likelihood of an attack. The cluster duration is 0.288, which is shorter than the average cluster duration of 0.5. The cluster max_packets_len is -1.027, which is lower than the average cluster max_packets_len of 0.5. These features indicate that the cluster is a potential attack and should be investigated further.",
        "key_features": "dst_ip_freq: high, dns_domain_name_freq: high, duration: short, max_packets_len: low",
        "cluster_novel": "yes",
        "cluster_reason": "low density",
        "alt_hypothesis": "burst scan",
        "attack_ref": "DDoS"
      },
      "C": {
        "label": 1,
        "self_conf": 0.2,
        "rationale": "High packet frequency during weekends",
        "key_features": "dst_ip_freq: high",
        "cluster_novel": "no",
        "cluster_reason": "Low density",
        "alt_hypothesis": "Possible bot activity",
        "attack_ref": "Bot activity"
      }
    },
    "R2": {
      "A": {
        "revise_label": {
          "changed": false,
          "new_label": null,
          "reason": ""
        }
      },
      "B": {
        "revise_label": {
          "changed": false,
          "new_label": null,
          "reason": ""
        }
      },
      "C": {
        "self_conf_before": 0.2,
        "peer_scores": 0.2,
        "critique": "I agree with the peers that the cluster ID and density are consistent with an attack type (DDoS). However, the cluster duration and max_packets_len are outside the typical range for DDoS attacks, which raises questions about the validity of the label.",
        "changed": false,
        "new_label": 1,
        "reason": "The cluster duration and max_packets_len values suggest an attack, while the other features align with typical DDoS attacks.",
        "self_conf_after": 0.8,
        "clarifying_question": "Could the cluster duration and max_packets_len values be influenced by factors other than the attack type, such as network congestion or legitimate traffic patterns?"
      }
    },
    "R3": {
      "A": {
        "label": 1,
        "self_conf": 0.8,
        "rationale": "The anomaly detected in the tri-view label is an anomaly with a tri-view label of 1 (anomaly) and confidence of 0.8. The cluster ID is 52, with a size of 182, a density of 3.7916641016893786, and a distance of 0.288701188893323. The time was Weekend (Wednesday).",
        "key_features": [
          "dst_ip_freq: -0.3183606169854546",
          "dns_domain_name_freq: 1.4045859516912094",
          "duration: -0.1919549786868811",
          "max_packets_len: -1.0272234839047787"
        ],
        "cluster_novel": "unknown",
        "cluster_reason": "unknown",
        "alt_hypothesis": "burst scan",
        "attack_ref": "DDoS",
        "revise_label": {
          "changed": false,
          "new_label": null,
          "reason": ""
        }
      },
      "B": {},
      "C": {
        "need_more_info": false,
        "questions": [
          "cluster_duration",
          "max_packets_len"
        ]
      }
    },
    "judge": {
      "final_label": 1,
      "confidence": 0.8,
      "winning_agent": "C",
      "reason": "Agent C's revised label aligns with the tri-view label and provides a justification based on the cluster duration and max_packets_len values, which were not addressed by the other agents. These features suggest an attack, while the other features align with typical DDoS attacks."
    }
  }
}