{
  "sample_summary": {
    "sample_id": "53-8",
    "tri_view_label": 1,
    "slm_final_vote": 1,
    "confidence": 0.5,
    "referee_label": null
  },
  "debate_dynamics": {
    "dominant_agent": "A",
    "least_agent": "B"
  },
  "_rounds": {
    "R1": {
      "A": {
        "label": 1,
        "self_conf": 0.2,
        "rationale": "The anomaly detected in the tri-view label is an anomaly with a size of 106 and a density of 1.5689567559822115. The cluster ID is 107, and the time is Weekend (Wednesday).",
        "key_features": [
          "dst_ip_freq: high",
          "dns_domain_name_freq: 1.4045859516912094"
        ],
        "cluster_novel": "yes",
        "cluster_reason": "unknown",
        "alt_hypothesis": "burst scan",
        "attack_ref": "DDoS"
      },
      "B": {},
      "C": {
        "label": 1,
        "self_conf": 0.2,
        "rationale": "Low density of dst_ip_freq and dns_domain_name_freq",
        "key_features": "dst_ip_freq: high, dns_domain_name_freq: low",
        "cluster_novel": "no",
        "cluster_reason": "Low density of both features suggests a potential attack",
        "alt_hypothesis": "Possible DNS cache poisoning attack",
        "attack_ref": "DNS cache poisoning"
      }
    },
    "R2": {
      "A": {
        "self_conf_before": 0.2,
        "peer_scores": 0.2,
        "critique": "The anomaly detected in the tri-view label is an anomaly with a size of 106 and a density of 1.5689567559822115. The cluster ID is 107, and the time is Weekend (Wednesday).",
        "revise_label": {
          "changed": true,
          "new_label": 107,
          "reason": "The cluster ID is 107, and the time period for which the cluster ID is valid is Weekend (Wednesday)."
        },
        "self_conf_after": 0.2,
        "clarifying_question": "What is the cluster ID for the anomaly detected in the tri-view label, and what is the time period for which the cluster ID is valid?"
      },
      "B": {
        "revise_label": {
          "changed": false,
          "new_label": null,
          "reason": ""
        }
      },
      "C": {
        "self_conf_before": 0.2,
        "peer_scores": [
          0.2,
          null
        ],
        "critique": "The rationale still holds, but the new confidence and cluster information provide more context and support for the original prediction.",
        "changed": true,
        "new_label": 1,
        "reason": "The density of both dst_ip_freq and dns_domain_name_freq features has increased significantly since Round-1, suggesting a potential DNS cache poisoning attack.",
        "self_conf_after": 0.8,
        "clarifying_question": "Could the observed changes be attributed to other factors, such as changes in the underlying data or the system configuration?"
      }
    },
    "R3": {
      "A": {},
      "B": {},
      "C": {}
    },
    "judge": {
      "_raw_output": "{\n  \"final_label\": 1,\n  \"confidence\": 0.8,\n  \"winning_agent\": \"C\",\n  \"reason\": \"Agent C provided a clear rationale in Round-2, and the increased confidence in their prediction, along with the significant change in the density of both key features, makes their hypothesis the most compelling.\""
    }
  }
}