{
  "sample_summary": {
    "sample_id": "54-1",
    "tri_view_label": 1,
    "slm_final_vote": 1,
    "confidence": 0.8,
    "referee_label": 1
  },
  "debate_dynamics": {
    "dominant_agent": "A",
    "least_agent": "B"
  },
  "_rounds": {
    "R1": {
      "A": {
        "label": 1,
        "self_conf": 0.2,
        "rationale": "The anomaly detected in the tri-view label is an anomaly with a size of 1008 and a density of 5.3890560751413. The cluster ID is 139, and the time is Weekend (Wednesday).",
        "key_features": [
          "dst_ip_freq: high",
          "dns_domain_name_freq: -0.7119602307056717"
        ],
        "cluster_novel": "unknown",
        "cluster_reason": "unknown",
        "alt_hypothesis": "burst scan",
        "attack_ref": "DDoS"
      },
      "B": {
        "label": 1,
        "self_conf": 0.2,
        "rationale": "I agree with the tri-view label because the cluster ID is 139, which is a known anomaly cluster. The cluster size is 1008, which is larger than the average cluster size of 5.389056075141. The cluster density is 5.389056075141, which is also higher than the average cluster density of 5.389056075141. The cluster distance is 0.12120925632350056, which is closer than the average cluster distance of 0.12120925632350056. The cluster time is Weekend (Wednesday), which is also a known anomaly time. Therefore, I agree with the tri-view label and the cluster label is 1.",
        "key_features": "dst_ip_freq: high, dns_domain_name_freq: low, duration: short, max_packets_len: high",
        "cluster_novel": "yes",
        "cluster_reason": "high density",
        "alt_hypothesis": "burst scan",
        "attack_ref": "DDoS"
      },
      "C": {
        "label": 1,
        "self_conf": 0.2,
        "rationale": "High packet frequency during weekends",
        "key_features": "dst_ip_freq: high",
        "cluster_novel": "no",
        "cluster_reason": "High density during weekends",
        "alt_hypothesis": "Possible bot activity",
        "attack_ref": "Bot activity"
      }
    },
    "R2": {
      "A": {
        "self_conf_before": 0.2,
        "peer_scores": 0.2,
        "critique": "The anomaly detected in the tri-view label is an anomaly with a size of 1008 and a density of 5.389056075141. The cluster ID is 139, and the time is Weekend (Wednesday).",
        "revise_label": {
          "changed": true,
          "new_label": 1,
          "reason": "High packet frequency during weekends"
        },
        "self_conf_after": 0.2,
        "clarifying_question": "Based on the peer responses, what is the new label for the anomaly detected in the tri-view label?"
      },
      "B": {
        "revise_label": {
          "changed": false,
          "new_label": null,
          "reason": ""
        }
      },
      "C": {
        "self_conf_before": 0.2,
        "peer_scores": 0.2,
        "critique": "I agree with the tri-view label because the cluster ID is 139, which is a known anomaly cluster. The cluster size is 1008, which is larger than the average cluster size of 5.389056075141. The cluster density is 5.389056075141, which is also higher than the average cluster density of 5.389056075141. The cluster distance is 0.12120925632350056, which is closer than the average cluster distance of 0.12120925632350056. The cluster time is Weekend (Wednesday), which is also a known anomaly time. Therefore, I agree with the tri-view label and the cluster label is 1.",
        "changed": false,
        "new_label": 1,
        "reason": "I agree with the tri-view label because the cluster characteristics and time align with the known anomaly characteristics and time of the cluster.",
        "self_conf_after": 0.8,
        "clarifying_question": "Could the cluster characteristics and time be influenced by a bot activity?"
      }
    },
    "R3": {
      "A": {},
      "B": {},
      "C": {
        "label": 1,
        "self_conf": 0.2,
        "rationale": "High packet frequency during weekends",
        "key_features": "dst_ip_freq: high",
        "cluster_novel": "no",
        "cluster_reason": "High density during weekends",
        "alt_hypothesis": "Possible bot activity",
        "attack_ref": "Bot activity"
      }
    },
    "judge": {
      "final_label": 1,
      "confidence": 0.8,
      "winning_agent": "C",
      "reason": "Agent C's confidence increased significantly in Round 2, and their rationale of 'High packet frequency during weekends' aligns with the tri-view label's characteristics. However, the possibility of bot activity should be further investigated."
    }
  }
}