{
  "sample_summary": {
    "sample_id": "54-2",
    "tri_view_label": 1,
    "slm_final_vote": 1,
    "confidence": 0.8,
    "referee_label": 1
  },
  "debate_dynamics": {
    "dominant_agent": "A",
    "least_agent": "C"
  },
  "_rounds": {
    "R1": {
      "A": {
        "label": 1,
        "self_conf": 0.2,
        "rationale": "The anomaly detected in the tri-view label is likely an anomaly, with a size of 218 and a density of 3.5462083990787985. The cluster ID is 207, and the time was Weekend (Wednesday).",
        "key_features": [
          "dst_ip_freq: high",
          "dns_domain_name_freq: 1.4045859516912094"
        ],
        "cluster_novel": "unknown",
        "cluster_reason": "unknown",
        "alt_hypothesis": "burst scan",
        "attack_ref": "DDoS"
      },
      "B": {
        "label": 1,
        "self_conf": 0.2,
        "rationale": "I agree with the tri-view label because the cluster is dense and the attack is likely a DDoS attack.",
        "key_features": "dst_ip_freq: high, dns_domain_name_freq: high, duration: high, max_packets_len: high",
        "cluster_novel": "yes",
        "cluster_reason": "high density",
        "alt_hypothesis": "DDoS attack",
        "attack_ref": "DDoS"
      },
      "C": {
        "label": 1,
        "self_conf": 0.2,
        "rationale": "Low density of dst_ip_freq and dns_domain_name_freq",
        "key_features": "dst_ip_freq: high, dns_domain_name_freq: low",
        "cluster_novel": "no",
        "cluster_reason": "Low density of both features suggests a potential attack",
        "alt_hypothesis": "Possible DNS cache poisoning attack",
        "attack_ref": "DNS cache poisoning"
      }
    },
    "R2": {
      "A": {
        "self_conf_before": 0.2,
        "peer_scores": 0.2,
        "critique": "I agree with the tri-view label because the cluster is dense and the attack is likely a DDoS attack.",
        "revise_label": {
          "changed": true,
          "new_label": 1,
          "reason": "Low density of dst_ip_freq and dns_domain_name_freq"
        },
        "self_conf_after": 0.2,
        "clarifying_question": "What is the density of the dst_ip_freq and dns_domain_name_freq in the cluster, and why is it low?"
      },
      "B": {
        "self_conf_before": 0.2,
        "peer_scores": 0.2,
        "critique": "I agree with the tri-view label because the cluster is dense and the attack is likely a DDoS attack.",
        "changed": false,
        "new_label": 1,
        "reason": "I changed my label because the cluster is dense and the attack is likely a DDoS attack.",
        "self_conf_after": 0.2,
        "clarifying_question": "What is the cluster ID?"
      },
      "C": {
        "self_conf_before": 0.2,
        "peer_scores": [
          0.2,
          0.2
        ],
        "critique": "I agree with the peers that the cluster is dense and the attack is likely a DDoS attack. My rationale aligns with their explanation, although I have a lower confidence score due to the smaller size of the anomaly.",
        "changed": true,
        "new_label": 1,
        "reason": "Anomaly confirmed by multiple peers, aligns with my reasoning about DDoS attack based on the cluster density and attack type",
        "self_conf_after": 0.8,
        "clarifying_question": "Could the anomaly be caused by a legitimate DNS cache refresh attack, rather than a DDoS attack?"
      }
    },
    "R3": {
      "A": {},
      "B": {
        "need_more_info": false,
        "questions": [
          "What is the density of the dst_ip_freq and dns_domain_name_freq in the cluster, and why is it low?",
          "Could the anomaly be caused by a legitimate DNS cache refresh attack, rather than a DDoS attack?"
        ]
      },
      "C": {
        "label": 1,
        "self_conf": 0.2,
        "rationale": "Low density of dst_ip_freq and dns_domain_name_freq",
        "key_features": "dst_ip_freq: high, dns_domain_name_freq: low",
        "cluster_novel": "no",
        "cluster_reason": "Low density of both features suggests a potential attack",
        "alt_hypothesis": "Possible DNS cache poisoning attack",
        "attack_ref": "DNS cache poisoning"
      }
    },
    "judge": {
      "final_label": 1,
      "confidence": 0.8,
      "winning_agent": "C",
      "reason": "Agent C's reasoning aligns with the majority label and has a higher confidence in the low density of dst_ip_freq and dns_domain_name_freq, suggesting a potential DNS cache poisoning attack."
    }
  }
}