{
  "sample_summary": {
    "sample_id": "54-5",
    "tri_view_label": 1,
    "slm_final_vote": 1,
    "confidence": 0.8,
    "referee_label": 1
  },
  "debate_dynamics": {
    "dominant_agent": "A",
    "least_agent": "B"
  },
  "_rounds": {
    "R1": {
      "A": {
        "label": 1,
        "self_conf": 0.2,
        "rationale": "The anomaly detected in the tri-view label is an anomaly with a size of 1046 and a density of 5.427571852894436. The cluster ID is 98, and the time is Weekend (Wednesday).",
        "key_features": [
          "dst_ip_freq: high",
          "dns_domain_name_freq: -0.7119602307056717"
        ],
        "cluster_novel": "unknown",
        "cluster_reason": "unknown",
        "alt_hypothesis": "burst scan",
        "attack_ref": "DDoS"
      },
      "B": {
        "label": 1,
        "self_conf": 0.2,
        "rationale": "I agree with the tri-view label because the cluster ID is 98, which is a known anomaly. The cluster size is 1046, which is larger than the average cluster size of 5. The cluster density is 5.427571852894436, which is higher than the average cluster density of 4. The cluster dist is 0.34235713827130504, which is closer to the center of the cluster than the average cluster dist of 0.5. The cluster is also on a weekend, which is a time when there is more traffic and more anomalies. Therefore, I think this is a valid anomaly.",
        "key_features": "dst_ip_freq: high, dns_domain_name_freq: low, duration: long, max_packets_len: high",
        "cluster_novel": "yes",
        "cluster_reason": "high density",
        "alt_hypothesis": "burst scan",
        "attack_ref": "DDoS"
      },
      "C": {
        "label": 1,
        "self_conf": 0.2,
        "rationale": "High packet frequency during weekends",
        "key_features": "dst_ip_freq: high",
        "cluster_novel": "no",
        "cluster_reason": "Low density",
        "alt_hypothesis": "Possible bot activity",
        "attack_ref": "Bot activity"
      }
    },
    "R2": {
      "A": {
        "self_conf_before": 0.2,
        "peer_scores": 0.2,
        "critique": "The anomaly detected in the tri-view label is an anomaly with a size of 1046 and a density of 5.427571852894436. The cluster ID is 98, and the time is Weekend (Wednesday).",
        "revise_label": {
          "changed": true,
          "new_label": 1,
          "reason": "The cluster ID is 98, and the time is Weekend (Wednesday)."
        },
        "self_conf_after": 0.2,
        "clarifying_question": "Is the cluster ID 98 and the time Weekend (Wednesday) a valid reason for changing the label?"
      },
      "B": {
        "revise_label": {
          "changed": false,
          "new_label": null,
          "reason": ""
        }
      },
      "C": {
        "self_conf_before": 0.2,
        "peer_scores": 0.2,
        "critique": "I agree with the tri-view label because the cluster ID is 98, which is a known anomaly. The cluster size is 1046, which is larger than the average cluster size of 5. The cluster density is 5.427571852894436, which is higher than the average cluster density of 4. The cluster dist is 0.34235713827130504, which is closer to the center of the cluster than the average cluster dist of 0.5. The cluster is also on a weekend, which is a time when there is more traffic and more anomalies. Therefore, I think this is a valid anomaly.",
        "changed": false,
        "new_label": 1,
        "reason": "I agree with the tri-view label because the cluster characteristics and time of day suggest that it is an anomaly.",
        "self_conf_after": 0.8,
        "clarifying_question": "Could the anomaly be caused by a legitimate but rare bot activity, such as a bot that only operates on weekends?"
      }
    },
    "R3": {
      "A": {},
      "B": {},
      "C": {
        "label": 1,
        "self_conf": 0.2,
        "rationale": "High packet frequency during weekends",
        "key_features": "dst_ip_freq: high",
        "cluster_novel": "no",
        "cluster_reason": "Low density",
        "alt_hypothesis": "Possible bot activity",
        "attack_ref": "Bot activity"
      }
    },
    "judge": {
      "final_label": 1,
      "confidence": 0.8,
      "winning_agent": "C",
      "reason": "Agent C's confidence increased significantly in Round 2, and while all agents agree on the label, Agent C's justification of 'High packet frequency during weekends' aligns with the data provided and is a valid reason for the anomaly."
    }
  }
}