{
  "sample_summary": {
    "sample_id": "54-7",
    "tri_view_label": 1,
    "slm_final_vote": 1,
    "confidence": 0.4,
    "referee_label": 1
  },
  "debate_dynamics": {
    "dominant_agent": "A",
    "least_agent": "B"
  },
  "_rounds": {
    "R1": {
      "A": {
        "label": 1,
        "self_conf": 0.2,
        "rationale": "Anomaly detected in cluster 98 with tri-view label 1 (anomaly) and confidence 0.2. Cluster ID: 98, size: 1046, density: 5.427571852894436, dist: 0.187176471547218.",
        "key_features": [
          "dst_ip_freq: high",
          "dns_domain_name_freq: -0.7119602307056717"
        ],
        "cluster_novel": "yes",
        "cluster_reason": "low density",
        "alt_hypothesis": "burst scan",
        "attack_ref": "DDoS"
      },
      "B": {
        "label": 1,
        "self_conf": 0.2,
        "rationale": "I agree with the tri-view label because the cluster ID is 98, which is a known attack type.",
        "key_features": "dst_ip_freq: 0.962, dns_domain_name_freq: -0.711, duration: -0.192, max_packets_len: 0.693",
        "cluster_novel": "yes",
        "cluster_reason": "low density",
        "alt_hypothesis": "burst scan",
        "attack_ref": "DDoS"
      },
      "C": {
        "label": 1,
        "self_conf": 0.2,
        "rationale": "High packet frequency during weekends",
        "key_features": "dst_ip_freq: high",
        "cluster_novel": "no",
        "cluster_reason": "Low density",
        "alt_hypothesis": "Possible bot activity",
        "attack_ref": "Bot activity"
      }
    },
    "R2": {
      "A": {
        "self_conf_before": 0.2,
        "peer_scores": 0.2,
        "critique": "Anomaly detected in cluster 98 with tri-view label 1 (anomaly) and confidence 0.2. Cluster ID: 98, size: 1046, density: 5.427571852894436, dist: 0.187176471547218.",
        "revise_label": {
          "changed": true,
          "new_label": 1,
          "reason": "High packet frequency during weekends"
        },
        "self_conf_after": 0.2,
        "clarifying_question": "Why did the peer responses suggest a high packet frequency during weekends?"
      },
      "B": {
        "revise_label": {
          "changed": false,
          "new_label": null,
          "reason": ""
        }
      },
      "C": {
        "self_conf_before": 0.2,
        "peer_scores": [
          0.2,
          0.2
        ],
        "critique": "I agree with the peers that an anomaly is detected in cluster 98 with tri-view label 1 and confidence 0.2. However, my rationale is based on the high packet frequency during weekends, which may not be an anomaly itself. Additionally, the cluster density and distance values are not consistent with an attack, and the alt_hypothesis suggests a possible bot activity, which I need more context to evaluate.",
        "changed": false,
        "new_label": 1,
        "reason": "I am not confident in the original label and rationale, and I need more information to determine the actual anomaly type.",
        "self_conf_after": 0.4,
        "clarifying_question": "Could you provide more context about the packet frequency data and the cluster density and distance values?"
      }
    },
    "R3": {
      "A": {},
      "B": {
        "need_more_info": true,
        "questions": [
          "Could you provide more context about the packet frequency data and the cluster density and distance values?"
        ]
      },
      "C": {
        "label": 1,
        "self_conf": 0.2,
        "rationale": "High packet frequency during weekends",
        "key_features": "dst_ip_freq: high",
        "cluster_novel": "no",
        "cluster_reason": "Low density",
        "alt_hypothesis": "Possible bot activity",
        "attack_ref": "Bot activity"
      }
    },
    "judge": {
      "final_label": 1,
      "confidence": 0.4,
      "winning_agent": "C",
      "reason": "Agent C's label and rationale are consistent with the given data, but all agents need more information to confirm the anomaly type definitively. However, Agent C's hypothesis of possible bot activity is a valid consideration, and their confidence level is slightly higher than the others. Therefore, Agent C's label and rationale are the most compelling in this round."
    }
  }
}