{
  "sample_summary": {
    "sample_id": "54-8",
    "tri_view_label": 1,
    "slm_final_vote": 1,
    "confidence": 0.8,
    "referee_label": 1
  },
  "debate_dynamics": {
    "dominant_agent": "A",
    "least_agent": "B"
  },
  "_rounds": {
    "R1": {
      "A": {
        "label": 1,
        "self_conf": 0.2,
        "rationale": "The anomaly detected in the tri-view label is an anomaly in the size of the cluster ID 207, with a density of 3.5462083990787985 and a distance of 0.41466757240789065. The time of the anomaly is Weekend (Wednesday).",
        "key_features": [
          "dst_ip_freq: -0.3183606169854546",
          "dns_domain_name_freq: 1.4045859516912094",
          "duration: -0.1919552925112378",
          "max_packets_len: -1.0272234839047787"
        ],
        "cluster_novel": "yes",
        "cluster_reason": "low density",
        "alt_hypothesis": "burst scan",
        "attack_ref": "DDoS"
      },
      "B": {
        "label": 1,
        "self_conf": 0.2,
        "rationale": "I agree with the tri-view label because the cluster ID is 207, which is a known attack type (DDoS), and the cluster size is 218, which is larger than the average cluster size of 3.5462083990787985. The cluster density is 3.5462083990787985, which is also higher than the average cluster density of 3.5462083990787985. The cluster is also located in the same time zone as the tri-view label, which is a possible reason for the anomaly. The cluster's features are also consistent with the tri-view label, as they have a high frequency of DNS domain names and a low frequency of IP addresses. Therefore, I agree with the tri-view label and the cluster's explanation.",
        "key_features": "dst_ip_freq: high, dns_domain_name_freq: high, duration: high, max_packets_len: high",
        "cluster_novel": "yes",
        "cluster_reason": "high density, shifted center",
        "alt_hypothesis": "DDoS",
        "attack_ref": "DDoS"
      },
      "C": {
        "label": 1,
        "self_conf": 0.2,
        "rationale": "Low density of dst_ip_freq and dns_domain_name_freq",
        "key_features": "dst_ip_freq: high, dns_domain_name_freq: low",
        "cluster_novel": "no",
        "cluster_reason": "Low density of both features suggests a potential attack",
        "alt_hypothesis": "Possible DNS cache poisoning attack",
        "attack_ref": "DNS cache poisoning"
      }
    },
    "R2": {
      "A": {
        "self_conf_before": 0.2,
        "peer_scores": 0.2,
        "critique": "The anomaly detected in the tri-view label is an anomaly in the size of the cluster ID 207, with a density of 3.5462083990787985 and a distance of 0.41466757240789065. The time of the anomaly is Weekend (Wednesday).",
        "revise_label": {
          "changed": true,
          "new_label": 1,
          "reason": "Low density of dst_ip_freq and dns_domain_name_freq"
        },
        "self_conf_after": 0.2,
        "clarifying_question": "Based on the peer responses, what is the reason for the low density of dst_ip_freq and dns_domain_name_freq in the tri-view label?"
      },
      "B": {
        "revise_label": {
          "changed": false,
          "new_label": null,
          "reason": ""
        }
      },
      "C": {
        "self_conf_before": 0.2,
        "peer_scores": [
          0.2,
          0.2
        ],
        "critique": "I agree with the tri-view label because the cluster ID is 207, which is a known attack type (DDoS), and the cluster size is 218, which is larger than the average cluster size of 3.5462083990787985. The cluster density is 3.5462083990787985, which is also higher than the average cluster density of 3.5462083990787985. The cluster is also located in the same time zone as the tri-view label, which is a possible reason for the anomaly. The cluster's features are also consistent with the tri-view label, as they have a high frequency of DNS domain names and a low frequency of IP addresses.",
        "changed": false,
        "new_label": 1,
        "reason": "I agree with the tri-view label and the cluster's explanation.",
        "self_conf_after": 0.8,
        "clarifying_question": "Is there any evidence to suggest that the cluster was compromised before the anomaly, or was the cluster compromised after the anomaly?"
      }
    },
    "R3": {
      "A": {},
      "B": {},
      "C": {
        "label": 1,
        "self_conf": 0.2,
        "rationale": "Low density of dst_ip_freq and dns_domain_name_freq",
        "key_features": "dst_ip_freq: high, dns_domain_name_freq: low",
        "cluster_novel": "no",
        "cluster_reason": "Low density of both features suggests a potential attack",
        "alt_hypothesis": "Possible DNS cache poisoning attack",
        "attack_ref": "DNS cache poisoning"
      }
    },
    "judge": {
      "final_label": 1,
      "confidence": 0.8,
      "winning_agent": "C",
      "reason": "Agent C's hypothesis of a possible DNS cache poisoning attack is a valid alternative explanation, and the low density of dst_ip_freq and dns_domain_name_freq in the tri-view label supports this hypothesis. While Agent B's hypothesis of a DDoS attack is also plausible, it does not provide a unique explanation for the anomaly beyond what is already stated in the tri-view label. Therefore, Agent C's hypothesis is the more compelling one."
    }
  }
}