{
  "sample_summary": {
    "sample_id": "54-9",
    "tri_view_label": 1,
    "slm_final_vote": 1,
    "confidence": 0.5,
    "referee_label": null
  },
  "debate_dynamics": {
    "dominant_agent": "A",
    "least_agent": "C"
  },
  "_rounds": {
    "R1": {
      "A": {
        "label": 1,
        "self_conf": 0.2,
        "rationale": "The anomaly detected in the tri-view label is an anomaly with a size of 79 and a density of 1.6104584981255354. The cluster ID is 155, and the time is Weekend (Wednesday).",
        "key_features": [
          "dst_ip_freq: high",
          "dns_domain_name_freq: 1.4045859516912094"
        ],
        "cluster_novel": "unknown",
        "cluster_reason": "unknown",
        "alt_hypothesis": "burst scan",
        "attack_ref": "DDoS"
      },
      "B": {
        "label": 1,
        "self_conf": 0.2,
        "rationale": "I agree with the tri-view label because the cluster ID is  anomaly and the cluster size is high",
        "key_features": "dst_ip_freq: high, dns_domain_name_freq: high, duration: high, max_packets_len: high",
        "cluster_novel": "yes",
        "cluster_reason": "high density",
        "alt_hypothesis": "burst scan",
        "attack_ref": "DDoS"
      },
      "C": {
        "label": 1,
        "self_conf": 0.2,
        "rationale": "Low density of dst_ip_freq and dns_domain_name_freq",
        "key_features": "dst_ip_freq: high, dns_domain_name_freq: low",
        "cluster_novel": "no",
        "cluster_reason": "Low density of both features",
        "alt_hypothesis": "Possibly due to high traffic during weekends",
        "attack_ref": "unknown"
      }
    },
    "R2": {
      "A": {
        "self_conf_before": 0.2,
        "peer_scores": 0.2,
        "critique": "The anomaly detected in the tri-view label is an anomaly with a size of 79 and a density of 1.6104584981255354. The cluster ID is 155, and the time is Weekend (Wednesday).",
        "revise_label": {
          "changed": true,
          "new_label": 1,
          "reason": "The cluster ID is 155, and the time is Weekend (Wednesday)."
        },
        "self_conf_after": 0.2,
        "clarifying_question": "What is the cluster ID and time for the anomaly detected in the tri-view label, and why is it being re-evaluated?"
      },
      "B": {
        "self_conf_before": 0.2,
        "peer_scores": 0.2,
        "critique": "I agree with the tri-view label because the cluster ID is an anomaly and the cluster size is high",
        "changed": true,
        "new_label": 1,
        "reason": "I changed my label because the cluster ID is an anomaly and the cluster size is high",
        "self_conf_after": 0.2,
        "clarifying_question": "What is the cluster ID?"
      },
      "C": {
        "self_conf_before": 0.2,
        "peer_scores": [
          0.2,
          0.2
        ],
        "critique": "I agree with the tri-view label because the cluster ID is an anomaly and the cluster size is high",
        "changed": true,
        "new_label": 1,
        "reason": "I believe the anomaly detected in the tri-view label is an outlier due to the high density of dst_ip_freq and dns_domain_name_freq",
        "self_conf_after": 0.4,
        "clarifying_question": "Could the high density of dst_ip_freq and dns_domain_name_freq be due to a specific attack type or malware?"
      }
    },
    "R3": {
      "A": {},
      "B": {
        "need_more_info": false,
        "questions": [
          "What is the cluster ID and time for the anomaly detected in the tri-view label, and why is it being re-evaluated?",
          "Could the high density of dst_ip_freq and dns_domain_name_freq be due to a specific attack type or malware?"
        ]
      },
      "C": {
        "need_more_info": false,
        "questions": []
      }
    },
    "judge": {
      "_raw_output": "{\n  \"final_label\": 1,\n  \"confidence\": 1.0,\n  \"winning_agent\": \"C\",\n  \"reason\": \"Agent C provided the most compelling rationale in Round-1, stating that the anomaly could be due to high traffic during weekends, and in Round-3, they clarified their question to inquire if the high density of dst_ip_freq and dns_domain_name_freq could be due to a specific attack type or malware. This question is crucial as it could potentially provide further insight into the nature of the anomaly.\""
    }
  }
}