{
  "sample_summary": {
    "sample_id": "55-0",
    "tri_view_label": 1,
    "slm_final_vote": 1,
    "confidence": 0.5,
    "referee_label": null
  },
  "debate_dynamics": {
    "dominant_agent": "A",
    "least_agent": "C"
  },
  "_rounds": {
    "R1": {
      "A": {
        "label": 1,
        "self_conf": 0.2,
        "rationale": "The anomaly detected in the tri-view label is an anomaly with a size of 679 and a density of 5.4911367305957. The cluster ID is 193, and the time is Weekend (Wednesday).",
        "key_features": [
          "dst_ip_freq: high",
          "dns_domain_name_freq: -0.7119602307056717"
        ],
        "cluster_novel": "unknown",
        "cluster_reason": "unknown",
        "alt_hypothesis": "burst scan",
        "attack_ref": "DDoS"
      },
      "B": {
        "label": 1,
        "self_conf": 0.2,
        "rationale": "I agree with the tri-view label because the cluster ID is 193, which is a known anomaly cluster. The cluster size is also quite large, and the density is higher than average. The cluster is also quite far from the center, which is another sign of an anomaly.",
        "key_features": "dst_ip_freq: 0.962, dns_domain_name_freq: -0.711, duration: -0.192, max_packets_len: 0.693",
        "cluster_novel": "yes",
        "cluster_reason": "high density",
        "alt_hypothesis": "false positive",
        "attack_ref": "DDoS"
      },
      "C": {
        "label": 1,
        "self_conf": 0.2,
        "rationale": "High packet frequency during weekends",
        "key_features": "dst_ip_freq: high",
        "cluster_novel": "no",
        "cluster_reason": "Low density",
        "alt_hypothesis": "Possible bot activity",
        "attack_ref": "Bot activity"
      }
    },
    "R2": {
      "A": {
        "self_conf_before": 0.2,
        "peer_scores": 0.2,
        "critique": "I agree with the tri-view label because the cluster ID is 193, which is a known anomaly cluster. The cluster size is also quite large, and the density is higher than average. The cluster is also quite far from the center, which is another sign of an anomaly.",
        "revise_label": {
          "changed": true,
          "new_label": 0,
          "reason": "High packet frequency during weekends"
        },
        "self_conf_after": 0.2,
        "clarifying_question": "What is the significance of the high packet frequency during weekends in the tri-view label for the anomaly detected in the tri-view label?"
      },
      "B": {
        "self_conf_before": 0.2,
        "peer_scores": 0.2,
        "critique": "I agree with the tri-view label because the cluster ID is 193, which is a known anomaly cluster. The cluster size is also quite large, and the density is higher than average. The cluster is also quite far from the center, which is another sign of an anomaly.",
        "changed": true,
        "new_label": 1,
        "reason": "I changed my label because the cluster ID is known to be an anomaly cluster, and the cluster size and density are also high.",
        "self_conf_after": 0.5,
        "clarifying_question": "What is the cluster ID of the known anomaly cluster?"
      },
      "C": {
        "self_conf_before": 0.2,
        "peer_scores": [
          0.2,
          0.2
        ],
        "critique": "I agree with the tri-view label because the cluster ID is 193, which is a known anomaly cluster. The cluster size is also quite large, and the density is higher than average. The cluster is also quite far from the center, which is another sign of an anomaly.",
        "changed": true,
        "new_label": 1,
        "reason": "I changed the label to 1 because the new confidence (0.8) is higher than the original confidence (0.2). The rationale also supports the change, as the cluster ID and density are both above average.",
        "self_conf_after": 0.8,
        "clarifying_question": "Is the cluster size considered sufficiently large or just based on the density?"
      }
    },
    "R3": {
      "A": {},
      "B": {
        "need_more_info": false,
        "questions": [
          "What is the significance of the high packet frequency during weekends in the tri-view label for the anomaly detected in the tri-view label?"
        ]
      },
      "C": {
        "label": 1,
        "self_conf": 0.8,
        "rationale": "High packet frequency during weekends",
        "key_features": "dst_ip_freq: high",
        "cluster_novel": "no",
        "cluster_reason": "Low density",
        "alt_hypothesis": "Possible bot activity",
        "attack_ref": "Bot activity"
      }
    },
    "judge": {
      "_raw_output": "{\n  \"final_label\": 1,\n  \"confidence\": 0.8,\n  \"winning_agent\": \"C\",\n  \"reason\": \"Agent C's label and confidence are the highest among the agents, and their rationale of 'High packet frequency during weekends' aligns with Agent A's original rationale. Therefore, the anomaly is most likely a DDoS attack.\""
    }
  }
}