{
  "sample_summary": {
    "sample_id": "55-1",
    "tri_view_label": 1,
    "slm_final_vote": 1,
    "confidence": 0.8,
    "referee_label": 1
  },
  "debate_dynamics": {
    "dominant_agent": "A",
    "least_agent": "A"
  },
  "_rounds": {
    "R1": {
      "A": {
        "label": 1,
        "self_conf": 0.2,
        "rationale": "The anomaly detected in the tri-view label is an anomaly with a size of 695 packets, a density of 5.26 packets/second, and a distance of 0.136966.",
        "key_features": [
          "dst_ip_freq: high",
          "dns_domain_name_freq: -0.7119602307056717"
        ],
        "cluster_novel": "unknown",
        "cluster_reason": "unknown",
        "alt_hypothesis": "burst scan",
        "attack_ref": "DDoS"
      },
      "B": {
        "label": 1,
        "self_conf": 0.2,
        "rationale": "I agree with the tri-view label because the cluster ID is 139, which is a known anomaly cluster. The cluster size is also larger than average, and the density is higher than average. The cluster is also relatively close to the source, which could indicate a local attack. The attack type is unknown, but it could be a DDoS attack or a DNS tunnel attack. The cluster features are also suspicious, as the duration and the max_packets_len are both negative, which could indicate a malicious activity. Therefore, I think this is a valid anomaly."
      },
      "C": {
        "label": 1,
        "self_conf": 0.2,
        "rationale": "High packet frequency during weekends",
        "key_features": "dst_ip_freq: high",
        "cluster_novel": "no",
        "cluster_reason": "Low density",
        "alt_hypothesis": "Possible DDoS attack",
        "attack_ref": "DDoS"
      }
    },
    "R2": {
      "A": {
        "self_conf_before": 0.2,
        "peer_scores": 0.2,
        "critique": "The anomaly detected in the tri-view label is an anomaly with a size of 695 packets, a density of 5.26 packets/second, and a distance of 0.136966. The cluster ID is 139, which is a known anomaly cluster. The cluster size is also larger than average, and the density is higher than average. The cluster is also relatively close to the source, which could indicate a local attack. The attack type is unknown, but it could be a DDoS attack or a DNS tunnel attack. The cluster features are also suspicious, as the duration and the max_packets_len are both negative, which could indicate a malicious activity. Therefore, I think this is a valid anomaly.",
        "revise_label": {
          "changed": true,
          "new_label": 1,
          "reason": "The cluster ID is 139, which is a known anomaly cluster. The cluster size is also larger than average, and the density is higher than average. The cluster is also relatively close to the source, which could indicate a local attack. The attack type is unknown, but it could be a DDoS attack or a DNS tunnel attack. The cluster features are also suspicious, as the duration and the max_packets_len are both negative, which could indicate a malicious activity. Therefore, I think this is a valid anomaly."
        },
        "self_conf_after": 0.2,
        "clarifying_question": "What is the cluster ID of the anomaly detected in the tri-view label, and why is it suspicious?"
      },
      "B": {
        "self_conf_before": 0.2,
        "peer_scores": 0.2,
        "critique": "I agree with the tri-view label because the cluster ID is 139, which is a known anomaly cluster. The cluster size is also larger than average, and the density is higher than average. The cluster is also relatively close to the source, which could indicate a local attack. The attack type is unknown, but it could be a DDoS attack or a DNS tunnel attack. The cluster features are also suspicious, as the duration and the max_packets_len are both negative, which could indicate a malicious activity. Therefore, I think this is a valid anomaly.",
        "changed": false,
        "new_label": 1,
        "reason": "I changed my label because the peer responses were more convincing and consistent with my original reasoning. The peers also provided more specific and relevant information about the cluster features and the attack type, which helped me confirm my decision.",
        "self_conf_after": 0.2,
        "clarifying_question": "What is the source IP of the cluster?"
      },
      "C": {
        "self_conf_before": 0.2,
        "peer_scores": 0.2,
        "critique": "I agree with the tri-view label because the cluster ID is 139, which is a known anomaly cluster. The cluster size is also larger than average, and the density is higher than average. The cluster is also relatively close to the source, which could indicate a local attack. The attack type is unknown, but it could be a DDoS attack or a DNS tunnel attack. The cluster features are also suspicious, as the duration and the max_packets_len are both negative, which could indicate a malicious activity.",
        "changed": true,
        "new_label": 1,
        "reason": "I agree with the tri-view label because the cluster ID and density are both above average. The cluster is also close to the source, which could indicate a local attack. The attack type is unknown, but it could be a DDoS attack or a DNS tunnel attack.",
        "self_conf_after": 0.8,
        "clarifying_question": "Could the cluster features be indicative of a legitimate DDoS attack, such as a botnet or a distributed denial-of-service attack?"
      }
    },
    "R3": {
      "A": {},
      "B": {},
      "C": {
        "label": 1,
        "self_conf": 0.2,
        "rationale": "High packet frequency during weekends",
        "key_features": "dst_ip_freq: high",
        "cluster_novel": "no",
        "cluster_reason": "Low density",
        "alt_hypothesis": "Possible DDoS attack",
        "attack_ref": "DDoS"
      }
    },
    "judge": {
      "final_label": 1,
      "confidence": 0.8,
      "winning_agent": "C",
      "reason": "Agent C's label and reasoning are consistent with the majority vote, and while all agents agree on the anomaly being present, Agent C's lower confidence reflects the uncertainty in the exact nature of the anomaly. The high packet frequency during weekends and the known cluster ID being above average, along with the close proximity to the source, provide strong evidence for a potential local DDoS attack."
    }
  }
}