{
  "sample_summary": {
    "sample_id": "55-2",
    "tri_view_label": 1,
    "slm_final_vote": 1,
    "confidence": 0.6,
    "referee_label": 1
  },
  "debate_dynamics": {
    "dominant_agent": "A",
    "least_agent": "B"
  },
  "_rounds": {
    "R1": {
      "A": {
        "label": 1,
        "self_conf": 0.2,
        "rationale": "The anomaly detected in the tri-view label is an anomaly with a size of 729 and a density of 5.391630254147262. The cluster ID is 98, and the time is Weekend (Wednesday).",
        "key_features": [
          "dst_ip_freq: high",
          "dns_domain_name_freq: -0.7119602307056717"
        ],
        "cluster_novel": "unknown",
        "cluster_reason": "unknown",
        "alt_hypothesis": "burst scan",
        "attack_ref": "DDoS"
      },
      "B": {
        "label": 1,
        "self_conf": 0.2,
        "rationale": "I agree with the tri-view label because the cluster ID is 98, which is a known anomaly cluster. The cluster size is also quite large, and the density is higher than the average. The cluster is also quite far from the center of the network, which is another sign of an anomaly.",
        "key_features": "dst_ip_freq: high, dns_domain_name_freq: low, duration: long, max_packets_len: high",
        "cluster_novel": "yes",
        "cluster_reason": "high density, far from center",
        "alt_hypothesis": "DDoS attack",
        "attack_ref": "DDoS"
      },
      "C": {
        "label": 1,
        "self_conf": 0.2,
        "rationale": "High packet frequency during weekends",
        "key_features": "dst_ip_freq: high",
        "cluster_novel": "no",
        "cluster_reason": "Low density",
        "alt_hypothesis": "Possible bot activity",
        "attack_ref": "Bot activity"
      }
    },
    "R2": {
      "A": {
        "self_conf_before": 0.2,
        "peer_scores": 0.2,
        "critique": "I agree with the tri-view label because the cluster ID is 98, which is a known anomaly cluster. The cluster size is also quite large, and the density is higher than the average. The cluster is also quite far from the center of the network, which is another sign of an anomaly.",
        "revise_label": {
          "changed": false,
          "new_label": 0,
          "reason": null
        },
        "self_conf_after": 0.2,
        "clarifying_question": "What is the significance of the high packet frequency during weekends in the tri-view label for the anomaly detected in the tri-view label?"
      },
      "B": {
        "revise_label": {
          "changed": false,
          "new_label": null,
          "reason": ""
        }
      },
      "C": {
        "self_conf_before": 0.2,
        "peer_scores": [
          0.2,
          0.2
        ],
        "critique": "I agree with the tri-view label because the cluster ID is 98, which is a known anomaly cluster. The cluster size is also quite large, and the density is higher than the average. The cluster is also quite far from the center of the network, which is another sign of an anomaly.",
        "changed": true,
        "new_label": 1,
        "reason": "I believe the tri-view label is accurate and that the cluster is an anomaly, based on the criteria provided.",
        "self_conf_after": 0.4,
        "clarifying_question": "Could the cluster be caused by a legitimate but rare event, such as a bot activity wave on a specific day?"
      }
    },
    "R3": {
      "A": {
        "need_more_info": true,
        "questions": [
          "What is the significance of the high packet frequency during weekends in the tri-view label for the anomaly detected in the tri-view label?"
        ],
        "self_conf_after": 0.2,
        "clarifying_question": "What is the significance of the high packet frequency during weekends in the tri-view label for the anomaly detected in the tri-view label?"
      },
      "B": {},
      "C": {
        "label": 1,
        "self_conf": 0.2,
        "rationale": "High packet frequency during weekends",
        "key_features": "dst_ip_freq: high",
        "cluster_novel": "no",
        "cluster_reason": "Low density",
        "alt_hypothesis": "Possible bot activity",
        "attack_ref": "Bot activity"
      }
    },
    "judge": {
      "final_label": 1,
      "confidence": 0.6,
      "winning_agent": "C",
      "reason": "Agent C's label remains the same as the tri-view label, and while all agents agree on the anomaly, Agent C's rationale focuses on the high packet frequency during weekends, which aligns with the tri-view label's key feature. Additionally, Agent C's confidence remains the same, indicating a consistent belief in the anomaly label."
    }
  }
}