{
  "sample_summary": {
    "sample_id": "55-3",
    "tri_view_label": 1,
    "slm_final_vote": 1,
    "confidence": 0.8,
    "referee_label": 1
  },
  "debate_dynamics": {
    "dominant_agent": "A",
    "least_agent": "B"
  },
  "_rounds": {
    "R1": {
      "A": {
        "label": 1,
        "self_conf": 0.2,
        "rationale": "The anomaly detected in the tri-view label is an anomaly with a size of 695 packets, a density of 5.26 packets per second, and a distance of 0.18 packets per second. The anomaly is likely a DDoS attack, with a likely attack type of unknown.",
        "key_features": [
          "dst_ip_freq: high",
          "dns_domain_name_freq: low"
        ],
        "cluster_novel": "unknown",
        "cluster_reason": "unknown",
        "alt_hypothesis": "burst scan",
        "attack_ref": "DDoS"
      },
      "B": {
        "label": 1,
        "self_conf": 0.2,
        "rationale": "I agree with the tri-view label because the cluster ID is 139, which is a known attack type (DDoS) and the cluster size is large (695), indicating a potential attack. The cluster density is also high (5.260795798411176), which could be a sign of a coordinated attack. The cluster is also relatively close to the source (0.18284029534282176), which could indicate a local attack. I also noticed that the cluster has a high duration (0.19224265274501), which could be a sign of a prolonged attack. Therefore, I believe that this cluster is an anomaly and should be investigated further.",
        "key_features": "dst_ip_freq: high, dns_domain_name_freq: low, duration: high, max_packets_len: high",
        "cluster_novel": "yes",
        "cluster_reason": "high density, close to source, long duration",
        "alt_hypothesis": "DDoS attack",
        "attack_ref": "DDoS"
      },
      "C": {
        "label": 1,
        "self_conf": 0.2,
        "rationale": "High packet frequency during weekends",
        "key_features": "dst_ip_freq: high",
        "cluster_novel": "no",
        "cluster_reason": "Low density",
        "alt_hypothesis": "Possible malware activity",
        "attack_ref": "Malware scanning"
      }
    },
    "R2": {
      "A": {
        "self_conf_before": 0.2,
        "peer_scores": 0.2,
        "critique": "The anomaly detected in the tri-view label is an anomaly with a size of 695 packets, a density of 5.26 packets per second, and a distance of 0.18 packets per second. The anomaly is likely a DDoS attack, with a likely attack type of unknown. The cluster ID is 139, which is a known attack type (DDoS), and the cluster size is large (695), indicating a potential attack. The cluster density is also high (5.260795798411176), which could be a sign of a coordinated attack. The cluster is also relatively close to the source (0.18284029534282176), which could indicate a local attack. I also noticed that the cluster has a high duration (0.19224265274501), which could be a sign of a prolonged attack. Therefore, I believe that this cluster is an anomaly and should be investigated further.",
        "revise_label": {
          "changed": true,
          "new_label": 1,
          "reason": "The cluster ID is 139, which is a known attack type (DDoS), and the cluster size is large (695), indicating a potential attack. The cluster density is also high (5.260795798411176), which could be a sign of a coordinated attack. The cluster is also relatively close to the source (0.18284029534282176), which could indicate a local attack. I also noticed that the cluster has a high duration (0.19224265274501), which could be a sign of a prolonged attack. Therefore, I believe that this cluster is an anomaly and should be investigated further."
        }
      },
      "B": {
        "revise_label": {
          "changed": false,
          "new_label": null,
          "reason": ""
        }
      },
      "C": {
        "revise_label": {
          "changed": false,
          "new_label": null,
          "reason": ""
        }
      }
    },
    "R3": {
      "A": {},
      "B": {},
      "C": {
        "need_more_info": false,
        "questions": null
      }
    },
    "judge": {
      "final_label": 1,
      "confidence": 0.8,
      "winning_agent": "A",
      "reason": "Agent A's rationale provides a clear justification for the anomaly being a DDoS attack based on the known attack type (ID 139), large cluster size, high density, proximity to the source, and long duration. While Agents B and C also identified the anomaly as potentially being a DDoS attack, Agent A's rationale was the most comprehensive and convincing."
    }
  }
}