{
  "sample_summary": {
    "sample_id": "55-6",
    "tri_view_label": 1,
    "slm_final_vote": 1,
    "confidence": 0.8,
    "referee_label": 1
  },
  "debate_dynamics": {
    "dominant_agent": "A",
    "least_agent": "B"
  },
  "_rounds": {
    "R1": {
      "A": {
        "label": 1,
        "self_conf": 0.2,
        "rationale": "The anomaly detected in the tri-view label is an anomaly with a size of 729 and a density of 5.391630254147262. The cluster ID is 98, and the time is Weekend (Wednesday).",
        "key_features": [
          "dst_ip_freq: high",
          "dns_domain_name_freq: -0.7119602307056717"
        ],
        "cluster_novel": "unknown",
        "cluster_reason": "unknown",
        "alt_hypothesis": "burst scan",
        "attack_ref": "DDoS"
      },
      "B": {
        "label": 1,
        "self_conf": 0.2,
        "rationale": "I agree with the tri-view label because the cluster ID is 98, which is a known attack type (DDoS), and the cluster size is quite large (729), which is a sign of a potential attack. The cluster density is also quite high (5.391630254147262), which is unusual for a benign cluster. The cluster is also quite far from the center of the network (0.24684539513471523), which is another sign of a potential attack. Therefore, I believe that this cluster is indeed an anomaly.",
        "key_features": "dst_ip_freq: 0.962, dns_domain_name_freq: -0.711, duration: -0.192, max_packets_len: 0.693",
        "cluster_novel": "yes",
        "cluster_reason": "low density",
        "alt_hypothesis": "burst scan",
        "attack_ref": "DDoS"
      },
      "C": {
        "label": 1,
        "self_conf": 0.2,
        "rationale": "High packet frequency during weekends",
        "key_features": "dst_ip_freq: high",
        "cluster_novel": "no",
        "cluster_reason": "Low density",
        "alt_hypothesis": "Possible DDoS attack",
        "attack_ref": "DDoS"
      }
    },
    "R2": {
      "A": {
        "self_conf_before": 0.2,
        "peer_scores": 0.2,
        "critique": "The anomaly detected in the tri-view label is an anomaly with a size of 729 and a density of 5.391630254147262. The cluster ID is 98, and the time is Weekend (Wednesday).",
        "revise_label": {
          "changed": true,
          "new_label": 1,
          "reason": "High packet frequency during weekends"
        },
        "self_conf_after": 0.2,
        "clarifying_question": "Based on the peer responses, what is the new label for this anomaly?"
      },
      "B": {
        "revise_label": {
          "changed": false,
          "new_label": null,
          "reason": ""
        }
      },
      "C": {
        "self_conf_before": 0.2,
        "peer_scores": 0.2,
        "critique": "I agree with the tri-view label because the cluster ID is 98, which is a known attack type (DDoS), and the cluster size is quite large (729), which is a sign of a potential attack. The cluster density is also quite high (5.391630254147262), which is unusual for a benign cluster. The cluster is also quite far from the center of the network (0.24684539513471523), which is another sign of a potential attack. Therefore, I believe that this cluster is indeed an anomaly.",
        "changed": true,
        "new_label": 1,
        "reason": "I agree with the tri-view label because the cluster characteristics suggest an attack, and the cluster is located in an area known to be vulnerable to DDoS attacks.",
        "self_conf_after": 0.8,
        "clarifying_question": "Is there any evidence other than the cluster characteristics to support the tri-view label?"
      }
    },
    "R3": {
      "A": {},
      "B": {},
      "C": {
        "label": 1,
        "self_conf": 0.2,
        "rationale": "High packet frequency during weekends",
        "key_features": "dst_ip_freq: high",
        "cluster_novel": "no",
        "cluster_reason": "Low density",
        "alt_hypothesis": "Possible DDoS attack",
        "attack_ref": "DDoS"
      }
    },
    "judge": {
      "final_label": 1,
      "confidence": 0.8,
      "winning_agent": "C",
      "reason": "Agent C's revised label is based on the tri-view label and agrees with the majority vote. The confidence is increased due to Agent C's higher self-confidence after the debate."
    }
  }
}