{
  "sample_summary": {
    "sample_id": "55-8",
    "tri_view_label": 1,
    "slm_final_vote": 1,
    "confidence": 0.5,
    "referee_label": null
  },
  "debate_dynamics": {
    "dominant_agent": "A",
    "least_agent": "C"
  },
  "_rounds": {
    "R1": {
      "A": {
        "label": 1,
        "self_conf": 0.2,
        "rationale": "The anomaly detected in the tri-view label is an anomaly with a size of 695 packets, a density of 5.26 packets per second, and a distance of 0.31668720474445927 seconds. The attack was detected on the weekend (Wednesday) with a time of 0.0000000000000000 seconds.",
        "key_features": [
          "dst_ip_freq: high",
          "dns_domain_name_freq: -0.7119602307056717"
        ],
        "cluster_novel": "no",
        "cluster_reason": "unknown",
        "alt_hypothesis": "unknown",
        "attack_ref": "unknown"
      },
      "B": {
        "label": 1,
        "self_conf": 0.2,
        "rationale": "I agree with the tri-view label because the cluster ID is 139, which is a known anomaly.",
        "key_features": "dst_ip_freq: 0.962, dns_domain_name_freq: -0.711, duration: -0.192, max_packets_len: 0.693",
        "cluster_novel": "yes",
        "cluster_reason": "low density",
        "alt_hypothesis": "burst scan",
        "attack_ref": "DDoS"
      },
      "C": {
        "label": 1,
        "self_conf": 0.2,
        "rationale": "High packet frequency during weekends",
        "key_features": "dst_ip_freq: high",
        "cluster_novel": "no",
        "cluster_reason": "Low density",
        "alt_hypothesis": "Possible malware activity",
        "attack_ref": "Malware scanning"
      }
    },
    "R2": {
      "A": {
        "self_conf_before": 0.2,
        "peer_scores": 0.2,
        "critique": "The anomaly detected in the tri-view label is an anomaly with a size of 695 packets, a density of 5.26 packets per second, and a distance of 0.31668720474445927 seconds. The attack was detected on the weekend with a time of 0.0000000000000000 seconds. The cluster ID is 139, which is a known anomaly.",
        "revise_label": {
          "changed": false,
          "new_label": 1,
          "reason": "The attack was detected on the weekend with a time of 0.0000000000000000 seconds."
        },
        "self_conf_after": 0.2,
        "clarifying_question": "What is the reason for the change in label from 1 to 1?"
      },
      "B": {
        "self_conf_before": 0.2,
        "peer_scores": 0.2,
        "critique": "I agree with the tri-view label because the cluster ID is 139, which is a known anomaly.",
        "changed": false,
        "new_label": 1,
        "reason": "I changed my label because the cluster ID is a known anomaly.",
        "self_conf_after": 0.2,
        "clarifying_question": "What is the cluster ID of the anomaly?"
      },
      "C": {
        "self_conf_before": 0.2,
        "peer_scores": [
          0.2,
          0.2
        ],
        "critique": "My rationale still holds, but the peer scores suggest a higher level of confidence in the tri-view label. This could be due to the presence of multiple anomalies in the cluster with similar characteristics.",
        "changed": false,
        "new_label": 1,
        "reason": "I believe the tri-view label is more reliable due to the presence of multiple anomalies with similar characteristics.",
        "self_conf_after": 0.4,
        "clarifying_question": "Could there be other factors contributing to the high confidence in the tri-view label besides the presence of multiple anomalies?"
      }
    },
    "R3": {
      "A": {},
      "B": {
        "need_more_info": false,
        "questions": []
      },
      "C": {
        "need_more_info": false,
        "questions": []
      }
    },
    "judge": {
      "_raw_output": "{\n  \"final_label\": 1,\n  \"confidence\": 0.6,\n  \"winning_agent\": \"C\",\n  \"reason\": \"The presence of multiple anomalies with similar characteristics in the cluster increases the reliability of the tri-view label.\""
    }
  }
}