{
  "sample_summary": {
    "sample_id": "55-9",
    "tri_view_label": 1,
    "slm_final_vote": 1,
    "confidence": 0.8,
    "referee_label": 1
  },
  "debate_dynamics": {
    "dominant_agent": "A",
    "least_agent": "C"
  },
  "_rounds": {
    "R1": {
      "A": {
        "label": 1,
        "self_conf": 0.2,
        "rationale": "The anomaly is likely due to a malicious attack, with a high frequency of DNS queries and a low frequency of DDoS attacks. The cluster is sparse and far from the centroid, indicating that the attack is likely to be distributed across multiple clusters.",
        "key_features": [
          "dst_ip_freq: high",
          "dns_domain_name_freq: low"
        ],
        "cluster_novel": "unknown",
        "cluster_reason": "unknown",
        "alt_hypothesis": "burst scan",
        "attack_ref": "DDoS"
      },
      "B": {
        "label": 1,
        "self_conf": 0.2,
        "rationale": "I agree with the tri-view label because the cluster is far from the centroid and in a sparse cluster.",
        "key_features": "dst_ip_freq: high, dns_domain_name_freq: high, duration: high, max_packets_len: high",
        "cluster_novel": "yes",
        "cluster_reason": "sparse cluster",
        "alt_hypothesis": "burst scan",
        "attack_ref": "DDoS"
      },
      "C": {
        "label": 1,
        "self_conf": 0.2,
        "rationale": "Low density of dst_ip_freq and dns_domain_name_freq suggest a potential outlier",
        "key_features": "dst_ip_freq: high, dns_domain_name_freq: low",
        "cluster_novel": "no",
        "cluster_reason": "Low density of features suggests an outlier",
        "alt_hypothesis": "Possible malicious activity based on low density of dst_ip_freq",
        "attack_ref": "Low density of features"
      }
    },
    "R2": {
      "A": {
        "self_conf_before": 0.2,
        "peer_scores": 0.2,
        "critique": "I agree with the tri-view label because the cluster is far from the centroid and in a sparse cluster.",
        "revise_label": {
          "changed": true,
          "new_label": 1,
          "reason": "Low density of dst_ip_freq and dns_domain_name_freq suggest a potential outlier"
        },
        "self_conf_after": 0.2,
        "clarifying_question": "What factors suggest a potential outlier in the cluster's distribution of DDoS attack features, as identified by the tri-view label?"
      },
      "B": {
        "self_conf_before": 0.2,
        "peer_scores": 0.2,
        "critique": "I agree with the tri-view label because the cluster is far from the centroid and in a sparse cluster.",
        "changed": true,
        "new_label": 1,
        "reason": "I changed my label because the cluster is likely to be a distributed DDoS attack.",
        "self_conf_after": 0.5,
        "clarifying_question": "What is the distribution of the attack across multiple clusters?"
      },
      "C": {
        "self_conf_before": 0.2,
        "peer_scores": [
          0.2,
          0.2
        ],
        "critique": "I agree with the peers that the anomaly is likely due to a malicious attack based on the low density of features and the sparse cluster. However, I have a different rationale.",
        "changed": true,
        "new_label": 1,
        "reason": "I have observed a high frequency of DNS queries and a low frequency of DDoS attacks in this cluster, which suggests a potential malicious activity. Additionally, the cluster is far from the centroid, which could indicate that the attack is distributed across multiple clusters.",
        "self_conf_after": 0.8,
        "clarifying_question": "Could the low density of features be due to a legitimate but rare event, such as a botnet activity or a natural fluctuation in the system?"
      }
    },
    "R3": {
      "A": {
        "need_more_info": true,
        "questions": [
          {
            "label": "What factors suggest a potential outlier in the cluster's distribution of DDoS attack features, as identified by the tri-view label?",
            "self_conf": 0.2,
            "rationale": "The cluster is far from the centroid and in a sparse cluster. The attack is likely to be distributed across multiple clusters.",
            "key_features": [
              "dst_ip_freq: high",
              "dns_domain_name_freq: low"
            ],
            "cluster_novel": "unknown",
            "cluster_reason": "unknown",
            "alt_hypothesis": "burst scan",
            "attack_ref": "DDoS"
          }
        ],
        "clarifying_question": "What factors suggest a potential outlier in the cluster's distribution of DDoS attack features, as identified by the tri-view label?"
      },
      "B": {
        "need_more_info": false,
        "questions": []
      },
      "C": {
        "label": 1,
        "self_conf": 0.8,
        "rationale": "I have observed a high frequency of DNS queries and a low frequency of DDoS attacks in this cluster, which suggests a potential malicious activity. Additionally, the cluster is far from the centroid, which could indicate that the attack is distributed across multiple clusters.",
        "key_features": "dst_ip_freq: high, dns_domain_name_freq: low",
        "cluster_novel": "no",
        "cluster_reason": "Low density of features suggests an outlier",
        "alt_hypothesis": "Possible malicious activity based on low density of dst_ip_freq",
        "attack_ref": "Low density of features"
      }
    },
    "judge": {
      "final_label": 1,
      "confidence": 0.8,
      "winning_agent": "C",
      "reason": "Agent C's rationale, which includes observing a high frequency of DNS queries and a low frequency of DDoS attacks, aligns with the tri-view label and provides a more detailed explanation. Additionally, Agent C's confidence level is higher than the others."
    }
  }
}