{
  "sample_summary": {
    "sample_id": "56-1",
    "tri_view_label": 1,
    "slm_final_vote": 1,
    "confidence": 0.2,
    "referee_label": 1
  },
  "debate_dynamics": {
    "dominant_agent": "A",
    "least_agent": "B"
  },
  "_rounds": {
    "R1": {
      "A": {
        "label": 1,
        "self_conf": 0.2,
        "rationale": "Anomaly detected in tri-view label of size 743, density 5.497299116182877, distance 0.028288690663148215, time Weekend (Wednesday).",
        "key_features": [
          "dst_ip_freq: high",
          "dns_domain_name_freq: -0.7119602307056717"
        ],
        "cluster_novel": "unknown",
        "cluster_reason": "unknown",
        "alt_hypothesis": "burst scan",
        "attack_ref": "DDoS"
      },
      "B": {
        "label": 1,
        "self_conf": 0.2,
        "rationale": "I agree with the tri-view label because the cluster ID is 98, which is a known attack type (DDoS) and the cluster size is 743, which is larger than the average cluster size of 543. The cluster density is 5.497299116182177, which is also higher than the average cluster density of 4.5. The cluster is also located in the same time zone as the tri-view label, which is a possible indication of coordination. The cluster has a high duration of 0.19224265274501, which is also a possible indication of persistence. The cluster has a high max_packets_len of 0.693887692270569, which is also a possible indication of congestion. Therefore, I agree with the tri-view label and I think that this cluster is an anomaly.",
        "key_features": "dst_ip_freq: high, dns_domain_name_freq: low, duration: long, max_packets_len: high",
        "cluster_novel": "yes",
        "cluster_reason": "high density, high duration, high max_packets_len",
        "alt_hypothesis": "DDoS",
        "attack_ref": "DDoS"
      },
      "C": {
        "label": 1,
        "self_conf": 0.2,
        "rationale": "High packet frequency during weekends",
        "key_features": "dst_ip_freq: high",
        "cluster_novel": "no",
        "cluster_reason": "Low density",
        "alt_hypothesis": "Possible malware activity",
        "attack_ref": "Malware scanning"
      }
    },
    "R2": {
      "A": {
        "self_conf_before": 0.2,
        "peer_scores": 0.2,
        "critique": "Anomaly detected in tri-view label of size 743, density 5.497299116182877, distance 0.028288690663148215, time Weekend (Wednesday).",
        "revise_label": {
          "changed": true,
          "new_label": 1,
          "reason": "High packet frequency during weekends"
        },
        "self_conf_after": 0.2,
        "clarifying_question": "Reason: High packet frequency during weekends"
      },
      "B": {
        "revise_label": {
          "changed": false,
          "new_label": null,
          "reason": ""
        }
      },
      "C": {
        "self_conf_before": 0.2,
        "peer_scores": 0.2,
        "critique": "I agree with the tri-view label and I think that this cluster is an anomaly.",
        "changed": true,
        "new_label": 1,
        "reason": "I agree with the tri-view label because the cluster ID is 98, which is a known attack type (DDoS) and the cluster size is 743, which is larger than the average cluster size of 543. The cluster density is 5.497299116182177, which is also higher than the average cluster density of 4.5. The cluster is also located in the same time zone as the tri-view label, which is a possible indication of coordination. The cluster has a high duration of 0.19224265274501, which is also a possible indication of persistence. The cluster has a high max_packets_len of 0.693887692270569, which is also a possible indication of congestion. Therefore, I agree with the tri-view label and I think that this cluster is an anomaly.",
        "self_conf_after": 0.2,
        "clarifying_question": "Is there any other information or context that could be relevant to understanding this anomaly?"
      }
    },
    "R3": {
      "A": {
        "need_more_info": true,
        "questions": [
          {
            "label": "Reason: High packet frequency during weekends",
            "self_conf": 0.2,
            "rationale": "Anomaly detected in tri-view label of size 743, density 5.497299116182877, distance 0.028288690663148215, time Weekend (Wednesday).",
            "key_features": [
              "dst_ip_freq: high",
              "dns_domain_name_freq: -0.7119602307056717"
            ],
            "cluster_novel": "unknown",
            "cluster_reason": "unknown",
            "alt_hypothesis": "burst scan",
            "attack_ref": "DDoS"
          }
        ],
        "cluster_novel": "unknown",
        "cluster_reason": "unknown",
        "alt_hypothesis": "burst scan",
        "attack_ref": "DDoS"
      },
      "B": {},
      "C": {
        "label": 1,
        "self_conf": 0.2,
        "rationale": "High packet frequency during weekends",
        "key_features": "dst_ip_freq: high",
        "cluster_novel": "no",
        "cluster_reason": "Low density",
        "alt_hypothesis": "Possible malware activity",
        "attack_ref": "Malware scanning"
      }
    },
    "judge": {
      "final_label": 1,
      "confidence": 0.2,
      "winning_agent": "A",
      "reason": "Agent A's anomaly detection is based on the tri-view label and the high packet frequency during weekends, which is a key feature in their rationale. While Agent B also agrees with the tri-view label and identifies similar features, Agent A's rationale is more specific and directly relates to the high packet frequency during weekends. Since both agents have the same label and similar confidence, the winning_agent is determined based on the specificity of their rationales. Agent C's hypothesis is different from the majority and does not provide a clear justification for their label, so they are not considered for the winning_agent."
    }
  }
}