{
  "sample_summary": {
    "sample_id": "56-4",
    "tri_view_label": 1,
    "slm_final_vote": 1,
    "confidence": 0.8,
    "referee_label": 1
  },
  "debate_dynamics": {
    "dominant_agent": "A",
    "least_agent": "B"
  },
  "_rounds": {
    "R1": {
      "A": {
        "label": 1,
        "self_conf": 0.2,
        "rationale": "The anomaly detected in the tri-view label is an anomaly with a size of 126 and a density of 1.573515284453827. The cluster ID is 107, and the time is Weekend (Wednesday).",
        "key_features": [
          "dst_ip_freq: high",
          "dns_domain_name_freq: 1.4045859516912094"
        ],
        "cluster_novel": "unknown",
        "cluster_reason": "unknown",
        "alt_hypothesis": "burst scan",
        "attack_ref": "DDoS"
      },
      "B": {
        "label": 1,
        "self_conf": 0.2,
        "rationale": "I agree with the tri-view label because the cluster ID is 107, which is a known anomaly cluster. The cluster size is 126, which is larger than the average cluster size of 100. The cluster density is 1.573, which is higher than the average cluster density of 1.2. The cluster is also located in the same time zone as the tri-view label, which is a possible reason for the anomaly. The cluster has a high density and a high distance from the tri-view label, which indicates that it is a potential source of the anomaly. The cluster also has a high duration and a high maximum packet length, which are typical features of a DDoS attack. Therefore, I agree with the tri-view label and the cluster label as an anomaly.",
        "key_features": "dst_ip_freq: high, dns_domain_name_freq: high, duration: high, max_packets_len: high",
        "cluster_novel": "yes",
        "cluster_reason": "high density, high distance, high duration, high max_packets_len",
        "alt_hypothesis": "DDoS attack",
        "attack_ref": "DDoS"
      },
      "C": {
        "label": 1,
        "self_conf": 0.2,
        "rationale": "High packet frequency during weekends",
        "key_features": "dst_ip_freq: high",
        "cluster_novel": "no",
        "cluster_reason": "Low density",
        "alt_hypothesis": "Possible DDoS attack",
        "attack_ref": "DDoS"
      }
    },
    "R2": {
      "A": {
        "self_conf_before": 0.2,
        "peer_scores": 0.2,
        "critique": "The anomaly detected in the tri-view label is an anomaly with a size of 126 and a density of 1.573515284453827. The cluster ID is 107, and the time is Weekend (Wednesday).",
        "revise_label": {
          "changed": true,
          "new_label": 1,
          "reason": "The cluster ID is 107, and the time is Weekend (Wednesday)."
        },
        "self_conf_after": 0.2,
        "clarifying_question": "The cluster ID is 107, and the time is Weekend (Wednesday)."
      },
      "B": {
        "revise_label": {
          "changed": false,
          "new_label": null,
          "reason": ""
        }
      },
      "C": {
        "revise_label": {
          "changed": false,
          "new_label": null,
          "reason": ""
        }
      }
    },
    "R3": {
      "A": {},
      "B": {},
      "C": {
        "need_more_info": true,
        "questions": [
          "Cluster ID and time of the anomaly"
        ]
      }
    },
    "judge": {
      "final_label": 1,
      "confidence": 0.8,
      "winning_agent": "A",
      "reason": "Agents A and B both agree on the anomaly label being 1, and Agent A provided the cluster ID and time of the anomaly in Round 1, which is a crucial piece of information for the analysis. Agent C requested this information in Round 3 but did not provide any additional justification or evidence for their hypothesis. Therefore, Agent A's information and agreement with Agent B give them the edge in this debate."
    }
  }
}