{
  "sample_summary": {
    "sample_id": "56-5",
    "tri_view_label": 1,
    "slm_final_vote": 1,
    "confidence": 0.6,
    "referee_label": 1
  },
  "debate_dynamics": {
    "dominant_agent": "A",
    "least_agent": "C"
  },
  "_rounds": {
    "R1": {
      "A": {
        "label": 1,
        "self_conf": 0.2,
        "rationale": "The anomaly detected in the tri-view label is an anomaly with a size of 654 and a density of 5.449681627778341. The cluster ID is 139, and the time is Weekend (Wednesday).",
        "key_features": [
          "dst_ip_freq: high",
          "dns_domain_name_freq: -0.7119602307056717"
        ],
        "cluster_novel": "unknown",
        "cluster_reason": "unknown",
        "alt_hypothesis": "burst scan",
        "attack_ref": "DDoS"
      },
      "B": {
        "label": 1,
        "self_conf": 0.2,
        "rationale": "I agree with the tri-view label because the cluster ID is 139, which is a known anomaly cluster. The cluster size is also high, and the density is also high, which is a sign of a potential attack. The cluster is also close to the time of the weekend, which is a common time for attacks. The key features are: dst_ip_freq: high, dns_domain_name_freq: low, duration: short, max_packets_len: high. The cluster is also novel, because it is not a typical cluster for this network. The cluster reason is: low density, shifted center. The alt_hypothesis is: false positive. The attack ref is: unknown."
      },
      "C": {
        "label": 1,
        "self_conf": 0.2,
        "rationale": "High packet frequency during weekends",
        "key_features": "dst_ip_freq: high",
        "cluster_novel": "no",
        "cluster_reason": "Low density",
        "alt_hypothesis": "Possible bot activity",
        "attack_ref": "Bot activity"
      }
    },
    "R2": {
      "A": {
        "self_conf_before": 0.2,
        "peer_scores": 0.2,
        "critique": "The anomaly detected in the tri-view label is an anomaly with a size of 654 and a density of 5.449681627778341. The cluster ID is 139, and the time is Weekend (Wednesday). The key features are: dst_ip_freq: high, dns_domain_name_freq: -0.7119602307056717, duration: short, max_packets_len: high, cluster_novel: unknown, cluster_reason: unknown, alt_hypothesis: burst scan, attack_ref: DDoS",
        "self_conf_after": 0.2,
        "clarifying_question": "Why is the cluster ID 139 significant in the tri-view label?",
        "revise_label": {
          "changed": true,
          "new_label": 1,
          "reason": "The cluster ID is 139, and the time is Weekend (Wednesday)."
        }
      },
      "B": {
        "self_conf_before": 0.2,
        "peer_scores": 0.2,
        "critique": "I agree with the tri-view label because the cluster ID is 139, which is a known anomaly cluster. The cluster size is also high, and the density is also high, which is a sign of a potential attack. The cluster is also close to the time of the weekend, which is a common time for attacks. The key features are: dst_ip_freq: high, dns_domain_name_freq: low, duration: short, max_packets_len: high. The cluster is also novel, because it is not a typical cluster for this network. The cluster reason is: low density, shifted center. The alt_hypothesis is: false positive. The attack ref is: unknown."
      },
      "C": {
        "self_conf_before": 0.2,
        "peer_scores": [
          0.2,
          0.2
        ],
        "critique": "I agree with the tri-view label because the cluster ID is 139, which is a known anomaly cluster. The cluster size is also high, and the density is also high, which is a sign of a potential attack. The cluster is also close to the time of the weekend, which is a common time for attacks. However, the rationale provided by peers is not sufficient to confirm the label. The key features and cluster reason are consistent with legitimate attacks, but the density and cluster size are higher than typical values for bot activity. Additionally, the lack of alternative hypotheses and the absence of further context make it difficult to determine the confidence in the label.",
        "changed": false,
        "new_label": 1,
        "reason": "The increased density and cluster size suggest a more likely scenario than bot activity, but more information is needed to confirm the label.",
        "self_conf_after": 0.5,
        "clarifying_question": "What additional information can be gathered to confirm or refute the label?"
      }
    },
    "R3": {
      "A": {},
      "B": {},
      "C": {
        "label": 1,
        "self_conf": 0.2,
        "rationale": "High packet frequency during weekends",
        "key_features": "dst_ip_freq: high",
        "cluster_novel": "no",
        "cluster_reason": "Low density",
        "alt_hypothesis": "Possible bot activity",
        "attack_ref": "Bot activity"
      }
    },
    "judge": {
      "final_label": 1,
      "confidence": 0.6,
      "winning_agent": "C",
      "reason": "Agent C's hypothesis of 'High packet frequency during weekends' aligns with the given data, and the cluster ID 139 being a known anomaly cluster does not necessarily confirm a specific type of attack. The lack of alternative hypotheses and further context from Agents A and B also supports Agent C's hypothesis."
    }
  }
}