{
  "sample_summary": {
    "sample_id": "56-6",
    "tri_view_label": 1,
    "slm_final_vote": 1,
    "confidence": 0.5,
    "referee_label": 1
  },
  "debate_dynamics": {
    "dominant_agent": "B",
    "least_agent": "A"
  },
  "_rounds": {
    "R1": {
      "A": {
        "label": 1,
        "self_conf": 0.2,
        "rationale": "The anomaly is likely due to a malicious attack, with a high frequency of DNS queries and a low frequency of DDoS attacks. The cluster ID is 188, with a size of 2 and a density of 0.3430119006663644. The time is Weekend (Wednesday), and the cluster contrast is sparse.",
        "key_features": [
          "dst_ip_freq: -0.3183606169854546",
          "dns_domain_name_freq: 1.4045859516912094"
        ],
        "cluster_novel": "unknown",
        "cluster_reason": "unusual size",
        "alt_hypothesis": "false positive",
        "attack_ref": "DDoS"
      },
      "B": {
        "label": 1,
        "self_conf": 0.2,
        "rationale": "The sample is far from the cluster centroid and in a sparse cluster.",
        "key_features": "dst_ip_freq: high, dns_domain_name_freq: high, duration: high, max_packets_len: high",
        "cluster_novel": "yes",
        "cluster_reason": "sample is far from cluster centroid and in a sparse cluster",
        "alt_hypothesis": "burst scan",
        "attack_ref": "DDoS"
      },
      "C": {
        "label": 1,
        "self_conf": 0.2,
        "rationale": "Low density of dst_ip_freq and dns_domain_name_freq",
        "key_features": "dst_ip_freq: high, dns_domain_name_freq: high",
        "cluster_novel": "no",
        "cluster_reason": "Low density of features",
        "alt_hypothesis": "Unknown",
        "attack_ref": "Low density of features"
      }
    },
    "R2": {
      "A": {
        "revise_label": {
          "changed": false,
          "new_label": null,
          "reason": ""
        }
      },
      "B": {
        "self_conf_before": 0.2,
        "peer_scores": 0.2,
        "critique": "The peer rationales are similar to mine, but I am not sure if the cluster is sparse or not.",
        "changed": false,
        "new_label": 1,
        "reason": "I am not sure if the cluster is sparse or not.",
        "self_conf_after": 0.2,
        "clarifying_question": "Is the cluster sparse or not?"
      },
      "C": {
        "self_conf_before": 0.2,
        "peer_scores": [
          0.2,
          0.2
        ],
        "critique": "The rationale still holds, but the peer scores suggest a higher confidence in the original prediction compared to my initial assessment.",
        "changed": false,
        "new_label": 1,
        "reason": "The cluster density and distribution of features suggest a potential malicious attack, which aligns with the original rationale.",
        "self_conf_after": 0.4,
        "clarifying_question": "Could the cluster be perturbed by a legitimate activity during the Weekend period?"
      }
    },
    "R3": {
      "A": {},
      "B": {},
      "C": {
        "need_more_info": false,
        "questions": [
          "Is the cluster sparse or not?"
        ]
      }
    },
    "judge": {
      "final_label": 1,
      "confidence": 0.5,
      "winning_agent": "C",
      "reason": "The agents' rationales suggest a potential malicious attack based on high frequency of dst_ip_freq and dns_domain_name_freq. While Agent B's rationale is similar, Agent C's higher confidence and clarifying question indicate a more definitive assessment."
    }
  }
}