{
  "sample_summary": {
    "sample_id": "56-7",
    "tri_view_label": 1,
    "slm_final_vote": 1,
    "confidence": 0.6,
    "referee_label": 1
  },
  "debate_dynamics": {
    "dominant_agent": "A",
    "least_agent": "C"
  },
  "_rounds": {
    "R1": {
      "A": {
        "label": 1,
        "self_conf": 0.2,
        "rationale": "Anomaly detected due to high number of tri-view labels (1) and low density (0.8259332119778233).",
        "key_features": [
          "dst_ip_freq: high",
          "dns_domain_name_freq: 1.4045859516912094"
        ],
        "cluster_novel": "unknown",
        "cluster_reason": "unknown",
        "alt_hypothesis": "burst scan",
        "attack_ref": "DDoS"
      },
      "B": {
        "label": 1,
        "self_conf": 0.2,
        "rationale": "The sample is far from the cluster centroid and in a sparse cluster.",
        "key_features": "dst_ip_freq: high, dns_domain_name_freq: high, duration: high, max_packets_len: high",
        "cluster_novel": "yes",
        "cluster_reason": "sample is far from cluster centroid and in a sparse cluster",
        "alt_hypothesis": "burst scan",
        "attack_ref": "DDoS"
      },
      "C": {
        "label": 1,
        "self_conf": 0.2,
        "rationale": "Low density of dst_ip_freq and dns_domain_name_freq suggest a potential outlier in the cluster.",
        "key_features": "dst_ip_freq: high, dns_domain_name_freq: high",
        "cluster_novel": "no",
        "cluster_reason": "Low density of features suggests a potential outlier in the cluster.",
        "alt_hypothesis": "Possible malicious activity based on low density of features.",
        "attack_ref": "Low density of features"
      }
    },
    "R2": {
      "A": {
        "self_conf_before": 0.2,
        "peer_scores": 0.2,
        "critique": "Anomaly detected due to high number of tri-view labels (1) and low density (0.8259332119778233).",
        "revise_label": {
          "changed": true,
          "new_label": 1,
          "reason": "Low density of dst_ip_freq and dns_domain_name_freq suggest a potential outlier in the cluster."
        },
        "self_conf_after": 0.2,
        "clarifying_question": "What is the potential outlier in the cluster identified by the peer responses, and how does it affect the labeling decision?"
      },
      "B": {
        "self_conf_before": 0.2,
        "peer_scores": 0.2,
        "critique": "The sample is far from the cluster centroid and in a sparse cluster.",
        "changed": false,
        "new_label": 1,
        "reason": "The sample is far from the cluster centroid and in a sparse cluster.",
        "self_conf_after": 0.2,
        "clarifying_question": "What is the cluster centroid?"
      },
      "C": {
        "self_conf_before": 0.2,
        "peer_scores": [
          0.2,
          0.2
        ],
        "critique": "Anomaly detected due to high number of tri-view labels (1) and low density (0.8259332119778233). The sample is far from the cluster centroid and in a sparse cluster.",
        "changed": true,
        "new_label": 1,
        "reason": "High number of tri-view labels and low density suggest an outlier in the cluster.",
        "self_conf_after": 0.4,
        "clarifying_question": "What is the impact of the sparse cluster on the model's performance?"
      }
    },
    "R3": {
      "A": {},
      "B": {
        "need_more_info": false,
        "questions": []
      },
      "C": {}
    },
    "judge": {
      "final_label": 1,
      "confidence": 0.6,
      "winning_agent": "A, B, C",
      "reason": "All agents identified anomalous behavior based on high number of tri-view labels and low density. While specific cluster-related reasoning varied, the consensus supports the anomaly label."
    }
  }
}