{
  "sample_summary": {
    "sample_id": "56-8",
    "tri_view_label": 1,
    "slm_final_vote": 1,
    "confidence": 0.8,
    "referee_label": 1
  },
  "debate_dynamics": {
    "dominant_agent": "A",
    "least_agent": "A"
  },
  "_rounds": {
    "R1": {
      "A": {
        "label": 1,
        "self_conf": 0.2,
        "rationale": "The anomaly detected in the tri-view label is an anomaly with a tri-view label of 1 (anomaly) and confidence of 0.2. The cluster ID is 139, with a size of 654, a density of 5.449681627778341, and a distance of 0.1372664579690327.",
        "key_features": [
          "dst_ip_freq: high",
          "dns_domain_name_freq: -0.7119602307056717"
        ],
        "cluster_novel": "unknown",
        "cluster_reason": "unusual size",
        "alt_hypothesis": "false positive",
        "attack_ref": "DDoS"
      },
      "B": {
        "label": 1,
        "self_conf": 0.2,
        "rationale": "I agree with the tri-view label because the cluster ID is 139, which is a known anomaly cluster. The cluster size is also larger than average, and the density is higher than average. The cluster is also closer to the source than average, which could indicate a local attack. The cluster is also on a weekend, which could indicate a lower network traffic. The cluster has a high number of packets with a long length, which could indicate a malicious activity. The cluster also has a high number of packets with a low frequency, which could indicate a spoofing or a denial of service attack. Therefore, I agree with the tri-view label and I think that the cluster is an anomaly.",
        "key_features": "dst_ip_freq: high, dns_domain_name_freq: low, duration: long, max_packets_len: high",
        "cluster_novel": "yes",
        "cluster_reason": "high density, low frequency, long duration",
        "alt_hypothesis": "local attack",
        "attack_ref": "DDoS"
      },
      "C": {
        "label": 1,
        "self_conf": 0.2,
        "rationale": "High packet frequency during weekends",
        "key_features": "dst_ip_freq: high",
        "cluster_novel": "no",
        "cluster_reason": "Low density",
        "alt_hypothesis": "Possible bot activity",
        "attack_ref": "Bot activity"
      }
    },
    "R2": {
      "A": {
        "revise_label": {
          "changed": false,
          "new_label": null,
          "reason": ""
        }
      },
      "B": {
        "revise_label": {
          "changed": false,
          "new_label": null,
          "reason": ""
        }
      },
      "C": {
        "revise_label": {
          "changed": false,
          "new_label": null,
          "reason": ""
        }
      }
    },
    "R3": {
      "A": {},
      "B": {
        "label": 1,
        "self_conf": 0.2,
        "rationale": "I agree with the tri-view label because the cluster ID is 139, which is a known anomaly cluster. The cluster size is also larger than average, and the density is higher than average. The cluster is also closer to the source than average, which could indicate a local attack. The cluster is also on a weekend, which could indicate a lower network traffic. The cluster has a high number of packets with a long length, which could indicate a malicious activity. The cluster also has a high number of packets with a low frequency, which could indicate a spoofing or a denial of service attack. Therefore, I agree with the tri-view label and I think that the cluster is an anomaly.",
        "key_features": "dst_ip_freq: high, dns_domain_name_freq: low, duration: long, max_packets_len: high",
        "cluster_novel": "yes",
        "cluster_reason": "high density, low frequency, long duration",
        "alt_hypothesis": "local attack",
        "attack_ref": "DDoS"
      },
      "C": {
        "need_more_info": false,
        "questions": null
      }
    },
    "judge": {
      "final_label": 1,
      "confidence": 0.8,
      "winning_agent": "B",
      "reason": "Agent B provides a more comprehensive rationale, including multiple features and justifications for the anomaly being an anomaly. While Agents A and C also agree with the tri-view label, Agent B's rationale is more detailed and convincing."
    }
  }
}