{
  "sample_summary": {
    "sample_id": "56-9",
    "tri_view_label": 1,
    "slm_final_vote": 1,
    "confidence": 0.8,
    "referee_label": 1
  },
  "debate_dynamics": {
    "dominant_agent": "A",
    "least_agent": "C"
  },
  "_rounds": {
    "R1": {
      "A": {
        "label": 1,
        "self_conf": 0.2,
        "rationale": "The anomaly detected in the tri-view label is an anomaly with a size of 654 and a density of 5.449681627778341. The cluster ID is 139, and the time is Weekend (Wednesday).",
        "key_features": [
          "dst_ip_freq: high",
          "dns_domain_name_freq: -0.7119602307056717"
        ],
        "cluster_novel": "unknown",
        "cluster_reason": "unknown",
        "alt_hypothesis": "burst scan",
        "attack_ref": "DDoS"
      },
      "B": {
        "label": 1,
        "self_conf": 0.2,
        "rationale": "I agree with the tri-view label because the cluster ID is 139, which is a known anomaly cluster. The cluster size is also high, and the density is also high, which indicates a potential attack. The cluster is also relatively close to the current time, which could be a sign of a recent attack. The key features are all negative, which suggests that the cluster is not normal.",
        "key_features": "dst_ip_freq: high, dns_domain_name_freq: low, duration: low, max_packets_len: low",
        "cluster_novel": "yes",
        "cluster_reason": "high density and close to current time",
        "alt_hypothesis": "potential attack",
        "attack_ref": "DDoS"
      },
      "C": {
        "label": 1,
        "self_conf": 0.2,
        "rationale": "High packet frequency during weekends",
        "key_features": "dst_ip_freq: high",
        "cluster_novel": "no",
        "cluster_reason": "Low density",
        "alt_hypothesis": "Possible malware activity",
        "attack_ref": "Malware scanning"
      }
    },
    "R2": {
      "A": {
        "self_conf_before": 0.2,
        "peer_scores": 0.2,
        "critique": "I agree with the tri-view label because the cluster ID is 139, which is a known anomaly cluster. The cluster size is also high, and the density is also high, which indicates a potential attack. The cluster is also relatively close to the current time, which could be a sign of a recent attack. The key features are all negative, which suggests that the cluster is not normal.",
        "revise_label": {
          "changed": false,
          "new_label": 0,
          "reason": null,
          "self_conf_after": 0.2
        },
        "self_conf_after": 0.2,
        "clarifying_question": "What is the cluster ID and time of the anomaly detected in the tri-view label, and why is it not normal?"
      },
      "B": {
        "self_conf_before": 0.2,
        "peer_scores": 0.2,
        "critique": "I agree with the tri-view label because the cluster ID is 139, which is a known anomaly cluster. The cluster size is also high, and the density is also high, which indicates a potential attack. The cluster is also relatively close to the current time, which could be a sign of a recent attack. The key features are all negative, which suggests that the cluster is not normal.",
        "changed": true,
        "new_label": 1,
        "reason": "The cluster ID is a known anomaly cluster, and the cluster size and density are high, which are both indicators of a potential attack. The cluster is also relatively close to the current time, which could be a sign of a recent attack. The key features are all negative, which suggests that the cluster is not normal.",
        "self_conf_after": 0.2,
        "clarifying_question": "What is the time difference between the current time and the time of the cluster?"
      },
      "C": {
        "self_conf_before": 0.2,
        "peer_scores": [
          0.2,
          0.2
        ],
        "critique": "I agree with the tri-view label because the cluster ID is 139, which is a known anomaly cluster. The cluster size is also high, and the density is also high, which indicates a potential attack. The cluster is also relatively close to the current time, which could be a sign of a recent attack. The key features are all negative, which suggests that the cluster is not normal.",
        "changed": true,
        "new_label": 1,
        "reason": "I believe that the anomaly detected in the tri-view label is an attack based on the high cluster density and time of day, even though the key features are all negative.",
        "self_conf_after": 0.8,
        "clarifying_question": "Could the cluster density be inflated due to a few isolated anomalies?"
      }
    },
    "R3": {
      "A": {},
      "B": {},
      "C": {
        "label": 1,
        "self_conf": 0.2,
        "rationale": "High packet frequency during weekends",
        "key_features": "dst_ip_freq: high",
        "cluster_novel": "no",
        "cluster_reason": "Low density",
        "alt_hypothesis": "Possible malware activity",
        "attack_ref": "Malware scanning"
      }
    },
    "judge": {
      "final_label": 1,
      "confidence": 0.8,
      "winning_agent": "C",
      "reason": "Agent C's confidence increased significantly in Round 2, and while all agents agree on the anomaly label, Agent C's rationale of high packet frequency during weekends aligns with the given data, making it the winning agent."
    }
  }
}