{
  "sample_summary": {
    "sample_id": "6-2",
    "tri_view_label": 1,
    "slm_final_vote": 1,
    "confidence": 0.8,
    "referee_label": 1
  },
  "debate_dynamics": {
    "dominant_agent": "A",
    "least_agent": "A"
  },
  "_rounds": {
    "R1": {
      "A": {
        "label": 1,
        "self_conf": 0.2,
        "rationale": "The anomaly detected in the tri-view label is an anomaly in the size of the cluster ID 172, with a density of 4.881005515199846 and a distance of 0.035537411729911976. The cluster ID is located on a tri-view view, indicating that the anomaly is likely to be a benign event.",
        "key_features": [
          "dst_ip_freq: -0.3183606169854546",
          "dns_domain_name_freq: 1.4045859516912094"
        ],
        "cluster_novel": "no",
        "cluster_reason": "unknown",
        "alt_hypothesis": "burst scan",
        "attack_ref": "DDoS"
      },
      "B": {
        "label": 1,
        "self_conf": 0.2,
        "rationale": "I agree with the tri-view label because the cluster ID is 172, which is a known attack type (DDoS), and the cluster size is 297, which is larger than the average cluster size of 4.881. The cluster density is also higher than the average density of 4.881, which indicates a high probability of malicious activity. The cluster is also located in a different time zone (GMT+1), which could be a sign of a time-based attack. The cluster duration is also longer than the average duration of 0.191, which could be a sign of a persistent attack. The cluster max_packets_len is also higher than the average max_packets_len of 0.693, which could be a sign of a large-scale attack. Therefore, I agree with the tri-view label and the cluster reason.",
        "key_features": "dst_ip_freq: high, dns_domain_name_freq: high, duration: long, max_packets_len: high",
        "cluster_novel": "yes",
        "cluster_reason": "high density, different time zone, long duration, high max_packets_len",
        "alt_hypothesis": "DDoS",
        "attack_ref": "DDoS"
      },
      "C": {
        "label": 1,
        "self_conf": 0.2,
        "rationale": "Low density of dst_ip_freq and dns_domain_name_freq",
        "key_features": "dst_ip_freq: high, dns_domain_name_freq: low",
        "cluster_novel": "no",
        "cluster_reason": "Low density of both features suggests a potential attack",
        "alt_hypothesis": "Possible DNS cache poisoning attack",
        "attack_ref": "DNS cache poisoning"
      }
    },
    "R2": {
      "A": {
        "revise_label": {
          "changed": false,
          "new_label": null,
          "reason": ""
        }
      },
      "B": {
        "revise_label": {
          "changed": false,
          "new_label": null,
          "reason": ""
        }
      },
      "C": {
        "self_conf_before": 0.2,
        "peer_scores": [
          0.2,
          0.2
        ],
        "critique": "I agree with the tri-view label and the cluster reason.",
        "changed": false,
        "new_label": 1,
        "reason": "The cluster density and distance in the tri-view label are both above the average values, which suggests a potential attack. Additionally, the cluster duration and max_packets_len are both higher than the average values, which could be indicative of a large-scale attack.",
        "self_conf_after": 0.8,
        "clarifying_question": "Could the observed anomalies be caused by a legitimate DNS caching mechanism, or is there another potential explanation?"
      }
    },
    "R3": {
      "A": {
        "label": 1,
        "self_conf": 0.8,
        "rationale": "The anomaly detected in the tri-view label is an anomaly in the size of the cluster ID 172, with a density of 4.881005515199846 and a distance of 0.035537411729911976. The cluster ID is located on a tri-view view, indicating that the anomaly is likely to be a benign event. The observed anomalies are caused by a legitimate DNS caching mechanism. The cluster reason is a benign event. The alt hypothesis is a burst scan. The attack ref is DDoS.",
        "key_features": [
          "dst_ip_freq: -0.3183606169854546",
          "dns_domain_name_freq: 1.4045859516912094"
        ],
        "cluster_novel": "no",
        "cluster_reason": "unknown",
        "alt_hypothesis": "burst scan",
        "attack_ref": "DDoS",
        "revise_label": {
          "changed": false,
          "new_label": null,
          "reason": ""
        }
      },
      "B": {},
      "C": {
        "label": 1,
        "self_conf": 0.2,
        "rationale": "Low density of dst_ip_freq and dns_domain_name_freq",
        "key_features": "dst_ip_freq: high, dns_domain_name_freq: low",
        "cluster_novel": "no",
        "cluster_reason": "Low density of both features suggests a potential attack",
        "alt_hypothesis": "Possible DNS cache poisoning attack",
        "attack_ref": "DNS cache poisoning"
      }
    },
    "judge": {
      "final_label": 1,
      "confidence": 0.8,
      "winning_agent": "A",
      "reason": "Agent A's justification is based on the tri-view label and the known fact that the cluster ID in question is located on a tri-view view, indicating a benign event. Agent B's justification is based on the cluster's size, density, duration, and max_packets_len being above average values, which could indicate a potential attack. However, Agent A's justification is more definitive and explains the observed anomalies as being caused by a legitimate DNS caching mechanism. Therefore, Agent A's justification is more convincing and should be considered the winning one."
    }
  }
}