{
  "sample_summary": {
    "sample_id": "6-3",
    "tri_view_label": 1,
    "slm_final_vote": 1,
    "confidence": 0.4,
    "referee_label": 1
  },
  "debate_dynamics": {
    "dominant_agent": "A",
    "least_agent": "C"
  },
  "_rounds": {
    "R1": {
      "A": {
        "label": 1,
        "self_conf": 0.2,
        "rationale": "Anomaly detected due to high number of packets with destination IP address 19. Confidence: 0.2",
        "key_features": [
          "dst_ip_freq: high"
        ],
        "cluster_novel": "unknown",
        "cluster_reason": "unusual size",
        "alt_hypothesis": "burst scan",
        "attack_ref": "DDoS"
      },
      "B": {
        "label": 1,
        "self_conf": 0.2,
        "rationale": "The sample is far from the cluster centroid and in a sparse cluster.",
        "key_features": "dst_ip_freq: high, dns_domain_name_freq: high, duration: high, max_packets_len: high",
        "cluster_novel": "yes",
        "cluster_reason": "sample is far from cluster centroid and in a sparse cluster",
        "alt_hypothesis": "burst scan",
        "attack_ref": "DDoS"
      },
      "C": {
        "label": 1,
        "self_conf": 0.2,
        "rationale": "Low density of dst_ip_freq and dns_domain_name_freq suggest a potential outlier",
        "key_features": "dst_ip_freq: high, dns_domain_name_freq: high",
        "cluster_novel": "no",
        "cluster_reason": "Low density of features suggests an outlier",
        "alt_hypothesis": "Possible malicious activity based on outlier behavior",
        "attack_ref": "Anomaly detected in the dst_ip_freq and dns_domain_name_freq features"
      }
    },
    "R2": {
      "A": {
        "self_conf_before": 0.2,
        "peer_scores": 0.2,
        "critique": "Anomaly detected due to high number of packets with destination IP address 19. Confidence: 0.2",
        "revise_label": {
          "changed": true,
          "new_label": 1,
          "reason": "Low density of dst_ip_freq and dns_domain_name_freq suggest a potential outlier"
        },
        "self_conf_after": 0.2,
        "clarifying_question": "What is the potential outlier in the cluster centroid and why is it being considered?"
      },
      "B": {
        "self_conf_before": 0.2,
        "peer_scores": 0.2,
        "critique": "The sample is far from the cluster centroid and in a sparse cluster.",
        "changed": false,
        "new_label": 1,
        "reason": "The sample is far from the cluster centroid and in a sparse cluster.",
        "self_conf_after": 0.2,
        "clarifying_question": "What is the cluster centroid?"
      },
      "C": {
        "self_conf_before": 0.2,
        "peer_scores": [
          0.2,
          0.2
        ],
        "critique": "The rationale suggests an outlier, but the sample size is small and the density of features might be normal for this dataset.",
        "changed": false,
        "new_label": 1,
        "reason": "The sample exhibits characteristics that deviate from the typical behavior of the cluster, suggesting an outlier.",
        "self_conf_after": 0.4,
        "clarifying_question": "Is the outlier behavior consistent across different features?"
      }
    },
    "R3": {
      "A": {
        "need_more_info": true,
        "questions": [
          {
            "label": "What is the potential outlier in the cluster centroid and why is it being considered?",
            "self_conf": 0.2,
            "clarifying_question": "What is the potential outlier in the cluster centroid and why is it being considered?"
          }
        ]
      },
      "B": {},
      "C": {
        "need_more_info": false,
        "questions": [
          "What is the potential outlier in the cluster centroid and why is it being considered?"
        ]
      }
    },
    "judge": {
      "final_label": 1,
      "confidence": 0.4,
      "winning_agent": "C",
      "reason": "Agent C's rationale suggests that the sample exhibits characteristics that deviate from the typical behavior of the cluster, which is a strong indication of an outlier. While Agents A and B also detected anomalies, their justifications were not as clear-cut as Agent C's."
    }
  }
}