{
  "sample_summary": {
    "sample_id": "6-4",
    "tri_view_label": 1,
    "slm_final_vote": 1,
    "confidence": 0.4,
    "referee_label": 1
  },
  "debate_dynamics": {
    "dominant_agent": "A",
    "least_agent": "C"
  },
  "_rounds": {
    "R1": {
      "A": {
        "label": 1,
        "self_conf": 0.2,
        "rationale": "Anomaly detected in cluster ID 42, size: 5, density: 0.46546396845851634, dist: 2.6928222602309093",
        "key_features": [
          "dst_ip_freq: -0.3183606169854546",
          "dns_domain_name_freq: 1.4045859516912094"
        ],
        "cluster_novel": "no",
        "cluster_reason": "unknown",
        "alt_hypothesis": "burst scan",
        "attack_ref": "DDoS"
      },
      "B": {
        "label": 1,
        "self_conf": 0.2,
        "rationale": "The sample is far from the cluster centroid and in a sparse cluster.",
        "key_features": "dst_ip_freq: -0.318360616985454, dns_domain_name_freq: 1.404585951691209, duration: 3.180924811507698, max_packets_len: 0.6938876922705691",
        "cluster_novel": "yes",
        "cluster_reason": "Sample is far from the cluster centroid and in a sparse cluster",
        "alt_hypothesis": "DDoS",
        "attack_ref": "DDoS"
      },
      "C": {
        "label": 1,
        "self_conf": 0.2,
        "rationale": "Low density of dst_ip_freq and dns_domain_name_freq suggest a potential outlier",
        "key_features": "dst_ip_freq: high, dns_domain_name_freq: low",
        "cluster_novel": "no",
        "cluster_reason": "Low density of features suggests an outlier",
        "alt_hypothesis": "Possible malicious activity based on low density of dst_ip_freq",
        "attack_ref": "Low density of features"
      }
    },
    "R2": {
      "A": {
        "self_conf_before": 0.2,
        "peer_scores": 0.2,
        "critique": "Anomaly detected in cluster ID 42, size: 5, density: 0.46546396845851634, dist: 2.6928222602309093",
        "revise_label": {
          "changed": true,
          "new_label": 1,
          "reason": "The sample is far from the cluster centroid and in a sparse cluster."
        },
        "self_conf_after": 0.2,
        "clarifying_question": "What is the significance of the fact that the sample is far from the cluster centroid and in a sparse cluster, and how does it affect the anomaly detection process?"
      },
      "B": {
        "self_conf_before": 0.2,
        "peer_scores": 0.2,
        "critique": "The sample is far from the cluster centroid and in a sparse cluster.",
        "changed": false,
        "new_label": 1,
        "reason": "The sample is far from the cluster centroid and in a sparse cluster.",
        "self_conf_after": 0.2,
        "clarifying_question": "What is the cluster ID of the sample?"
      },
      "C": {
        "self_conf_before": 0.2,
        "peer_scores": [
          0.2,
          0.2
        ],
        "critique": "Anomaly detected in cluster ID 42, size: 5, density: 0.46546396845851634, dist: 2.6928222602309093",
        "changed": true,
        "new_label": 1,
        "reason": "The sample is far from the cluster centroid and in a sparse cluster, which suggests an outlier",
        "self_conf_after": 0.4,
        "clarifying_question": "What is the significance of the cluster centroid and its distance to the sample?"
      }
    },
    "R3": {
      "A": {},
      "B": {
        "label": 1,
        "self_conf": 0.2,
        "rationale": "The sample is far from the cluster centroid and in a sparse cluster.",
        "key_features": "dst_ip_freq: -0.318360616985454, dns_domain_name_freq: 1.404585951691209, duration: 3.180924811507698, max_packets_len: 0.6938876922705691",
        "cluster_novel": "yes",
        "cluster_reason": "Sample is far from the cluster centroid and in a sparse cluster",
        "alt_hypothesis": "DDoS",
        "attack_ref": "DDoS",
        "peer_scores": 0.2,
        "clarifying_question": "What is the significance of the fact that the sample is far from the cluster centroid and in a sparse cluster, and how does it affect the anomaly detection process?",
        "self_conf_before": 0.2,
        "critique": "Anomaly detected in cluster ID 42, size: 5, density: 0.46546396845851634, dist: 2.6928222602309093",
        "changed": false,
        "new_label": 1,
        "reason": "The sample is far from the cluster centroid and in a sparse cluster",
        "self_conf_after": 0.2
      },
      "C": {
        "label": 1,
        "self_conf": 0.4,
        "rationale": "Low density of dst_ip_freq and dns_domain_name_freq suggest a potential outlier",
        "key_features": "dst_ip_freq: high, dns_domain_name_freq: low",
        "cluster_novel": "no",
        "cluster_reason": "Low density of features suggests an outlier",
        "alt_hypothesis": "Possible malicious activity based on low density of dst_ip_freq",
        "attack_ref": "Low density of features"
      }
    },
    "judge": {
      "final_label": 1,
      "confidence": 0.4,
      "winning_agent": "C",
      "reason": "Agent C's hypothesis of a potential outlier based on the low density of dst_ip_freq and dns_domain_name_features has a higher confidence level than the other agents, and their rationale is clear and justifiable."
    }
  }
}