{
  "sample_summary": {
    "sample_id": "6-5",
    "tri_view_label": 1,
    "slm_final_vote": 1,
    "confidence": 0.8,
    "referee_label": 1
  },
  "debate_dynamics": {
    "dominant_agent": "A",
    "least_agent": "B"
  },
  "_rounds": {
    "R1": {
      "A": {
        "label": 1,
        "self_conf": 0.2,
        "rationale": "The anomaly detected in the tri-view label is an anomaly with a size of 238 and a density of 5.885059369701168. The cluster ID is 243, and the time is Weekday (Friday).",
        "key_features": [
          "dst_ip_freq: high",
          "dns_domain_name_freq: 1.4045859516912094"
        ],
        "cluster_novel": "unknown",
        "cluster_reason": "unknown",
        "alt_hypothesis": "burst scan",
        "attack_ref": "DDoS"
      },
      "B": {
        "label": 1,
        "self_conf": 0.2,
        "rationale": "I agree with the tri-view label because the cluster ID is 243, which is a known anomaly cluster. The cluster size is 238, which is larger than the average cluster size of 5.885, and the density is 5.885, which is higher than the average density of 5.885. The cluster is also located in a different time zone than the rest of the network, which could indicate a malicious activity. The cluster has a high degree of connectivity, which could facilitate a large-scale attack. The cluster also has a high number of packets with a long length, which could indicate a data exfiltration or a denial-of-service attack. Therefore, I agree with the tri-view label and the cluster reason.",
        "key_features": "dst_ip_freq: high, dns_domain_name_freq: high, duration: high, max_packets_len: high",
        "cluster_novel": "yes",
        "cluster_reason": "high degree of connectivity, high number of packets with a long length",
        "alt_hypothesis": "data exfiltration or denial-of-service attack",
        "attack_ref": "DDoS"
      },
      "C": {
        "label": 1,
        "self_conf": 0.2,
        "rationale": "Low density of dst_ip_freq and dns_domain_name_freq",
        "key_features": "dst_ip_freq: high, dns_domain_name_freq: low",
        "cluster_novel": "no",
        "cluster_reason": "Low density of both features suggests a potential attack",
        "alt_hypothesis": "Possible DNS cache poisoning attack",
        "attack_ref": "DNS cache poisoning"
      }
    },
    "R2": {
      "A": {
        "self_conf_before": 0.2,
        "peer_scores": 0.2,
        "critique": "The anomaly detected in the tri-view label is an anomaly with a size of 238 and a density of 5.885059369701168. The cluster ID is 243, and the time is Weekday (Friday).",
        "revise_label": {
          "changed": true,
          "new_label": 1,
          "reason": "The cluster ID is 243, and the time is Weekday (Friday)."
        },
        "self_conf_after": 0.2,
        "clarifying_question": "The cluster ID is 243, and the time is Weekday (Friday)."
      },
      "B": {
        "revise_label": {
          "changed": false,
          "new_label": null,
          "reason": ""
        }
      },
      "C": {
        "self_conf_before": 0.2,
        "peer_scores": 0.2,
        "critique": "I agree with the tri-view label and the cluster reason.",
        "changed": true,
        "new_label": 1,
        "reason": "The cluster has a high degree of connectivity, which could facilitate a large-scale attack. The cluster also has a high number of packets with a long length, which could indicate a data exfiltration or a denial-of-service attack.",
        "self_conf_after": 0.8,
        "clarifying_question": "Could the cluster be compromised due to a vulnerability in the DNS cache?"
      }
    },
    "R3": {
      "A": {},
      "B": {
        "need_more_info": false,
        "questions": [
          "Could the cluster be compromised due to a vulnerability in the DNS cache?"
        ]
      },
      "C": {
        "need_more_info": false,
        "questions": [
          "the cluster ID is 243, and the time is Weekday (Friday)."
        ]
      }
    },
    "judge": {
      "final_label": 1,
      "confidence": 0.8,
      "winning_agent": "C",
      "reason": "Agent C provided a clear justification for the label based on the high degree of connectivity and high number of packets with a long length, which could indicate a data exfiltration or a denial-of-service attack. Agent C also asked a clarifying question to further investigate the potential vulnerability in the DNS cache."
    }
  }
}