{
  "sample_summary": {
    "sample_id": "6-6",
    "tri_view_label": 1,
    "slm_final_vote": 1,
    "confidence": 0.6,
    "referee_label": 1
  },
  "debate_dynamics": {
    "dominant_agent": "A",
    "least_agent": "C"
  },
  "_rounds": {
    "R1": {
      "A": {
        "label": 1,
        "self_conf": 0.2,
        "rationale": "Anomaly detected due to high number of packets with destination IP address 192.168.127.12 and DNS domain name frequency of 1.4045859516912094.",
        "key_features": [
          "dst_ip_freq: high",
          "dns_domain_name_freq: 1.4045859516912094"
        ],
        "cluster_novel": "yes",
        "cluster_reason": "low density",
        "alt_hypothesis": "burst scan",
        "attack_ref": "DDoS"
      },
      "B": {
        "label": 1,
        "self_conf": 0.2,
        "rationale": "I agree with the tri-view label because the cluster is far from the centroid and in a sparse cluster.",
        "key_features": "dst_ip_freq: high, dns_domain_name_freq: high, duration: high, max_packets_len: high",
        "cluster_novel": "yes",
        "cluster_reason": "sparse cluster",
        "alt_hypothesis": "burst scan",
        "attack_ref": "DDoS"
      },
      "C": {
        "label": 1,
        "self_conf": 0.2,
        "rationale": "Low density of dst_ip_freq and dns_domain_name_freq",
        "key_features": "dst_ip_freq: high, dns_domain_name_freq: high",
        "cluster_novel": "no",
        "cluster_reason": "Low density of features",
        "alt_hypothesis": "Unknown",
        "attack_ref": "Low density of features"
      }
    },
    "R2": {
      "A": {
        "self_conf_before": 0.2,
        "peer_scores": 0.2,
        "critique": "Anomaly detected due to high number of packets with destination IP address 192.168.127.12 and DNS domain name frequency of 1.4045859516912094. The cluster is far from the centroid and in a sparse cluster.",
        "revise_label": {
          "changed": false,
          "new_label": 1,
          "reason": null
        },
        "self_conf_after": 0.2,
        "clarifying_question": "Why did the peer label change from 1 to 1?"
      },
      "B": {
        "self_conf_before": 0.2,
        "peer_scores": 0.2,
        "critique": "I agree with the tri-view label because the cluster is far from the centroid and in a sparse cluster.",
        "changed": false,
        "new_label": 1,
        "reason": "I changed my label because the cluster is far from the centroid and in a sparse cluster.",
        "self_conf_after": 0.2,
        "clarifying_question": "What is the threshold for defining a cluster as sparse?"
      },
      "C": {
        "self_conf_before": 0.2,
        "peer_scores": [
          0.2,
          0.2
        ],
        "critique": "I agree with the peers that the cluster is far from the centroid and in a sparse cluster. However, my rationale focuses on the low density of features rather than the centroid distance.",
        "changed": true,
        "new_label": 1,
        "reason": "I believe the low density of features in the cluster warrants further investigation, even though the centroid distance is also high.",
        "self_conf_after": 0.4,
        "clarifying_question": "Could the low density of features be influenced by factors other than the centroid distance, such as the distribution of the features within the cluster?"
      }
    },
    "R3": {
      "A": {
        "need_more_info": true,
        "questions": [
          {
            "label": "Why did the peer label change from 1 to 1?",
            "self_conf": 0.2,
            "rationale": "The peer label changed from 1 to 1 because the cluster is far from the centroid and in a sparse cluster. The cluster is far from the centroid and in a sparse cluster because the low density of features is influenced by factors other than the centroid distance, such as the distribution of the features within the cluster."
          }
        ]
      },
      "B": {},
      "C": {
        "label": 1,
        "self_conf": 0.4,
        "rationale": "Low density of features in the cluster warrants further investigation, even though the centroid distance is also high.",
        "key_features": "dst_ip_freq: high, dns_domain_name_freq: high",
        "cluster_novel": "no",
        "cluster_reason": "Low density of features",
        "alt_hypothesis": "Unknown",
        "attack_ref": "Low density of features"
      }
    },
    "judge": {
      "final_label": 1,
      "confidence": 0.6,
      "winning_agent": "C",
      "reason": "Agent C's rationale focusing on the low density of features in the cluster, even when the centroid distance is also high, provides a more comprehensive justification for the anomaly detection."
    }
  }
}