{
  "sample_summary": {
    "sample_id": "6-7",
    "tri_view_label": 1,
    "slm_final_vote": 1,
    "confidence": 0.6,
    "referee_label": 1
  },
  "debate_dynamics": {
    "dominant_agent": "A",
    "least_agent": "B"
  },
  "_rounds": {
    "R1": {
      "A": {},
      "B": {
        "label": 1,
        "self_conf": 0.2,
        "rationale": "I agree with the tri-view label because the cluster ID is 74, which is a known anomaly cluster. The cluster size is 556, which is larger than the average cluster size of 523. The cluster density is 3.8340126312408764, which is higher than the average cluster density of 3.0. The cluster is also located in a high-density area, which increases the likelihood of anomalies. The cluster is also very close to the source, which could indicate a local attack. The cluster has a high duration of 0.218163109718941, which could indicate a long-running attack. The cluster has a high max_packets_len of -1.027223483904778, which could indicate a large number of packets being sent or received. All these features suggest that the cluster is an anomaly and should be investigated further."
      },
      "C": {
        "label": 1,
        "self_conf": 0.2,
        "rationale": "High packet frequency during weekdays",
        "key_features": "dst_ip_freq: high",
        "cluster_novel": "no",
        "cluster_reason": "Low density",
        "alt_hypothesis": "Possible malware activity",
        "attack_ref": "Malware detected"
      }
    },
    "R2": {
      "A": {
        "self_conf_before": 0.2,
        "peer_scores": 0.2,
        "critique": "High packet frequency during weekdays",
        "revise_label": {
          "changed": false,
          "new_label": 1,
          "reason": "High packet frequency during weekdays"
        },
        "self_conf_after": 0.2,
        "clarifying_question": "What factors contribute to the high packet frequency during weekdays observed in the tri-view label?"
      },
      "B": {
        "revise_label": {
          "changed": false,
          "new_label": null,
          "reason": ""
        }
      },
      "C": {
        "revise_label": {
          "changed": false,
          "new_label": null,
          "reason": ""
        }
      }
    },
    "R3": {
      "A": {},
      "B": {},
      "C": {}
    },
    "judge": {
      "final_label": 1,
      "confidence": 0.6,
      "winning_agent": "B",
      "reason": "Agent B provided a comprehensive rationale for their label, including several features that suggest anomalous behavior. While Agent C also suggested anomalous behavior based on high packet frequency during weekdays, Agent B's rationale included additional features such as cluster size, density, location, and duration, which collectively provide stronger evidence for anomalous behavior."
    }
  }
}