{
  "sample_summary": {
    "sample_id": "6-8",
    "tri_view_label": 1,
    "slm_final_vote": 1,
    "confidence": 0.6,
    "referee_label": 1
  },
  "debate_dynamics": {
    "dominant_agent": "A",
    "least_agent": "C"
  },
  "_rounds": {
    "R1": {
      "A": {
        "label": 1,
        "self_conf": 0.2,
        "rationale": "Cluster ID: 91, size: 17, density: 0.7793724405554174, dist: 1.2472313590374133",
        "key_features": [
          "dns_domain_name_freq",
          "duration"
        ],
        "cluster_novel": "unknown",
        "cluster_reason": "unknown",
        "alt_hypothesis": "burst scan",
        "attack_ref": "DDoS"
      },
      "B": {
        "label": 1,
        "self_conf": 0.2,
        "rationale": "I agree with the tri-view label because the cluster is far from the centroid and in a sparse cluster",
        "key_features": "dst_ip_freq: high, dns_domain_name_freq: high, duration: high, max_packets_len: high",
        "cluster_novel": "yes",
        "cluster_reason": "sparse cluster",
        "alt_hypothesis": "burst scan",
        "attack_ref": "DDoS"
      },
      "C": {
        "label": 1,
        "self_conf": 0.2,
        "rationale": "Low density of dst_ip_freq and dns_domain_name_freq suggest a potential outlier",
        "key_features": "dst_ip_freq: high, dns_domain_name_freq: high",
        "cluster_novel": "no",
        "cluster_reason": "Low density of features suggests an outlier",
        "alt_hypothesis": "Possible malicious activity based on outlier behavior",
        "attack_ref": "Anomaly detected in dst_ip_freq and dns_domain_name_freq"
      }
    },
    "R2": {
      "A": {
        "self_conf_before": 0.2,
        "peer_scores": 0.2,
        "critique": "Cluster ID: 91, size: 17, density: 0.7793724405554174, dist: 1.2472313590374133",
        "revise_label": {
          "changed": false,
          "new_label": 1,
          "reason": "Cluster ID: 91, size: 17, density: 0.7793724405554174, dist: 1.2472313590374133"
        },
        "self_conf_after": 0.2,
        "clarifying_question": "What is the density of the cluster in the DDoS attack, and how does it compare to the density of the cluster in the tri-view label?"
      },
      "B": {
        "self_conf_before": 0.2,
        "peer_scores": 0.2,
        "critique": "I agree with the tri-view label because the cluster is far from the centroid and in a sparse cluster",
        "changed": false,
        "new_label": 1,
        "reason": "I changed my label because of the sparse cluster",
        "self_conf_after": 0.2,
        "clarifying_question": "What is the cluster size?"
      },
      "C": {
        "self_conf_before": 0.2,
        "peer_scores": [
          0.2,
          0.2
        ],
        "critique": "I agree with the peers that the cluster is far from the centroid and in a sparse cluster. The rationale suggests an outlier behavior based on the high density of features in the cluster.",
        "changed": true,
        "new_label": 1,
        "reason": "I believe the cluster exhibits outlier behavior based on the high density of features, which warrants further investigation and analysis.",
        "self_conf_after": 0.4,
        "clarifying_question": "Could the outlier behavior be caused by a specific malicious activity, such as botnet activity or a data exfiltration attempt?"
      }
    },
    "R3": {
      "A": {},
      "B": {
        "need_more_info": false,
        "questions": []
      },
      "C": {
        "label": 1,
        "self_conf": 0.2,
        "rationale": "Low density of dst_ip_freq and dns_domain_name_freq suggest a potential outlier",
        "key_features": "dst_ip_freq: high, dns_domain_name_freq: high",
        "cluster_novel": "no",
        "cluster_reason": "Low density of features suggests an outlier",
        "alt_hypothesis": "Possible malicious activity based on outlier behavior",
        "attack_ref": "Anomaly detected in dst_ip_freq and dns_domain_name_freq"
      }
    },
    "judge": {
      "final_label": 1,
      "confidence": 0.6,
      "winning_agent": "C",
      "reason": "Agent C's hypothesis of an outlier based on the low density of features in the cluster, along with the high values of dst_ip_freq and dns_domain_name_freq, aligns with the anomalous behavior observed in the data."
    }
  }
}