{
  "sample_summary": {
    "sample_id": "7-1",
    "tri_view_label": 1,
    "slm_final_vote": 1,
    "confidence": 0.8,
    "referee_label": 1
  },
  "debate_dynamics": {
    "dominant_agent": "A",
    "least_agent": "A"
  },
  "_rounds": {
    "R1": {
      "A": {
        "label": 1,
        "self_conf": 0.2,
        "rationale": "The anomaly detected in this packet is likely due to a malicious IP address. The frequency of this IP address in the dataset is 0.9627162748000327, which is significantly higher than the average frequency of IP addresses in the dataset (0.7119602307056717). The packet's maximum number of packets is 684, which is also significantly higher than the average maximum number of packets (30). The cluster ID is 30, which is a high-density cluster with a density of 3.6166642266042204, indicating that this anomaly is likely a result of a high-density cluster. The cluster's time of occurrence is Weekday (Friday), which is also significant as it is a weekday and not a weekend. The attack type is DDoS, which is a known attack type in the dataset. The alt hypothesis is that this anomaly is due to a malicious IP address, and the attack ref is DDoS.",
        "key_features": [
          "dst_ip_freq: high",
          "dns_domain_name_freq: -0.7119602307056717"
        ],
        "cluster_novel": "unknown",
        "cluster_reason": "unknown",
        "alt_hypothesis": "burst scan",
        "attack_ref": "DDoS"
      },
      "B": {
        "label": 1,
        "self_conf": 0.2,
        "rationale": "I agree with the tri-view label because the cluster ID is 30, which is a known anomaly.",
        "key_features": "dst_ip_freq: 0.962, dns_domain_name_freq: -0.711, duration: -0.192, max_packets_len: 0.693",
        "cluster_novel": "no",
        "cluster_reason": "low density",
        "alt_hypothesis": "burst scan",
        "attack_ref": "DDoS"
      },
      "C": {
        "label": 1,
        "self_conf": 0.2,
        "rationale": "High packet frequency during weekdays",
        "key_features": "dst_ip_freq: high",
        "cluster_novel": "no",
        "cluster_reason": "Low density",
        "alt_hypothesis": "Possible malware activity",
        "attack_ref": "Malware detected"
      }
    },
    "R2": {
      "A": {
        "self_conf_before": 0.2,
        "peer_scores": 0.2,
        "critique": "I agree with the tri-view label because the cluster ID is 30, which is a known anomaly. High packet frequency during weekdays",
        "revise_label": {
          "changed": true,
          "new_label": 1,
          "reason": "High packet frequency during weekdays"
        },
        "self_conf_after": 0.2,
        "clarifying_question": "What is the peer's opinion on the label change for the anomaly detected in this packet?"
      },
      "B": {
        "self_conf_before": 0.2,
        "peer_scores": 0.2,
        "critique": "I agree with the tri-view label because the cluster ID is 30, which is a known anomaly.",
        "changed": false,
        "new_label": 1,
        "reason": "The cluster ID is 30, which is a known anomaly.",
        "self_conf_after": 0.2,
        "clarifying_question": "What is the significance of the cluster ID being 30?"
      },
      "C": {
        "self_conf_before": 0.2,
        "peer_scores": 0.2,
        "critique": "The rationale of the reviewers seems to be based on the high frequency of the IP address in the cluster, which is a typical behavior for DDoS attacks. However, the other views from other reviewers suggest that the cluster may be a legitimate high-density cluster or a DDoS attack depending on the time of day and attack type.",
        "changed": false,
        "new_label": 1,
        "reason": "The cluster ID and time of day suggest a DDoS attack, which aligns with the alt hypothesis.",
        "self_conf_after": 0.8,
        "clarifying_question": "Could the cluster density be influenced by other factors besides the attack type and time of day?"
      }
    },
    "R3": {
      "A": {},
      "B": {},
      "C": {
        "label": 1,
        "self_conf": 0.2,
        "rationale": "High packet frequency during weekdays",
        "key_features": "dst_ip_freq: high",
        "cluster_novel": "no",
        "cluster_reason": "Low density",
        "alt_hypothesis": "Possible malware activity",
        "attack_ref": "Malware detected"
      }
    },
    "judge": {
      "final_label": 1,
      "confidence": 0.8,
      "winning_agent": "C",
      "reason": "Agent C's rationale of high packet frequency during weekdays aligns with the initial label and has a higher confidence level than the other agents."
    }
  }
}