{
  "sample_summary": {
    "sample_id": "7-2",
    "tri_view_label": 1,
    "slm_final_vote": 1,
    "confidence": 0.9,
    "referee_label": 1
  },
  "debate_dynamics": {
    "dominant_agent": "B",
    "least_agent": "A"
  },
  "_rounds": {
    "R1": {
      "A": {
        "label": 1,
        "self_conf": 0.2,
        "rationale": "The anomaly detected in the tri-view label is an anomaly with a size of 689 and a density of 3.6754712896999266. The cluster ID is 92, and the time is Weekday (Friday).",
        "key_features": [
          "dst_ip_freq: high",
          "dns_domain_name_freq: -0.7119602307056717"
        ],
        "cluster_novel": "unknown",
        "cluster_reason": "unknown",
        "alt_hypothesis": "burst scan",
        "attack_ref": "DDoS"
      },
      "B": {
        "label": 1,
        "self_conf": 0.2,
        "rationale": "I agree with the tri-view label because the cluster ID is 92, which is a known anomaly cluster. The cluster size is also high, and the density is also high, which indicates a high probability of an attack. The cluster is also relatively close to the source, which could be a sign of a local attack. The cluster also has a high duration, which could be a sign of a long-running attack. The cluster also has a high max_packets_len, which could be a sign of a large-scale attack. Therefore, I agree with the tri-view label and the cluster label.",
        "key_features": "dst_ip_freq: high, dns_domain_name_freq: low, duration: high, max_packets_len: high",
        "cluster_novel": "yes",
        "cluster_reason": "high density, high duration, high max_packets_len",
        "alt_hypothesis": "local attack",
        "attack_ref": "DDoS"
      },
      "C": {
        "label": 1,
        "self_conf": 0.2,
        "rationale": "High packet frequency during weekdays",
        "key_features": "dst_ip_freq: high",
        "cluster_novel": "no",
        "cluster_reason": "Low density",
        "alt_hypothesis": "Possible malware activity",
        "attack_ref": "Malware detected"
      }
    },
    "R2": {
      "A": {
        "revise_label": {
          "changed": false,
          "new_label": null,
          "reason": ""
        }
      },
      "B": {
        "self_conf_before": 0.2,
        "peer_scores": 0.2,
        "critique": "I agree with the tri-view label because the cluster ID is 92, which is a known anomaly cluster. The cluster size is also high, and the density is also high, which indicates a high probability of an attack. The cluster is also relatively close to the source, which could be a sign of a local attack. The cluster also has a high duration, which could be a sign of a long-running attack. The cluster also has a high max_packets_len, which could be a sign of a large-scale attack. Therefore, I agree with the tri-view label and the cluster label.",
        "changed": true,
        "new_label": 1,
        "reason": "The cluster ID is 92, which is a known anomaly cluster. The cluster size is also high, and the density is also high, which indicates a high probability of an attack. The cluster is also relatively close to the source, which could be a sign of a local attack. The cluster also has a high duration, which could be a sign of a long-running attack. The cluster also has a high max_packets_len, which could be a sign of a large-scale attack. Therefore, I agree with the tri-view label and the cluster label.",
        "self_conf_after": 0.2,
        "clarifying_question": "What is the cluster ID of the anomaly?"
      },
      "C": {
        "self_conf_before": 0.2,
        "peer_scores": 0.2,
        "critique": "I agree with the tri-view label because the cluster ID is 92, which is a known anomaly cluster. The cluster size is also high, and the density is also high, which indicates a high probability of an attack. The cluster is also relatively close to the source, which could be a sign of a local attack. The cluster also has a high duration, which could be a sign of a long-running attack. The cluster also has a high max_packets_len, which could be a sign of a large-scale attack. Therefore, I agree with the tri-view label and the cluster label.",
        "changed": true,
        "new_label": 1,
        "reason": "I agree with the tri-view label and the cluster label because the cluster ID, cluster size, density, and duration all indicate a high probability of an attack.",
        "self_conf_after": 0.8,
        "clarifying_question": "Is there any evidence other than the cluster label to support the tri-view label?"
      }
    },
    "R3": {
      "A": {},
      "B": {},
      "C": {
        "label": 1,
        "self_conf": 0.2,
        "rationale": "High packet frequency during weekdays",
        "key_features": "dst_ip_freq: high",
        "cluster_novel": "no",
        "cluster_reason": "Low density",
        "alt_hypothesis": "Possible malware activity",
        "attack_ref": "Malware detected"
      }
    },
    "judge": {
      "final_label": 1,
      "confidence": 0.9,
      "winning_agent": "B",
      "reason": "Agent B provided a comprehensive justification for the anomaly being an attack based on the high cluster size, density, duration, and max_packets_len. Agent A and C did not provide sufficient justification or new information to challenge this assessment."
    }
  }
}