{
  "sample_summary": {
    "sample_id": "7-4",
    "tri_view_label": 1,
    "slm_final_vote": 1,
    "confidence": 0.5,
    "referee_label": null
  },
  "debate_dynamics": {
    "dominant_agent": "A",
    "least_agent": "C"
  },
  "_rounds": {
    "R1": {
      "A": {
        "label": 1,
        "self_conf": 0.2,
        "rationale": "The anomaly detected in the tri-view label is an anomaly with a size of 689 and a density of 3.6754712896999266. The cluster ID is 92, and the time is Weekday (Friday).",
        "key_features": [
          "dst_ip_freq: high",
          "dns_domain_name_freq: -0.7119602307056717"
        ],
        "cluster_novel": "unknown",
        "cluster_reason": "unknown",
        "alt_hypothesis": "burst scan",
        "attack_ref": "DDoS"
      },
      "B": {
        "label": 1,
        "self_conf": 0.2,
        "rationale": "I agree with the tri-view label because the cluster ID is 92, which is a known attack type.",
        "key_features": "dst_ip_freq: 0.962, dns_domain_name_freq: -0.711, duration: -0.192, max_packets_len: 0.693",
        "cluster_novel": "no",
        "cluster_reason": "low density",
        "alt_hypothesis": "burst scan",
        "attack_ref": "DDoS"
      },
      "C": {
        "label": 1,
        "self_conf": 0.2,
        "rationale": "High packet frequency during weekdays",
        "key_features": "dst_ip_freq: high",
        "cluster_novel": "no",
        "cluster_reason": "Low density",
        "alt_hypothesis": "Possible malware activity",
        "attack_ref": "Malware detected"
      }
    },
    "R2": {
      "A": {
        "self_conf_before": 0.2,
        "peer_scores": 0.2,
        "critique": "I agree with the tri-view label because the cluster ID is 92, which is a known attack type.",
        "revise_label": {
          "changed": true,
          "new_label": 1,
          "reason": "High packet frequency during weekdays"
        },
        "self_conf_after": 0.2,
        "clarifying_question": "What is the reason for the peer's change in labeling the anomaly as 1, and what is the new label they suggest?"
      },
      "B": {
        "self_conf_before": 0.2,
        "peer_scores": 0.2,
        "critique": "I agree with the tri-view label because the cluster ID is 92, which is a known attack type.",
        "changed": false,
        "new_label": 1,
        "reason": "I have changed my label to 1 because the cluster ID is 92, which is a known attack type.",
        "self_conf_after": 0.2,
        "clarifying_question": "What is the cluster ID of the anomaly?"
      },
      "C": {
        "self_conf_before": 0.2,
        "peer_scores": [
          0.2,
          0.2
        ],
        "critique": "I agree with the peers that the anomaly detected in the tri-view label is an anomaly with a size of 689 and a density of 3.6754712896999266. The cluster ID is 92, and the time is Weekday (Friday). However, my rationale is different. I believe that the anomaly may be a false positive due to the low density and the fact that it occurs only on weekdays. I would like to investigate further before changing the label.",
        "changed": true,
        "new_label": 0,
        "reason": "I am concerned about the low density and the fact that the anomaly only occurs on weekdays, which may indicate a false positive.",
        "self_conf_after": 0.4,
        "clarifying_question": "Could the anomaly be caused by a legitimate but rare event, such as a bot bot attacking during the weekend?"
      }
    },
    "R3": {
      "A": {},
      "B": {},
      "C": {
        "label": 1,
        "self_conf": 0.2,
        "rationale": "High packet frequency during weekdays",
        "key_features": "dst_ip_freq: high",
        "cluster_novel": "no",
        "cluster_reason": "Low density",
        "alt_hypothesis": "Possible malware activity",
        "attack_ref": "Malware detected"
      }
    },
    "judge": {
      "_raw_output": "{\n  \"final_label\": 1,\n  \"confidence\": 0.6,\n  \"winning_agent\": \"C\",\n  \"reason\": \"Agent C's label of 1 is consistent with the majority vote, and their confidence is the highest among the agents at 0.2. While Agents A and B also label the anomaly as 1, their confidences are the same as their initial confidences, indicating a lack of certainty in their labels. Agent C's rationale of high packet frequency during weekdays also aligns with some of the key features provided by Agents A and B. Therefore, Agent C's label is considered the winning label.\""
    }
  }
}