{
  "sample_summary": {
    "sample_id": "7-5",
    "tri_view_label": 1,
    "slm_final_vote": 1,
    "confidence": 0.6,
    "referee_label": 1
  },
  "debate_dynamics": {
    "dominant_agent": "A",
    "least_agent": "B"
  },
  "_rounds": {
    "R1": {
      "A": {},
      "B": {
        "label": 1,
        "self_conf": 0.2,
        "rationale": "I agree with the tri-view label because the cluster ID is 172, which is a known anomaly cluster. The cluster has a high density and is located close to the target, which increases the likelihood of an attack. Additionally, the cluster has a high duration and a high max_packets_len, which are also indicators of an attack.",
        "key_features": "dst_ip_freq: high, dns_domain_name_freq: high, duration: high, max_packets_len: high",
        "cluster_novel": "yes",
        "cluster_reason": "high density and proximity to target",
        "alt_hypothesis": "DDoS attack",
        "attack_ref": "DDoS"
      },
      "C": {
        "label": 1,
        "self_conf": 0.2,
        "rationale": "High packet frequency during weekdays",
        "key_features": "dst_ip_freq: high",
        "cluster_novel": "no",
        "cluster_reason": "Low density",
        "alt_hypothesis": "Possible malware activity",
        "attack_ref": "Malware detected"
      }
    },
    "R2": {
      "A": {
        "self_conf_before": 0.2,
        "peer_scores": 0.2,
        "critique": "I agree with the tri-view label because the cluster ID is 172, which is a known anomaly cluster. The cluster has a high density and is located close to the target, which increases the likelihood of an attack. Additionally, the cluster has a high duration and a high max_packets_len, which are also indicators of an attack.",
        "revise_label": {
          "changed": true,
          "new_label": 1,
          "reason": "High packet frequency during weekdays"
        },
        "self_conf_after": 0.2,
        "clarifying_question": ""
      },
      "B": {
        "revise_label": {
          "changed": false,
          "new_label": null,
          "reason": ""
        }
      },
      "C": {
        "self_conf_before": 0.2,
        "peer_scores": [
          0.2,
          0.1
        ],
        "critique": "I agree with the tri-view label because the cluster ID is 172, which is a known anomaly cluster. The cluster has a high density and is located close to the target, which increases the likelihood of an attack. Additionally, the cluster has a high duration and a high max_packets_len, which are also indicators of an attack.",
        "changed": true,
        "new_label": 1,
        "reason": "I changed the label to 1 because the revised rationale suggests that the attack is more likely to come from the cluster.",
        "self_conf_after": 0.5,
        "clarifying_question": "Is there any evidence other than the cluster ID to support the tri-view label?"
      }
    },
    "R3": {
      "A": {},
      "B": {},
      "C": {}
    },
    "judge": {
      "final_label": 1,
      "confidence": 0.6,
      "winning_agent": "C",
      "reason": "Agent C's revised rationale, 'I changed the label to 1 because the revised rationale suggests that the attack is more likely to come from the cluster,' aligns with the tri-view label and has a higher confidence level than Agent A and B's initial proposals. Agent B's proposal was not revised, and Agent A did not provide a revised proposal in this round."
    }
  }
}