{
  "sample_summary": {
    "sample_id": "7-6",
    "tri_view_label": 1,
    "slm_final_vote": 1,
    "confidence": 0.6,
    "referee_label": 1
  },
  "debate_dynamics": {
    "dominant_agent": "A",
    "least_agent": "A"
  },
  "_rounds": {
    "R1": {
      "A": {
        "label": 1,
        "self_conf": 0.2,
        "rationale": "The anomaly detected in the tri-view label is an anomaly with a tri-view label of 1 (anomaly) and confidence of 0.2. The cluster ID is 172, with size of 104, density of 4.773229507054714, and distance of 0.36128651868787176. The time was Weekday (Friday).",
        "key_features": [
          "dst_ip_freq: -0.3183606169854546",
          "dns_domain_name_freq: 1.4045859516912094",
          "duration: -0.1919549751824215",
          "max_packets_len: 0.6938876922705691"
        ],
        "cluster_novel": "unknown",
        "cluster_reason": "unknown",
        "alt_hypothesis": "burst scan",
        "attack_ref": "DDoS"
      },
      "B": {
        "label": 1,
        "self_conf": 0.2,
        "rationale": "I agree with the tri-view label because the cluster ID is 172, which is a known attack type (DDoS) and the cluster size is 104, which is larger than the average cluster size of 4.773229507054714. The cluster density is also higher than the average density of 4.773229507054714, which indicates a higher likelihood of an attack. The cluster is also located closer to the source IP address, which suggests a possible DDoS attack. The cluster duration is also shorter than the average duration of 0.191954975182421, which could be a sign of a fast-moving attack. Therefore, I agree with the tri-view label and the cluster reason.",
        "key_features": "dst_ip_freq: high, dns_domain_name_freq: high, duration: short, max_packets_len: high",
        "cluster_novel": "yes",
        "cluster_reason": "high density, close to source IP",
        "alt_hypothesis": "DDoS attack",
        "attack_ref": "DDoS"
      },
      "C": {
        "label": 1,
        "self_conf": 0.2,
        "rationale": "High packet frequency during weekdays",
        "key_features": "dst_ip_freq: high",
        "cluster_novel": "no",
        "cluster_reason": "Low density",
        "alt_hypothesis": "Possible malware activity",
        "attack_ref": "Malware"
      }
    },
    "R2": {
      "A": {
        "revise_label": {
          "changed": false,
          "new_label": null,
          "reason": ""
        }
      },
      "B": {
        "revise_label": {
          "changed": false,
          "new_label": null,
          "reason": ""
        }
      },
      "C": {
        "self_conf_before": 0.2,
        "peer_scores": [
          0.2,
          0.2
        ],
        "critique": "I agree with the tri-view label because the cluster ID and density suggest a higher likelihood of an attack. However, the rationale provided by peer A suggests a DDoS attack based on the shorter duration and location of the cluster. I would need more information to determine the final label.",
        "changed": false,
        "new_label": 1,
        "reason": "I agree with the tri-view label but need more information to determine the final label.",
        "self_conf_after": 0.4,
        "clarifying_question": "What additional information would be needed to determine the final label?"
      }
    },
    "R3": {
      "A": {
        "label": 1,
        "self_conf": 0.4,
        "rationale": "The anomaly detected in the tri-view label is an anomaly with a tri-view label of 1 (anomaly) and confidence of 0.4. The cluster ID is 172, with size of 104, density of 4.773229507054714, and distance of 0.36128651868787176. The time was Weekday (Friday).",
        "key_features": [
          "dst_ip_freq: -0.3183606169854546",
          "dns_domain_name_freq: 1.4045859516912094",
          "duration: -0.1919549751824215",
          "max_packets_len: 0.6938876922705691"
        ],
        "cluster_novel": "unknown",
        "cluster_reason": "unknown",
        "alt_hypothesis": "burst scan",
        "attack_ref": "DDoS",
        "revise_label": {
          "changed": false,
          "new_label": null,
          "reason": ""
        }
      },
      "B": {
        "need_more_info": true,
        "questions": [
          "What additional information would be needed to determine the final label?"
        ]
      },
      "C": {
        "label": 1,
        "self_conf": 0.2,
        "rationale": "High packet frequency during weekdays",
        "key_features": "dst_ip_freq: high",
        "cluster_novel": "no",
        "cluster_reason": "Low density",
        "alt_hypothesis": "Possible malware activity",
        "attack_ref": "Malware"
      }
    },
    "judge": {
      "final_label": 1,
      "confidence": 0.6,
      "winning_agent": "A",
      "reason": "Agent A's rationale provides a comprehensive analysis of the anomaly based on the given data, including the tri-view label, cluster size, density, and distance. While Agent B's rationale also supports the tri-view label, Agent A's rationale provides more detail and justification for the label. Agent C's rationale is not as strong as the other agents and does not provide enough information to determine the final label."
    }
  }
}