{
  "sample_summary": {
    "sample_id": "7-8",
    "tri_view_label": 1,
    "slm_final_vote": 1,
    "confidence": 0.8,
    "referee_label": 1
  },
  "debate_dynamics": {
    "dominant_agent": "A",
    "least_agent": "C"
  },
  "_rounds": {
    "R1": {
      "A": {
        "label": 1,
        "self_conf": 0.2,
        "rationale": "The anomaly detected in the tri-view label is an anomaly with a size of 117 and a density of 5.8020268461205315. The cluster ID is 243, and the time is Weekday (Friday).",
        "key_features": [
          "dst_ip_freq: -0.3183606169854546",
          "dns_domain_name_freq: 1.4045859516912094"
        ],
        "cluster_novel": "no",
        "cluster_reason": "unknown",
        "alt_hypothesis": "burst scan",
        "attack_ref": "DDoS"
      },
      "B": {
        "label": 1,
        "self_conf": 0.2,
        "rationale": "I agree with the tri-view label because the cluster ID is 243, which is a known anomaly.",
        "key_features": "dst_ip_freq: high, dns_domain_name_freq: high, duration: high, max_packets_len: high",
        "cluster_novel": "yes",
        "cluster_reason": "high density",
        "alt_hypothesis": "burst scan",
        "attack_ref": "DDoS"
      },
      "C": {
        "label": 1,
        "self_conf": 0.2,
        "rationale": "Low density of dst_ip_freq and dns_domain_name_freq suggest potential outlier",
        "key_features": "dst_ip_freq: high, dns_domain_name_freq: low",
        "cluster_novel": "no",
        "cluster_reason": "Low density of features suggests potential outlier",
        "alt_hypothesis": "Possible DNS attack based on low density of DNS features",
        "attack_ref": "DNS attack"
      }
    },
    "R2": {
      "A": {
        "self_conf_before": 0.2,
        "peer_scores": 0.2,
        "critique": "I agree with the tri-view label because the cluster ID is 243, which is a known anomaly.",
        "revise_label": {
          "changed": true,
          "new_label": 1,
          "reason": "Low density of dst_ip_freq and dns_domain_name_freq suggest potential outlier"
        },
        "self_conf_after": 0.2,
        "clarifying_question": "What is the potential outlier that was identified in the peer responses, and why was it identified as such?"
      },
      "B": {
        "self_conf_before": 0.2,
        "peer_scores": 0.2,
        "critique": "I agree with the tri-view label because the cluster ID is 243, which is a known anomaly.",
        "changed": true,
        "new_label": 1,
        "reason": "I changed my label because the cluster ID is 243, which is a known anomaly.",
        "self_conf_after": 0.2,
        "clarifying_question": "What is the cluster ID of the anomaly?"
      },
      "C": {
        "self_conf_before": 0.2,
        "peer_scores": [
          0.2,
          0.2
        ],
        "critique": "I agree with the tri-view label because the cluster ID is 243, which is a known anomaly.",
        "changed": true,
        "new_label": 1,
        "reason": "I believe the low density of features suggests a potential DNS attack based on the tri-view label.",
        "self_conf_after": 0.8,
        "clarifying_question": "Could the low density of features be caused by a legitimate factor, such as a temporary outlier or an issue with the data collection process?"
      }
    },
    "R3": {
      "A": {
        "need_more_info": true,
        "questions": [
          {
            "label": "What is the potential outlier that was identified in the peer responses, and why was it identified as such?",
            "self_conf": 0.2,
            "clarifying_question": "What is the potential outlier that was identified in the peer responses, and why was it identified as such?"
          }
        ]
      },
      "B": {
        "need_more_info": false,
        "questions": [
          "What is the potential outlier that was identified in the peer responses, and why was it identified as such?",
          "Could the low density of features be caused by a legitimate factor, such as a temporary outlier or an issue with the data collection process?"
        ]
      },
      "C": {
        "label": 1,
        "self_conf": 0.2,
        "rationale": "Low density of dst_ip_freq and dns_domain_name_freq suggest potential outlier",
        "key_features": "dst_ip_freq: high, dns_domain_name_freq: low",
        "cluster_novel": "no",
        "cluster_reason": "Low density of features suggests potential outlier",
        "alt_hypothesis": "Possible DNS attack based on low density of DNS features",
        "attack_ref": "DNS attack"
      }
    },
    "judge": {
      "final_label": 1,
      "confidence": 0.8,
      "winning_agent": "C",
      "reason": "Agent C identified a potential DNS attack based on the low density of DNS features, which is a valid hypothesis. While Agents A and B also identified the anomaly, their justifications were not as specific or compelling as Agent C's."
    }
  }
}