{
  "sample_summary": {
    "sample_id": "7-9",
    "tri_view_label": 1,
    "slm_final_vote": 1,
    "confidence": 0.5,
    "referee_label": null
  },
  "debate_dynamics": {
    "dominant_agent": "A",
    "least_agent": "B"
  },
  "_rounds": {
    "R1": {
      "A": {
        "label": 1,
        "self_conf": 0.2,
        "rationale": "The anomaly detected in the tri-view label is an anomaly with a tri-view label of 1 (anomaly) and confidence of 0.2. The cluster ID is 74, with size of 222, density of 3.8605649545214296, and distance of 0.2644529444266665.",
        "key_features": [
          "dst_ip_freq: -0.3183606169854546",
          "dns_domain_name_freq: 1.4045859516912094"
        ],
        "cluster_novel": "yes",
        "cluster_reason": "low density",
        "alt_hypothesis": "burst scan",
        "attack_ref": "DDoS"
      },
      "B": {},
      "C": {
        "label": 1,
        "self_conf": 0.2,
        "rationale": "High packet frequency during weekdays",
        "key_features": "dst_ip_freq: high",
        "cluster_novel": "no",
        "cluster_reason": "Low density",
        "alt_hypothesis": "Possible malware activity",
        "attack_ref": "Malware detected"
      }
    },
    "R2": {
      "A": {
        "self_conf_before": 0.2,
        "peer_scores": 0.2,
        "critique": "The anomaly detected in the tri-view label is an anomaly with a tri-view label of 1 (anomaly) and confidence of 0.2. The cluster ID is 74, with size of 222, density of 3.8605649545214296, and distance of 0.2644529444266665. The cluster_novel reason is low density. The alt_hypothesis is burst scan. The attack_ref is DDoS.",
        "revise_label": {
          "changed": true,
          "new_label": 1,
          "reason": "The cluster ID is 74, with size of 222, density of 3.8605649545214296, and distance of 0.2644529444266665. The cluster_novel reason is low density. The alt_hypothesis is burst scan. The attack_ref is DDoS."
        },
        "self_conf_after": 0.2,
        "clarifying_question": "What is the cluster ID of the anomaly detected in the tri-view label, and what is the density of the cluster?"
      },
      "B": {
        "revise_label": {
          "changed": false,
          "new_label": null,
          "reason": ""
        }
      },
      "C": {
        "self_conf_before": 0.2,
        "peer_scores": [
          0.2,
          null
        ],
        "critique": "The rationale suggests a malware attack, but the cluster density and distance are not consistent with typical malware patterns.",
        "changed": true,
        "new_label": 1,
        "reason": "The cluster density and distance suggest a more likely scenario other than malware, such as botnet activity or legitimate network traffic with high packet frequency during weekdays.",
        "self_conf_after": 0.8,
        "clarifying_question": "Could the observed anomalies be explained by other factors, such as botnet activity or legitimate network traffic patterns?"
      }
    },
    "R3": {
      "A": {},
      "B": {},
      "C": {}
    },
    "judge": {
      "_raw_output": "{\n  \"final_label\": 1,\n  \"confidence\": 0.8,\n  \"winning_agent\": \"C\",\n  \"reason\": \"Agent C's rationale and revision suggest a more likely scenario of botnet activity or legitimate network traffic patterns based on the cluster density and distance, which is more consistent with the observed data than the burst scan hypothesis proposed by Agent A.\""
    }
  }
}