{
  "sample_summary": {
    "sample_id": "8-0",
    "tri_view_label": 0,
    "slm_final_vote": 0,
    "confidence": 0.5,
    "referee_label": 0
  },
  "debate_dynamics": {
    "dominant_agent": "A",
    "least_agent": "A"
  },
  "_rounds": {
    "R1": {
      "A": {
        "label": 0,
        "self_conf": 0.1,
        "rationale": "The attacker used a combination of IP addresses with high frequency in the DNS domain name and a low frequency in the DDoS attack. The attacker also used a high duration and a low packet length. The attacker's tri-view label is normal, and the cluster ID is 220 with a size of 441, a density of 1.7588077144751366, and a distance of 0.7398796745151358.",
        "key_features": [
          "dst_ip_freq: high",
          "dns_domain_name_freq: high"
        ],
        "cluster_novel": "yes",
        "cluster_reason": "low density",
        "alt_hypothesis": "burst scan",
        "attack_ref": "DDoS"
      },
      "B": {
        "label": 0,
        "self_conf": 0.1,
        "rationale": "I agree with the tri-view label because the cluster ID is 220, which is a known attack type.",
        "key_features": "dst_ip_freq: high, dns_domain_name_freq: low, duration: long, max_packets_len: high",
        "cluster_novel": "no",
        "cluster_reason": "low density",
        "alt_hypothesis": "burst scan",
        "attack_ref": "DDoS"
      },
      "C": {
        "label": 0,
        "self_conf": 0.1,
        "rationale": "Low density of dst_ip_freq and dns_domain_name_freq",
        "key_features": "dst_ip_freq: high, dns_domain_name_freq: high",
        "cluster_novel": "no",
        "cluster_reason": "Low density of both features",
        "alt_hypothesis": "Unknown",
        "attack_ref": "Low density of dst_ip_freq and dns_domain_name_freq"
      }
    },
    "R2": {
      "A": {
        "self_conf_before": 0.1,
        "peer_scores": 0.1,
        "critique": "The attacker used a combination of IP addresses with high frequency in the DNS domain name and a low frequency in the DDoS attack. The attacker also used a high duration and a low packet length. The attacker's tri-view label is normal, and the cluster ID is 220 with a size of 441, a density of 1.7588077144751366, and a distance of 0.7398796745151358.",
        "revise_label": {
          "changed": true,
          "new_label": 0,
          "reason": "Low density of dst_ip_freq and dns_domain_name_freq"
        },
        "self_conf_after": 0.1,
        "clarifying_question": "Based on the peer responses, what can you conclude about the tri-view label of the attacker?"
      },
      "B": {
        "self_conf_before": 0.1,
        "peer_scores": 0.1,
        "critique": "I agree with the tri-view label because the cluster ID is 220, which is a known attack type.",
        "changed": false,
        "new_label": 0,
        "reason": "I changed my label because the cluster ID is 220, which is a known attack type.",
        "self_conf_after": 0.1,
        "clarifying_question": "What is the cluster ID of the attack?"
      },
      "C": {
        "self_conf_before": 0.1,
        "peer_scores": 0.1,
        "critique": "The rationale seems to be based on a single cluster ID and does not provide enough context to determine the attack type. The confidence score is also quite low, indicating a potential misdiagnosis.",
        "changed": false,
        "new_label": 1,
        "reason": "The rationale does not provide sufficient evidence to support the label of 1, suggesting a potential misdiagnosis.",
        "self_conf_after": 0.1,
        "clarifying_question": "Could the attacker be using multiple attack types in different clusters?"
      }
    },
    "R3": {
      "A": {},
      "B": {},
      "C": {
        "label": 0,
        "self_conf": 0.1,
        "rationale": "Low density of dst_ip_freq and dns_domain_name_freq",
        "key_features": "dst_ip_freq: high, dns_domain_name_freq: high",
        "cluster_novel": "no",
        "cluster_reason": "Low density of both features",
        "alt_hypothesis": "Unknown",
        "attack_ref": "Low density of dst_ip_freq and dns_domain_name_freq"
      }
    },
    "judge": {
      "final_label": 0,
      "confidence": 0.5,
      "winning_agent": "C",
      "reason": "Although all agents agree on the label, Agent C's rationale provides a clear explanation of the low density of both features, which is a key aspect of the anomaly detection."
    }
  }
}