{
  "sample_summary": {
    "sample_id": "8-1",
    "tri_view_label": 1,
    "slm_final_vote": 1,
    "confidence": 0.6,
    "referee_label": 1
  },
  "debate_dynamics": {
    "dominant_agent": "A",
    "least_agent": "C"
  },
  "_rounds": {
    "R1": {
      "A": {
        "label": 1,
        "self_conf": 0.1,
        "rationale": "The anomaly detected in the tri-view label is an anomaly with a size of 862 and a density of 1.8428160529069657. The cluster ID is 143, and the time is Weekday (Friday).",
        "key_features": [
          "dst_ip_freq: -1.177564934372228",
          "dns_domain_name_freq: -0.7119602307056717",
          "duration: -0.1921111065040669",
          "max_packets_len: -0.0232419644691591"
        ],
        "cluster_novel": "yes",
        "cluster_reason": "unusual size",
        "alt_hypothesis": "false positive",
        "attack_ref": "DDoS"
      },
      "B": {
        "label": 1,
        "self_conf": 0.1,
        "rationale": "I agree with the tri-view label because the cluster ID is 143, which is known to be an anomaly.",
        "key_features": "dst_ip_freq: high, dns_domain_name_freq: low, duration: long, max_packets_len: high",
        "cluster_novel": "yes",
        "cluster_reason": "low density",
        "alt_hypothesis": "burst scan",
        "attack_ref": "DDoS"
      },
      "C": {
        "label": 1,
        "self_conf": 0.1,
        "rationale": "Low density of dst_ip_freq and dns_domain_name_freq",
        "key_features": "dst_ip_freq: high, dns_domain_name_freq: high",
        "cluster_novel": "no",
        "cluster_reason": "Low density of both features suggests a potential attack",
        "alt_hypothesis": "Possible DNS cache poisoning attack",
        "attack_ref": "DNS cache poisoning"
      }
    },
    "R2": {
      "A": {
        "self_conf_before": 0.1,
        "peer_scores": 0.1,
        "critique": "The anomaly detected in the tri-view label is an anomaly with a size of 862 and a density of 1.8428160529069657. The cluster ID is 143, and the time is Weekday (Friday).",
        "revise_label": {
          "changed": true,
          "new_label": 1,
          "reason": "Low density of dst_ip_freq and dns_domain_name_freq"
        },
        "self_conf_after": 0.1,
        "clarifying_question": "Is the anomaly detected in the tri-view label an anomaly with a size of 862 and a density of 1.8428160529069657, or is it an anomaly with a size of 862 and a density of 1.8428160529069657, but with a cluster ID of 143, and the time is Weekday (Friday)?"
      },
      "B": {
        "self_conf_before": 0.1,
        "peer_scores": 0.1,
        "critique": "I agree with the tri-view label because the cluster ID is 143, which is known to be an anomaly.",
        "changed": false,
        "new_label": 1,
        "reason": "I changed my label because the cluster ID is known to be an anomaly.",
        "self_conf_after": 0.1,
        "clarifying_question": "What is the cluster ID of the anomaly?"
      },
      "C": {
        "self_conf_before": 0.1,
        "peer_scores": [
          0.1,
          0.1
        ],
        "critique": "I agree with the tri-view label because the cluster ID is 143, which is known to be an anomaly.",
        "changed": true,
        "new_label": 1,
        "reason": "I changed the label to 1 because the cluster ID and time suggest an anomaly, which aligns with the tri-view label.",
        "self_conf_after": 0.3,
        "clarifying_question": "Is the density of 1.8428160529069657 statistically significant compared to other anomalies in the dataset?"
      }
    },
    "R3": {
      "A": {},
      "B": {
        "need_more_info": false,
        "questions": []
      },
      "C": {
        "label": 1,
        "self_conf": 0.1,
        "rationale": "I agree with the tri-view label because the cluster ID is 143, which is known to be an anomaly.",
        "key_features": "dst_ip_freq: high, dns_domain_name_freq: high",
        "cluster_novel": "no",
        "cluster_reason": "Low density of both features suggests a potential attack",
        "alt_hypothesis": "Possible DNS cache poisoning attack",
        "attack_ref": "DNS cache poisoning"
      }
    },
    "judge": {
      "final_label": 1,
      "confidence": 0.6,
      "winning_agent": "C",
      "reason": "Agent C's label aligns with the tri-view label, and their confidence in their label is low. However, their rationale of 'Low density of both features suggests a potential attack' is a valid reason for detecting an anomaly. Since Agent C's hypothesis is 'Possible DNS cache poisoning attack,' which is a type of DDoS attack, it aligns with Agent A and B's attack reference. Therefore, Agent C's argument is the most compelling."
    }
  }
}