{
  "sample_summary": {
    "sample_id": "8-4",
    "tri_view_label": 1,
    "slm_final_vote": 1,
    "confidence": 0.8,
    "referee_label": 1
  },
  "debate_dynamics": {
    "dominant_agent": "A",
    "least_agent": "B"
  },
  "_rounds": {
    "R1": {
      "A": {
        "label": 1,
        "self_conf": 0.1,
        "rationale": "The anomaly detected in the tri-view label is an anomaly with a size of 817 and a density of 2.0209873573552852. The cluster ID is 266, and the time is Weekday (Friday).",
        "key_features": [
          "dst_ip_freq: -1.177564934372228",
          "dns_domain_name_freq: -0.7119320322726737",
          "duration: -0.1920686879013468",
          "max_packets_len: -0.1666678958171047"
        ],
        "cluster_novel": "yes",
        "cluster_reason": "unusual size",
        "alt_hypothesis": "false positive",
        "attack_ref": "DDoS"
      },
      "B": {
        "label": 1,
        "self_conf": 0.1,
        "rationale": "I agree with the tri-view label because the cluster ID is 266, which is a known anomaly cluster. The cluster size is 817, which is larger than the average cluster size of 5. The cluster density is 2.0209873573552852, which is higher than the average cluster density of 1.5. The cluster is also located in a high-traffic area, which increases the likelihood of anomalies. The cluster is also very dense, which means that the signals are clustered together and may be difficult to analyze. The cluster is also far from the center of the network, which means that the signals are more spread out and may be harder to detect. I think that the cluster is a good candidate for anomaly detection, and I recommend that the network administrator should investigate it further.",
        "key_features": "dst_ip_freq: high, dns_domain_name_freq: low, duration: long, max_packets_len: high",
        "cluster_novel": "yes",
        "cluster_reason": "high density, high traffic",
        "alt_hypothesis": "DDoS attack",
        "attack_ref": "DDoS"
      },
      "C": {
        "label": 1,
        "self_conf": 0.1,
        "rationale": "Low density of DNS requests during weekdays",
        "key_features": "dst_ip_freq: high",
        "cluster_novel": "no",
        "cluster_reason": "Low density of DNS requests",
        "alt_hypothesis": "Potential malware activity",
        "attack_ref": "Malware"
      }
    },
    "R2": {
      "A": {
        "self_conf_before": 0.1,
        "peer_scores": 0.1,
        "critique": "The anomaly detected in the tri-view label is an anomaly with a size of 817 and a density of 2.0209873573552852. The cluster ID is 266, and the time is Weekday (Friday).",
        "revise_label": {
          "changed": true,
          "new_label": 1,
          "reason": "The cluster ID is 266, and the time is Weekday (Friday)."
        },
        "self_conf_after": 0.1,
        "clarifying_question": "Is the cluster ID 266 a good candidate for anomaly detection, and why or why not?"
      },
      "B": {
        "revise_label": {
          "changed": false,
          "new_label": null,
          "reason": ""
        }
      },
      "C": {
        "revise_label": {
          "changed": false,
          "new_label": null,
          "reason": ""
        }
      }
    },
    "R3": {
      "A": {},
      "B": {},
      "C": {
        "need_more_info": true,
        "questions": [
          "Is the cluster ID 266 a good candidate for anomaly detection, and why or why not?"
        ]
      }
    },
    "judge": {
      "final_label": 1,
      "confidence": 0.8,
      "winning_agent": "A",
      "reason": "Both Agents A and B identified the same anomaly with the same label (1), and Agent A provided a clear justification for the anomaly being a good candidate for anomaly detection based on the cluster ID and time. While Agent B provided additional context, it did not contradict or weaken Agent A's argument. Agent C did not provide a clear argument for or against the anomaly being an anomaly, and instead asked for more information. Therefore, Agent A's argument is considered the strongest and most persuasive."
    }
  }
}