{
  "sample_summary": {
    "sample_id": "8-5",
    "tri_view_label": 1,
    "slm_final_vote": 1,
    "confidence": 0.6,
    "referee_label": 1
  },
  "debate_dynamics": {
    "dominant_agent": "A",
    "least_agent": "B"
  },
  "_rounds": {
    "R1": {
      "A": {
        "label": 1,
        "self_conf": 0.2,
        "rationale": "The anomaly detected in the tri-view label is an anomaly with a size of 274 and a density of 3.4254254096157744. The cluster ID is 24, and the time is Weekday (Friday).",
        "key_features": [
          "dst_ip_freq: high",
          "dns_domain_name_freq: low"
        ],
        "cluster_novel": "unknown",
        "cluster_reason": "unknown",
        "alt_hypothesis": "burst scan",
        "attack_ref": "DDoS"
      },
      "B": {
        "label": 1,
        "self_conf": 0.2,
        "rationale": "I agree with the tri-view label because the cluster ID is 24, which is a known anomaly. The cluster size is 274, which is larger than the average cluster size of 3.425, and the density is 3.425, which is higher than the average density of 3.425. The cluster is also located in a different time zone, which could indicate a shift in the network behavior. The cluster is also close to the source of the attack, which could be a sign of a local attack. Therefore, I think the cluster is an anomaly and deserves a label of 1.",
        "key_features": "dst_ip_freq: high, dns_domain_name_freq: high, duration: high, max_packets_len: high",
        "cluster_novel": "yes",
        "cluster_reason": "large size, high density, different time zone, close to source",
        "alt_hypothesis": "local attack",
        "attack_ref": "DDoS"
      },
      "C": {
        "label": 1,
        "self_conf": 0.2,
        "rationale": "High packet frequency during weekdays",
        "key_features": "dst_ip_freq: high",
        "cluster_novel": "no",
        "cluster_reason": "Low density",
        "alt_hypothesis": "Possible malware activity",
        "attack_ref": "Malware detected"
      }
    },
    "R2": {
      "A": {
        "self_conf_before": 0.2,
        "peer_scores": 0.2,
        "critique": "The anomaly detected in the tri-view label is an anomaly with a size of 274 and a density of 3.4254254096157744. The cluster ID is 24, and the time is Weekday (Friday). The cluster is also close to the source of the attack, which could be a sign of a local attack. Therefore, I think the cluster is an anomaly and deserves a label of 1.",
        "revise_label": {
          "changed": true,
          "new_label": 1,
          "reason": "The cluster is an anomaly and deserves a label of 1."
        },
        "self_conf_after": 0.2,
        "clarifying_question": "What is the significance of the cluster's size, density, and location in relation to the anomaly detected in the tri-view label?"
      },
      "B": {
        "revise_label": {
          "changed": false,
          "new_label": null,
          "reason": ""
        }
      },
      "C": {
        "self_conf_before": 0.2,
        "peer_scores": 0.2,
        "critique": "I agree with the peers that the cluster is an anomaly and deserves a label of 1. However, I have a different rationale based on the tri-view label. My rationale mentions the high packet frequency during weekdays, which is not explicitly mentioned in the peers' rationale.",
        "changed": false,
        "new_label": 1,
        "reason": "I have a different perspective on the cluster based on the tri-view label. While the peers focus on the cluster's characteristics, I also consider the context of the high packet frequency during weekdays.",
        "self_conf_after": 0.4,
        "clarifying_question": "Could the high packet frequency be influenced by a combination of factors, such as malware activity and legitimate network traffic? How can we further investigate the cause of the anomaly?"
      }
    },
    "R3": {
      "A": {},
      "B": {},
      "C": {
        "label": 1,
        "self_conf": 0.2,
        "rationale": "High packet frequency during weekdays",
        "key_features": "dst_ip_freq: high",
        "cluster_novel": "no",
        "cluster_reason": "Low density",
        "alt_hypothesis": "Possible malware activity",
        "attack_ref": "Malware detected"
      }
    },
    "judge": {
      "final_label": 1,
      "confidence": 0.6,
      "winning_agent": "C",
      "reason": "Agent C's rationale, while similar to the others, introduces a new perspective by focusing on the context of the high packet frequency during weekdays. This perspective is not explicitly mentioned by the other agents and could provide valuable insights into the cause of the anomaly."
    }
  }
}