{
  "sample_summary": {
    "sample_id": "8-6",
    "tri_view_label": 1,
    "slm_final_vote": 1,
    "confidence": 0.5,
    "referee_label": null
  },
  "debate_dynamics": {
    "dominant_agent": "A",
    "least_agent": "C"
  },
  "_rounds": {
    "R1": {
      "A": {
        "label": 1,
        "self_conf": 0.2,
        "rationale": "The anomaly detected in the tri-view label is an anomaly with a size of 148 and a density of 1.1905426338482874. The cluster ID is 28, and the time is Weekday (Friday).",
        "key_features": [
          "dst_ip_freq: -1.177564934372228",
          "dns_domain_name_freq: -0.7119602307056717",
          "duration: -0.1920197297877835",
          "max_packets_len: 0.4070358295746778"
        ],
        "cluster_novel": "no",
        "cluster_reason": "unknown",
        "alt_hypothesis": "burst scan",
        "attack_ref": "DDoS"
      },
      "B": {
        "label": 1,
        "self_conf": 0.2,
        "rationale": "I agree with the tri-view label because the cluster is dense and has a high density.",
        "key_features": "dst_ip_freq: high, dns_domain_name_freq: low, duration: high, max_packets_len: high",
        "cluster_novel": "yes",
        "cluster_reason": "high density",
        "alt_hypothesis": "burst scan",
        "attack_ref": "DDoS"
      },
      "C": {
        "label": 1,
        "self_conf": 0.2,
        "rationale": "Low packet density on Friday",
        "key_features": "dst_ip_freq: high",
        "cluster_novel": "no",
        "cluster_reason": "Low density",
        "alt_hypothesis": "Possibly malicious activity",
        "attack_ref": "Low density attack"
      }
    },
    "R2": {
      "A": {
        "self_conf_before": 0.2,
        "peer_scores": 0.2,
        "critique": "I agree with the tri-view label because the cluster is dense and has a high density.",
        "revise_label": {
          "changed": true,
          "new_label": 1,
          "reason": "Low packet density on Friday"
        },
        "self_conf_after": 0.2,
        "clarifying_question": "Why did the peer revise your label to 1?"
      },
      "B": {
        "self_conf_before": 0.2,
        "peer_scores": 0.2,
        "critique": "I agree with the tri-view label because the cluster is dense and has a high density.",
        "changed": false,
        "new_label": 1,
        "reason": "I have changed my label to 1 because the cluster is dense and has a high density.",
        "self_conf_after": 0.2,
        "clarifying_question": "What is the cluster size and density?"
      },
      "C": {
        "self_conf_before": 0.2,
        "peer_scores": [
          0.2,
          0.2
        ],
        "critique": "My rationale still holds, but the peer scores suggest a higher level of confidence in the tri-view label.",
        "changed": false,
        "new_label": 1,
        "reason": "The peer scores suggest a higher level of confidence in the tri-view label, which I agree with.",
        "self_conf_after": 0.8,
        "clarifying_question": "Is the cluster size the only factor to consider when interpreting the density of an anomaly?"
      }
    },
    "R3": {
      "A": {},
      "B": {
        "need_more_info": false,
        "questions": [
          "What is the cluster size and density?"
        ]
      },
      "C": {
        "need_more_info": false,
        "questions": [
          "What is the cluster size and density?"
        ]
      }
    },
    "judge": {
      "_raw_output": "{\n  \"final_label\": 1,\n  \"confidence\": 0.8,\n  \"winning_agent\": \"C\",\n  \"reason\": \"The peer scores suggest a higher level of confidence in the tri-view label, which aligns with Agent C's reasoning of low packet density on Friday being consistent with a DDoS attack, a known low density attack type.\""
    }
  }
}