{
  "sample_summary": {
    "sample_id": "8-7",
    "tri_view_label": 1,
    "slm_final_vote": 1,
    "confidence": 0.8,
    "referee_label": 1
  },
  "debate_dynamics": {
    "dominant_agent": "A",
    "least_agent": "C"
  },
  "_rounds": {
    "R1": {
      "A": {
        "label": 1,
        "self_conf": 0.2,
        "rationale": "Anomaly detected due to high frequency of destination IP addresses and low packet size.",
        "key_features": [
          "dst_ip_freq: high"
        ],
        "cluster_novel": "unknown",
        "cluster_reason": "unusual size",
        "alt_hypothesis": "burst scan",
        "attack_ref": "DDoS"
      },
      "B": {
        "label": 1,
        "self_conf": 0.2,
        "rationale": "The sample is far from cluster center",
        "key_features": "dst_ip_freq: high, dns_domain_name_freq: low, duration: long",
        "cluster_novel": "yes",
        "cluster_reason": "sample is far from cluster center",
        "alt_hypothesis": "burst scan",
        "attack_ref": "DDoS"
      },
      "C": {
        "label": 1,
        "self_conf": 0.2,
        "rationale": "Low density of dst_ip_freq and dns_domain_name_freq",
        "key_features": "dst_ip_freq: high, dns_domain_name_freq: high",
        "cluster_novel": "no",
        "cluster_reason": "Low density of both features suggests a potential outlier",
        "alt_hypothesis": "Possible malicious activity based on high dst_ip_freq and low dns_domain_name_freq",
        "attack_ref": "Malware scanning"
      }
    },
    "R2": {
      "A": {
        "self_conf_before": 0.2,
        "peer_scores": 0.2,
        "critique": "Anomaly detected due to high frequency of destination IP addresses and low packet size. The sample is far from cluster center and has low density of dst_ip_freq and dns_domain_name_freq. Reason: Burst scan. Cluster novel: unknown. Cluster reason: unusual size. Alt hypothesis: burst scan.",
        "revise_label": {
          "changed": true,
          "new_label": 1,
          "reason": "Burst scan"
        },
        "self_conf_after": 0.2,
        "clarifying_question": "What is the reason for the anomaly detected in the sample, and how does it differ from the cluster's novelty and alt hypothesis?"
      },
      "B": {
        "self_conf_before": 0.2,
        "peer_scores": 0.2,
        "critique": "The sample is far from cluster center",
        "changed": false,
        "new_label": 1,
        "reason": "The sample is far from cluster center",
        "self_conf_after": 0.2,
        "clarifying_question": "What is the cluster center?"
      },
      "C": {
        "self_conf_before": 0.2,
        "peer_scores": [
          0.2,
          0.2
        ],
        "critique": "The rationale seems to contradict the label, as the sample has a high density of destination IP addresses but a low packet size. This suggests an anomaly that may be malicious activity.",
        "changed": true,
        "new_label": 1,
        "reason": "Anomaly detected due to high frequency of destination IP addresses and low packet size.",
        "self_conf_after": 0.8,
        "clarifying_question": "Could the outlier be caused by a legitimate but misconfigured network component, such as a misconfigured firewall or intrusion detection system?"
      }
    },
    "R3": {
      "A": {},
      "B": {
        "need_more_info": false,
        "questions": []
      },
      "C": {
        "need_more_info": false,
        "questions": []
      }
    },
    "judge": {
      "final_label": 1,
      "confidence": 0.8,
      "winning_agent": "C",
      "reason": "Agent C's revised label and justification are consistent with the initial data and provide a clear explanation for the anomaly. Agents A and B's justifications were contradictory or incomplete."
    }
  }
}