{
  "sample_summary": {
    "sample_id": "8-8",
    "tri_view_label": 1,
    "slm_final_vote": 1,
    "confidence": 1.0,
    "referee_label": 1
  },
  "debate_dynamics": {
    "dominant_agent": "A",
    "least_agent": "C"
  },
  "_rounds": {
    "R1": {
      "A": {
        "label": 1,
        "self_conf": 0.2,
        "rationale": "Cluster ID: 143 \u2192 size: 862, density: 1.8428160529069657, dist: 0.8455015766425665",
        "key_features": [
          "dns_domain_name_freq",
          "duration",
          "max_packets_len"
        ],
        "cluster_novel": "unknown",
        "cluster_reason": "unknown",
        "alt_hypothesis": "burst scan",
        "attack_ref": "DDoS"
      },
      "B": {
        "label": 1,
        "self_conf": 0.2,
        "rationale": "The sample is far from the cluster center",
        "key_features": "dst_ip_freq: -1.177564934372228, dns_domain_name_freq: -0.711960230705671, duration: -0.191987230081337, max_packets_len: 0.6938876922705691",
        "cluster_novel": "yes",
        "cluster_reason": "Sample is far from the cluster center",
        "alt_hypothesis": "Sample is far from the cluster center",
        "attack_ref": "unknown"
      },
      "C": {
        "label": 1,
        "self_conf": 0.2,
        "rationale": "Low density of dst_ip_freq and dns_domain_name_freq",
        "key_features": "dst_ip_freq: high, dns_domain_name_freq: high",
        "cluster_novel": "no",
        "cluster_reason": "Low density of both features",
        "alt_hypothesis": "Unknown",
        "attack_ref": "Low density of dst_ip_freq and dns_domain_name_freq"
      }
    },
    "R2": {
      "A": {
        "self_conf_before": 0.2,
        "peer_scores": 0.2,
        "critique": "The sample is far from the cluster center",
        "revise_label": {
          "changed": false,
          "new_label": 1,
          "reason": null
        },
        "self_conf_after": 0.2,
        "clarifying_question": "What is the density of the dst_ip_freq and dns_domain_name_freq features in the sample, and why is it low?"
      },
      "B": {
        "self_conf_before": 0.2,
        "peer_scores": 0.2,
        "critique": "The sample is far from the cluster center",
        "changed": false,
        "new_label": 1,
        "reason": "The sample is far from the cluster center",
        "self_conf_after": 0.2,
        "clarifying_question": "What is the cluster center?"
      },
      "C": {
        "self_conf_before": 0.2,
        "peer_scores": [
          0.2,
          0.2
        ],
        "critique": "Cluster ID: 143 \u2192 size: 862, density: 1.8428160529069657, dist: 0.8455015766425665",
        "changed": true,
        "new_label": 1,
        "reason": "The sample is far from the cluster center",
        "self_conf_after": 0.4,
        "clarifying_question": "What is the reason for the cluster being far from the center?"
      }
    },
    "R3": {
      "A": {},
      "B": {
        "need_more_info": false,
        "questions": [
          "What is the density of the dst_ip_freq and dns_domain_name_freq features in the sample, and why is it low?",
          "What is the reason for the cluster being far from the center?"
        ]
      },
      "C": {
        "label": 1,
        "self_conf": 0.4,
        "rationale": "Low density of dst_ip_freq and dns_domain_name_freq",
        "key_features": "dst_ip_freq: high, dns_domain_name_freq: high",
        "cluster_novel": "no",
        "cluster_reason": "Low density of both features",
        "alt_hypothesis": "Unknown",
        "attack_ref": "Low density of dst_ip_freq and dns_domain_name_freq"
      }
    },
    "judge": {
      "final_label": 1,
      "confidence": 1.0,
      "winning_agent": "C",
      "reason": "Agent C's label and confidence remained consistent throughout the debate, and provided a clear rationale for their label based on the low density of dst_ip_freq and dns_domain_name_features."
    }
  }
}