{
  "sample_summary": {
    "sample_id": "8-9",
    "tri_view_label": 1,
    "slm_final_vote": 1,
    "confidence": 0.8,
    "referee_label": 1
  },
  "debate_dynamics": {
    "dominant_agent": "A",
    "least_agent": "B"
  },
  "_rounds": {
    "R1": {
      "A": {
        "label": 1,
        "self_conf": 0.2,
        "rationale": "The anomaly detected in the tri-view label is an anomaly with a tri-view label of 1 (anomaly) and confidence of 0.2. The cluster ID is 24, with size of 274, density of 3.4254254096157744, and dist of 0.21617054248919196. The time was Weekday (Friday).",
        "key_features": [
          "dst_ip_freq: -0.3183606169854546",
          "dns_domain_name_freq: 1.4045859516912094",
          "duration: -0.1919550045918465",
          "max_packets_len: -1.0272234839047787"
        ],
        "cluster_novel": "unknown",
        "cluster_reason": "unknown",
        "alt_hypothesis": "burst scan",
        "attack_ref": "DDoS"
      },
      "B": {
        "label": 1,
        "self_conf": 0.2,
        "rationale": "I agree with the tri-view label because the cluster ID is 24, which is a known anomaly cluster. The cluster has a high density and is located close to the target, which increases the likelihood of an attack. Additionally, the cluster has a high duration and a high max_packets_len, which are also indicators of an attack.",
        "key_features": "dst_ip_freq: high, dns_domain_name_freq: high, duration: high, max_packets_len: high",
        "cluster_novel": "no",
        "cluster_reason": "high density, close to target",
        "alt_hypothesis": "DDoS attack",
        "attack_ref": "DDoS"
      },
      "C": {
        "label": 1,
        "self_conf": 0.2,
        "rationale": "Low density of dst_ip_freq and dns_domain_name_freq",
        "key_features": "dst_ip_freq: high, dns_domain_name_freq: low",
        "cluster_novel": "no",
        "cluster_reason": "Low density of both features suggests a potential attack",
        "alt_hypothesis": "Possible DNS cache poisoning attack",
        "attack_ref": "DNS cache poisoning"
      }
    },
    "R2": {
      "A": {
        "self_conf_before": 0.2,
        "peer_scores": 0.2,
        "critique": "The anomaly detected in the tri-view label is an anomaly with a tri-view label of 1 (anomaly) and confidence of 0.2. The cluster ID is 24, with size of 274, density of 3.4254254096157744, and dist of 0.21617054248919196. The time was Weekday (Friday).",
        "key_features": [
          "dst_ip_freq: -0.3183606169854546",
          "dns_domain_name_freq: 1.4045859516912094",
          "duration: -0.1919550045918465",
          "max_packets_len: -1.0272234839047787"
        ],
        "cluster_novel": "unknown",
        "cluster_reason": "unknown",
        "alt_hypothesis": "burst scan",
        "attack_ref": "DDoS",
        "confidence": 0.2,
        "rationale": "I agree with the tri-view label because the cluster ID is 24, which is a known anomaly cluster. The cluster has a high density and is located close to the target, which increases the likelihood of an attack. Additionally, the cluster has a high duration and a high max_packets_len, which are also indicators of an attack."
      },
      "B": {
        "revise_label": {
          "changed": false,
          "new_label": null,
          "reason": ""
        }
      },
      "C": {
        "self_conf_before": 0.2,
        "peer_scores": 0.2,
        "critique": "I agree with the peers that the anomaly detected in the tri-view label is an anomaly with a tri-view label of 1 (anomaly) and confidence of 0.2. The cluster ID is 24, which is a known anomaly cluster. The cluster has a high density and is located close to the target, which increases the likelihood of an attack. Additionally, the cluster has a high duration and a high max_packets_len, which are also indicators of an attack.",
        "changed": false,
        "new_label": 1,
        "reason": "I have reviewed the cluster and the surrounding network traffic, and I agree with the peers that this is an anomaly that merits further investigation.",
        "self_conf_after": 0.8,
        "clarifying_question": "Could there be other factors contributing to this anomaly besides DNS cache poisoning?"
      }
    },
    "R3": {
      "A": {},
      "B": {},
      "C": {
        "label": 1,
        "self_conf": 0.2,
        "rationale": "Low density of dst_ip_freq and dns_domain_name_freq",
        "key_features": "dst_ip_freq: high, dns_domain_name_freq: low",
        "cluster_novel": "no",
        "cluster_reason": "Low density of both features suggests a potential attack",
        "alt_hypothesis": "Possible DNS cache poisoning attack",
        "attack_ref": "DNS cache poisoning"
      }
    },
    "judge": {
      "final_label": 1,
      "confidence": 0.8,
      "winning_agent": "C",
      "reason": "Agent C's hypothesis of a possible DNS cache poisoning attack is a valid alternative explanation for the anomaly, given the low density of dst_ip_freq and dns_domain_name_freq. While the majority of agents agree on the anomaly label, Agent C's hypothesis adds value by expanding the investigation beyond the initial assumption of a DDoS attack."
    }
  }
}