{
  "sample_summary": {
    "sample_id": "9-1",
    "tri_view_label": 1,
    "slm_final_vote": 1,
    "confidence": 1.0,
    "referee_label": 1
  },
  "debate_dynamics": {
    "dominant_agent": "A",
    "least_agent": "C"
  },
  "_rounds": {
    "R1": {
      "A": {
        "label": 1,
        "self_conf": 0.2,
        "rationale": "The anomaly detected in the tri-view label is an anomaly with a size of 65 and a density of 6.5534006072654085. The cluster ID is 243, and the time is Weekday (Friday).",
        "key_features": [
          "dst_ip_freq: high",
          "dns_domain_name_freq: 1.4045859516912094"
        ],
        "cluster_novel": "yes",
        "cluster_reason": "unknown",
        "alt_hypothesis": "burst scan",
        "attack_ref": "DDoS"
      },
      "B": {
        "label": 1,
        "self_conf": 0.2,
        "rationale": "I agree with the tri-view label because the cluster ID is 243, which is a known anomaly.",
        "key_features": "dst_ip_freq: high, dns_domain_name_freq: high, duration: high, max_packets_len: high",
        "cluster_novel": "yes",
        "cluster_reason": "low density",
        "alt_hypothesis": "burst scan",
        "attack_ref": "DDoS"
      },
      "C": {
        "label": 1,
        "self_conf": 0.2,
        "rationale": "Low density of dst_ip_freq and dns_domain_name_freq",
        "key_features": "dst_ip_freq: high, dns_domain_name_freq: low",
        "cluster_novel": "no",
        "cluster_reason": "Low density of both features suggests a potential attack",
        "alt_hypothesis": "Possible DNS cache poisoning attack",
        "attack_ref": "DNS cache poisoning"
      }
    },
    "R2": {
      "A": {
        "self_conf_before": 0.2,
        "peer_scores": 0.2,
        "critique": "The anomaly detected in the tri-view label is an anomaly with a size of 65 and a density of 6.5534006072654085. The cluster ID is 243, and the time is Weekday (Friday).",
        "revise_label": {
          "changed": true,
          "new_label": 1,
          "reason": "The cluster ID is 243, and the time is Weekday (Friday)."
        },
        "self_conf_after": 0.2,
        "clarifying_question": "What is the reason for the change in the cluster ID from 1 to 243, and what is the time period for which the anomaly is detected?"
      },
      "B": {
        "self_conf_before": 0.2,
        "peer_scores": 0.2,
        "critique": "I agree with the tri-view label because the cluster ID is 243, which is a known anomaly.",
        "changed": false,
        "new_label": 1,
        "reason": "I changed my label because the cluster ID is a known anomaly.",
        "self_conf_after": 0.2,
        "clarifying_question": "What is the cluster ID of the anomaly?"
      },
      "C": {
        "self_conf_before": 0.2,
        "peer_scores": [
          0.2,
          0.2
        ],
        "critique": "I agree with the peers that the anomaly detected in the tri-view label is an anomaly with a size of 65 and a density of 6.5534006072654085. The cluster ID is 243, and the time is Weekday (Friday).",
        "changed": true,
        "new_label": 1,
        "reason": "I changed the label to 1 because the revised confidence (0.8) is above the threshold (0.5) set by the reviewers.",
        "self_conf_after": 0.8,
        "clarifying_question": "Is the size of 65 significant in this context? Why did the reviewers set a threshold of 0.5?"
      }
    },
    "R3": {
      "A": {},
      "B": {},
      "C": {
        "need_more_info": false,
        "questions": [
          "What is the reason for the change in the cluster ID from 1 to 243, and what is the time period for which the anomaly is detected?"
        ]
      }
    },
    "judge": {
      "final_label": 1,
      "confidence": 1.0,
      "winning_agent": "C",
      "reason": "Agent C changed their label based on the new information provided by Agent A and the revised confidence from the peers, which is above the threshold set by the reviewers. This demonstrates a clear and informed decision-making process."
    }
  }
}