{
  "sample_summary": {
    "sample_id": "9-4",
    "tri_view_label": 1,
    "slm_final_vote": 1,
    "confidence": 0.8,
    "referee_label": 1
  },
  "debate_dynamics": {
    "dominant_agent": "A",
    "least_agent": "C"
  },
  "_rounds": {
    "R1": {
      "A": {
        "label": 1,
        "self_conf": 0.2,
        "rationale": "The sample is far from the cluster center, indicating it is an anomaly.",
        "key_features": [
          "dst_ip_freq: high",
          "dns_domain_name_freq: high"
        ],
        "cluster_novel": "unknown",
        "cluster_reason": "burst scan",
        "alt_hypothesis": "burst scan",
        "attack_ref": "DDoS"
      },
      "B": {
        "label": 1,
        "self_conf": 0.2,
        "rationale": "The sample is far from the cluster center.",
        "key_features": "dst_ip_freq: high, dns_domain_name_freq: high, duration: high, max_packets_len: high",
        "cluster_novel": "no",
        "cluster_reason": "sample is far from cluster center",
        "alt_hypothesis": "false positive",
        "attack_ref": "unknown"
      },
      "C": {
        "label": 1,
        "self_conf": 0.2,
        "rationale": "Low density of dst_ip_freq and dns_domain_name_freq suggest potential outlier",
        "key_features": "dst_ip_freq: high, dns_domain_name_freq: high",
        "cluster_novel": "no",
        "cluster_reason": "Low density of features suggests potential outlier",
        "alt_hypothesis": "Possible DNS bot activity",
        "attack_ref": "DNS bot activity"
      }
    },
    "R2": {
      "A": {
        "self_conf_before": 0.2,
        "peer_scores": 0.2,
        "critique": "The sample is far from the cluster center. Low density of dst_ip_freq and dns_domain_name_freq suggest potential outlier.",
        "revise_label": {
          "changed": true,
          "new_label": 1,
          "reason": "The sample is far from the cluster center."
        },
        "self_conf_after": 0.2,
        "clarifying_question": "What factors contributed to the low density of dst_ip_freq and dns_domain_name_freq in the sample, and how does this suggest potential outlier status?"
      },
      "B": {
        "self_conf_before": 0.2,
        "peer_scores": 0.2,
        "critique": "The sample is far from the cluster center, indicating it is an anomaly.",
        "changed": true,
        "new_label": 1,
        "reason": "The sample is far from the cluster center, indicating it is an anomaly.",
        "self_conf_after": 0.2,
        "clarifying_question": "What is the threshold for considering a sample as an outlier?"
      },
      "C": {
        "self_conf_before": 0.2,
        "peer_scores": [
          0.2,
          0.2
        ],
        "critique": "The rationale suggests an outlier, but the sample is close to the cluster center. This inconsistency suggests that the cluster center might be inaccurate.",
        "changed": true,
        "new_label": 1,
        "reason": "The sample is an outlier based on both the label and the rationale, but it is closer to the cluster center than peers A and B.",
        "self_conf_after": 0.8,
        "clarifying_question": "Is the cluster center accurately identified? How confident are the peers in their predictions?"
      }
    },
    "R3": {
      "A": {},
      "B": {
        "need_more_info": false,
        "questions": [
          "What factors contributed to the low density of dst_ip_freq and dns_domain_name_freq in the sample, and how does this suggest potential outlier status?",
          "Is the cluster center accurately identified? How confident are the peers in their predictions?"
        ]
      },
      "C": {
        "label": 1,
        "self_conf": 0.2,
        "rationale": "Low density of dst_ip_freq and dns_domain_name_freq suggest potential outlier",
        "key_features": "dst_ip_freq: high, dns_domain_name_freq: high",
        "cluster_novel": "no",
        "cluster_reason": "Low density of features suggests potential outlier",
        "alt_hypothesis": "Possible DNS bot activity",
        "attack_ref": "DNS bot activity"
      }
    },
    "judge": {
      "final_label": 1,
      "confidence": 0.8,
      "winning_agent": "C",
      "reason": "Agent C's label and rationale are consistent, and they provide a clear justification for the outlier status based on the low density of dst_ip_freq and dns_domain_name_freq. Agents A and B's labels and rationales are similar but lack the specificity and justification provided by Agent C."
    }
  }
}