{
  "sample_summary": {
    "sample_id": "9-7",
    "tri_view_label": 1,
    "slm_final_vote": 1,
    "confidence": 0.6,
    "referee_label": 1
  },
  "debate_dynamics": {
    "dominant_agent": "A",
    "least_agent": "B"
  },
  "_rounds": {
    "R1": {
      "A": {
        "label": 1,
        "self_conf": 0.2,
        "rationale": "The anomaly detected in this packet is likely due to a malicious attacker attempting to evade detection by using a tri-view label of 1 (anomaly) and confidence of 0.2. The cluster ID is 243, with a size of 65, a density of 6.5534006072654085, and a distance of 0.2292479935121482. The time was Weekday (Friday).",
        "key_features": [
          "dst_ip_freq: -0.3183606169854546",
          "dns_domain_name_freq: 1.4045859516912094",
          "duration: -0.191954971670953",
          "max_packets_len: 0.6938876922705691"
        ],
        "cluster_novel": "unknown",
        "cluster_reason": "unknown",
        "alt_hypothesis": "burst scan",
        "attack_ref": "DDoS"
      },
      "B": {
        "label": 1,
        "self_conf": 0.2,
        "rationale": "I agree with the tri-view label because the cluster ID is 243, which is a known anomaly. The cluster size is 65, which is larger than the average cluster size of 5. The density is 6.553, which is higher than the average density of 4. The distance is 0.229, which is closer than the average distance of 0.5. The cluster is also on a Friday, which is a peak time for attacks. Therefore, I think this is a malicious cluster.",
        "key_features": "dst_ip_freq: high, dns_domain_name_freq: high, duration: high, max_packets_len: high",
        "cluster_novel": "yes",
        "cluster_reason": "high density, close distance, peak time",
        "alt_hypothesis": "DDoS attack",
        "attack_ref": "DDoS"
      },
      "C": {
        "label": 1,
        "self_conf": 0.2,
        "rationale": "High packet frequency during weekdays",
        "key_features": "dst_ip_freq: high",
        "cluster_novel": "no",
        "cluster_reason": "Low density",
        "alt_hypothesis": "Possible malware activity",
        "attack_ref": "Malware detected"
      }
    },
    "R2": {
      "A": {
        "self_conf_before": 0.2,
        "peer_scores": 0.2,
        "critique": "I think this cluster is malicious because it has a higher density than the average cluster density of 4, which is higher than the average density of 4. The cluster size is 65, which is larger than the average cluster size of 5. The cluster ID is 243, which is a known anomaly. The cluster is also on a Friday, which is a peak time for attacks. Therefore, I think this is a malicious cluster.",
        "revise_label": {
          "changed": true,
          "new_label": 1,
          "reason": "High packet frequency during weekdays"
        },
        "self_conf_after": 0.2,
        "clarifying_question": "Why do you think this cluster is malicious?"
      },
      "B": {
        "revise_label": {
          "changed": false,
          "new_label": null,
          "reason": ""
        }
      },
      "C": {
        "self_conf_before": 0.2,
        "peer_scores": 0.2,
        "critique": "I agree with the peers that the cluster ID and density are consistent with a malicious cluster, and the time of day is also a peak time for attacks. However, the rationale provided by the peers is more specific and provides additional details about the cluster and its characteristics. Therefore, I would keep the label and confidence.",
        "changed": false,
        "new_label": 1,
        "reason": "Revised rationale based on additional details from the peers.",
        "self_conf_after": 0.4,
        "clarifying_question": "Could the cluster characteristics be deceiving and indicate a legitimate anomaly instead of a malicious one? How can we further validate the cluster's behavior and mitigate such deceptive scenarios?"
      }
    },
    "R3": {
      "A": {},
      "B": {},
      "C": {
        "label": 1,
        "self_conf": 0.2,
        "rationale": "High packet frequency during weekdays",
        "key_features": "dst_ip_freq: high",
        "cluster_novel": "no",
        "cluster_reason": "Low density",
        "alt_hypothesis": "Possible malware activity",
        "attack_ref": "Malware detected"
      }
    },
    "judge": {
      "final_label": 1,
      "confidence": 0.6,
      "winning_agent": "C",
      "reason": "Agent C's label remained consistent throughout the debate, and while the other agents provided valuable insights, their labels changed. Agent C's rationale of 'High packet frequency during weekdays' is a valid reason for labeling this cluster as anomalous."
    }
  }
}