{
  "sample_summary": {
    "sample_id": "9-8",
    "tri_view_label": 1,
    "slm_final_vote": 1,
    "confidence": 0.8,
    "referee_label": 1
  },
  "debate_dynamics": {
    "dominant_agent": "A",
    "least_agent": "B"
  },
  "_rounds": {
    "R1": {
      "A": {
        "label": 1,
        "self_conf": 0.2,
        "rationale": "The anomaly detected in the tri-view label is an anomaly with a size of 144 packets, a density of 3.551846290510375, and a distance of 0.2799413773408261. The cluster ID is 74, and the time is Weekday (Friday).",
        "key_features": [
          "dst_ip_freq: -0.3183606169854546",
          "dns_domain_name_freq: 1.4045859516912094",
          "duration: -0.1919551307523919",
          "max_packets_len: -0.5969456898609417"
        ],
        "cluster_novel": "yes",
        "cluster_reason": "unknown",
        "alt_hypothesis": "burst scan",
        "attack_ref": "DDoS"
      },
      "B": {
        "label": 1,
        "self_conf": 0.2,
        "rationale": "I agree with the tri-view label because the cluster ID is 74, which is a known anomaly cluster. The cluster size is 144, which is larger than the average cluster size of 3.551, and the density is 3.551, which is higher than the average density of 3.551. The cluster is also located in a high-traffic area, which increases the likelihood of anomalies. The cluster is also located on a Friday, which is a busy day for network traffic, and may increase the chances of anomalies. Therefore, I agree with the tri-view label.",
        "key_features": "dst_ip_freq: high, dns_domain_name_freq: high, duration: high, max_packets_len: high",
        "cluster_novel": "yes",
        "cluster_reason": "high density, high traffic",
        "alt_hypothesis": "DDoS attack",
        "attack_ref": "DDoS"
      },
      "C": {
        "label": 1,
        "self_conf": 0.2,
        "rationale": "High packet frequency during weekdays",
        "key_features": "dst_ip_freq: high",
        "cluster_novel": "no",
        "cluster_reason": "Low density",
        "alt_hypothesis": "Possible malware activity",
        "attack_ref": "Malware"
      }
    },
    "R2": {
      "A": {
        "self_conf_before": 0.2,
        "peer_scores": 0.2,
        "critique": "I agree with the tri-view label because the cluster ID is 74, which is a known anomaly cluster. The cluster size is 144, which is larger than the average cluster size of 3.551, and the density is 3.551, which is higher than the average density of 3.551. The cluster is also located in a high-traffic area, which increases the likelihood of anomalies. The cluster is also located on a Friday, which is a busy day for network traffic, and may increase the chances of anomalies. Therefore, I agree with the tri-view label.",
        "revise_label": {
          "changed": true,
          "new_label": 1,
          "reason": "High packet frequency during weekdays"
        },
        "self_conf_after": 0.2,
        "clarifying_question": "What is the significance of the cluster ID 74, which is a known anomaly cluster, and how does it contribute to the tri-view label?"
      },
      "B": {
        "revise_label": {
          "changed": false,
          "new_label": null,
          "reason": ""
        }
      },
      "C": {
        "self_conf_before": 0.2,
        "peer_scores": 0.2,
        "critique": "My rationale agrees with the peers' label, but I have a higher confidence score due to the additional details provided by the cluster ID and time of day.",
        "changed": false,
        "new_label": 1,
        "reason": "I have more information about the cluster and the time of day, which allows me to refine my label to 1.",
        "self_conf_after": 0.8,
        "clarifying_question": "Is there any evidence besides the cluster ID and time of day to support the label of 1?"
      }
    },
    "R3": {
      "A": {},
      "B": {},
      "C": {
        "label": 1,
        "self_conf": 0.8,
        "rationale": "High packet frequency during weekdays",
        "key_features": "dst_ip_freq: high",
        "cluster_novel": "no",
        "cluster_reason": "Low density",
        "alt_hypothesis": "Possible malware activity",
        "attack_ref": "Malware"
      }
    },
    "judge": {
      "final_label": 1,
      "confidence": 0.8,
      "winning_agent": "C",
      "reason": "Agent C's label and confidence have been consistently high throughout the debate rounds, and they provide a clear rationale based on the high packet frequency during weekdays. While Agents A and B also agree with the label, Agent C's higher confidence and clearer rationale give them an edge in this debate."
    }
  }
}